ISO-10303-21;
HEADER;
FILE_DESCRIPTION (( 'STEP AP214' ),
    '1' );
FILE_NAME ('01 - FSB - 1001 - ESP Cover.STEP',
    '2026-09-14T20:17:40',
    ( '' ),
    ( '' ),
    'SwSTEP 2.0',
    'SolidWorks 2025',
    '' );
FILE_SCHEMA (( 'AUTOMOTIVE_DESIGN' ));
ENDSEC;

DATA;
#1 = LINE ( 'NONE', #1236, #398 ) ;
#2 = ORIENTED_EDGE ( 'NONE', *, *, #2160, .F. ) ;
#3 = CONICAL_SURFACE ( 'NONE', #1867, 1.379999999999975024, 0.7853981633974385090 ) ;
#4 = CYLINDRICAL_SURFACE ( 'NONE', #483, 0.9000000000000005773 ) ;
#5 = DIRECTION ( 'NONE',  ( 1.000000000000000000, 0.000000000000000000, 0.000000000000000000 ) ) ;
#6 = CARTESIAN_POINT ( 'NONE',  ( 8.250000000000000000, -17.10000000000000142, 17.49999999999999645 ) ) ;
#7 = CARTESIAN_POINT ( 'NONE',  ( 9.150000000000003908, -17.10000000000000142, 16.69999999999999929 ) ) ;
#8 = ORIENTED_EDGE ( 'NONE', *, *, #69, .T. ) ;
#9 = CYLINDRICAL_SURFACE ( 'NONE', #316, 1.379999999999975024 ) ;
#10 = EDGE_CURVE ( 'NONE', #1803, #1333, #2085, .T. ) ;
#11 = CARTESIAN_POINT ( 'NONE',  ( -12.25000000000000000, -25.80000000000000782, 16.49999999999999645 ) ) ;
#12 = ORIENTED_EDGE ( 'NONE', *, *, #2573, .T. ) ;
#13 = ORIENTED_EDGE ( 'NONE', *, *, #1031, .F. ) ;
#14 = AXIS2_PLACEMENT_3D ( 'NONE', #2264, #2506, #2305 ) ;
#15 = EDGE_CURVE ( 'NONE', #1355, #2043, #211, .T. ) ;
#16 = VECTOR ( 'NONE', #2379, 1000.000000000000000 ) ;
#17 = EDGE_CURVE ( 'NONE', #154, #163, #942, .T. ) ;
#18 = DIRECTION ( 'NONE',  ( 1.000000000000000000, 0.000000000000000000, 0.000000000000000000 ) ) ;
#19 = CIRCLE ( 'NONE', #1504, 1.100000000000000311 ) ;
#20 = DIRECTION ( 'NONE',  ( -0.000000000000000000, -0.000000000000000000, 1.000000000000000000 ) ) ;
#21 = DIRECTION ( 'NONE',  ( 0.000000000000000000, 0.000000000000000000, 1.000000000000000000 ) ) ;
#22 = CARTESIAN_POINT ( 'NONE',  ( -8.250000000000000000, -16.19999999999999929, 16.49999999999999645 ) ) ;
#23 = LINE ( 'NONE', #2022, #283 ) ;
#24 = EDGE_CURVE ( 'NONE', #1558, #978, #2334, .T. ) ;
#25 = VERTEX_POINT ( 'NONE', #818 ) ;
#26 = CARTESIAN_POINT ( 'NONE',  ( -8.949999999999997513, -27.10000000000000497, 17.49999999999999645 ) ) ;
#27 = CARTESIAN_POINT ( 'NONE',  ( -10.05000000000000071, -23.10000000000000142, 17.49999999999999645 ) ) ;
#28 = ORIENTED_EDGE ( 'NONE', *, *, #2365, .T. ) ;
#29 = VERTEX_POINT ( 'NONE', #1632 ) ;
#30 = AXIS2_PLACEMENT_3D ( 'NONE', #1160, #959, #139 ) ;
#31 = PLANE ( 'NONE',  #110 ) ;
#32 = MANIFOLD_SOLID_BREP ( 'Chamfer1', #519 ) ;
#33 = ORIENTED_EDGE ( 'NONE', *, *, #527, .T. ) ;
#34 = AXIS2_PLACEMENT_3D ( 'NONE', #492, #828, #1307 ) ;
#35 = CARTESIAN_POINT ( 'NONE',  ( 3.189999999997001012, -25.57999999999989527, 17.29999999999999716 ) ) ;
#36 = CIRCLE ( 'NONE', #337, 0.6999999999999992895 ) ;
#37 = AXIS2_PLACEMENT_3D ( 'NONE', #1001, #2611, #795 ) ;
#38 = VECTOR ( 'NONE', #103, 1000.000000000000000 ) ;
#39 = LINE ( 'NONE', #237, #1398 ) ;
#40 = PLANE ( 'NONE',  #171 ) ;
#41 = ORIENTED_EDGE ( 'NONE', *, *, #1127, .T. ) ;
#42 = DIRECTION ( 'NONE',  ( -0.000000000000000000, -0.000000000000000000, -1.000000000000000000 ) ) ;
#43 = FACE_OUTER_BOUND ( 'NONE', #1440, .T. ) ;
#44 = ORIENTED_EDGE ( 'NONE', *, *, #1147, .T. ) ;
#45 = CARTESIAN_POINT ( 'NONE',  ( -12.25000000000000000, -23.10000000000000142, 17.49999999999999645 ) ) ;
#46 = EDGE_LOOP ( 'NONE', ( #1775, #1244, #1192, #2373 ) ) ;
#47 = CARTESIAN_POINT ( 'NONE',  ( 3.189999999997001012, -26.17999999999989313, 16.69999999999999574 ) ) ;
#48 = EDGE_CURVE ( 'NONE', #490, #1250, #570, .T. ) ;
#49 = EDGE_CURVE ( 'NONE', #1851, #1957, #391, .T. ) ;
#50 = STYLED_ITEM ( 'NONE', ( #1994 ), #32 ) ;
#51 = CARTESIAN_POINT ( 'NONE',  ( -9.150000000000002132, -27.10000000000000497, 16.69999999999999929 ) ) ;
#52 = DIRECTION ( 'NONE',  ( -1.000000000000000000, 0.000000000000000000, 0.000000000000000000 ) ) ;
#53 = ADVANCED_FACE ( 'NONE', ( #420 ), #2116, .F. ) ;
#54 = LINE ( 'NONE', #308, #2404 ) ;
#55 =( LENGTH_UNIT ( ) NAMED_UNIT ( * ) SI_UNIT ( .MILLI., .METRE. ) );
#56 = ORIENTED_EDGE ( 'NONE', *, *, #1287, .T. ) ;
#57 = AXIS2_PLACEMENT_3D ( 'NONE', #1047, #1088, #2521 ) ;
#58 = DIRECTION ( 'NONE',  ( 8.384496800554570568E-14, -1.000000000000000000, 0.000000000000000000 ) ) ;
#59 = EDGE_LOOP ( 'NONE', ( #1053, #1510, #1134, #1624 ) ) ;
#60 = ORIENTED_EDGE ( 'NONE', *, *, #1897, .F. ) ;
#61 = CONICAL_SURFACE ( 'NONE', #612, 2.900000000000003464, 0.7853981633974396193 ) ;
#62 = CARTESIAN_POINT ( 'NONE',  ( -8.250000000000001776, -30.00000000000000000, 16.49999999999999645 ) ) ;
#63 = DIRECTION ( 'NONE',  ( 6.133173666733533234E-15, 0.7071067811865474617, 0.7071067811865474617 ) ) ;
#64 = AXIS2_PLACEMENT_3D ( 'NONE', #2105, #1119, #696 ) ;
#65 = DIRECTION ( 'NONE',  ( 0.000000000000000000, -0.7071067811865536790, -0.7071067811865414665 ) ) ;
#66 = CARTESIAN_POINT ( 'NONE',  ( 3.189999999997001012, -25.57999999999989527, 17.49999999999999645 ) ) ;
#67 = PLANE ( 'NONE',  #106 ) ;
#68 = VERTEX_POINT ( 'NONE', #881 ) ;
#69 = EDGE_CURVE ( 'NONE', #2342, #1701, #97, .T. ) ;
#70 = CARTESIAN_POINT ( 'NONE',  ( -8.950000000000001066, -29.10000000000000142, 16.49999999999999645 ) ) ;
#71 = FACE_OUTER_BOUND ( 'NONE', #2106, .T. ) ;
#72 = EDGE_LOOP ( 'NONE', ( #8, #1799, #2356, #1974 ) ) ;
#73 = ORIENTED_EDGE ( 'NONE', *, *, #588, .F. ) ;
#74 = DIRECTION ( 'NONE',  ( 1.000000000000000000, 0.000000000000000000, 0.000000000000000000 ) ) ;
#75 = DIRECTION ( 'NONE',  ( 1.000000000000000000, 0.000000000000000000, 0.000000000000000000 ) ) ;
#76 = CONICAL_SURFACE ( 'NONE', #2233, 1.380000000000075611, 0.7853981633974407295 ) ;
#77 = DIRECTION ( 'NONE',  ( 0.000000000000000000, 0.000000000000000000, 1.000000000000000000 ) ) ;
#78 = CARTESIAN_POINT ( 'NONE',  ( -10.24999999999999822, -20.19999999999999929, 16.69999999999999929 ) ) ;
#79 = CIRCLE ( 'NONE', #2275, 1.100000000000000311 ) ;
#80 = CIRCLE ( 'NONE', #1186, 2.900000000000003464 ) ;
#81 = CARTESIAN_POINT ( 'NONE',  ( -12.25000000000000000, -23.10000000000000142, 17.49999999999999645 ) ) ;
#82 =( NAMED_UNIT ( * ) SI_UNIT ( $, .STERADIAN. ) SOLID_ANGLE_UNIT ( ) );
#83 = ORIENTED_EDGE ( 'NONE', *, *, #2083, .T. ) ;
#84 = LINE ( 'NONE', #1293, #167 ) ;
#85 = CARTESIAN_POINT ( 'NONE',  ( -8.250000000000001776, -29.10000000000000142, 16.69999999999999929 ) ) ;
#86 = ORIENTED_EDGE ( 'NONE', *, *, #2286, .T. ) ;
#87 = ORIENTED_EDGE ( 'NONE', *, *, #2399, .F. ) ;
#88 = DIRECTION ( 'NONE',  ( 1.000000000000000000, 0.000000000000000000, 0.000000000000000000 ) ) ;
#89 = CARTESIAN_POINT ( 'NONE',  ( 8.949999999999997513, -29.10000000000000142, 17.49999999999999645 ) ) ;
#90 = ORIENTED_EDGE ( 'NONE', *, *, #2248, .T. ) ;
#91 = ORIENTED_EDGE ( 'NONE', *, *, #1234, .F. ) ;
#92 = CARTESIAN_POINT ( 'NONE',  ( 10.25000000000000178, -26.00000000000000355, 16.69999999999999929 ) ) ;
#93 = ADVANCED_FACE ( 'NONE', ( #1240 ), #1773, .F. ) ;
#94 = DIRECTION ( 'NONE',  ( 0.000000000000000000, 0.000000000000000000, 1.000000000000000000 ) ) ;
#95 = CARTESIAN_POINT ( 'NONE',  ( 4.769999999997049933, -26.17999999999987892, 17.49999999999999645 ) ) ;
#96 = VERTEX_POINT ( 'NONE', #2104 ) ;
#97 = LINE ( 'NONE', #1105, #98 ) ;
#98 = VECTOR ( 'NONE', #724, 1000.000000000000000 ) ;
#99 = DIRECTION ( 'NONE',  ( 1.000000000000000000, 0.000000000000000000, -0.000000000000000000 ) ) ;
#100 = EDGE_CURVE ( 'NONE', #1262, #2395, #975, .T. ) ;
#101 = EDGE_LOOP ( 'NONE', ( #1453, #1347, #945, #1970 ) ) ;
#102 = CARTESIAN_POINT ( 'NONE',  ( -3.190000000002998437, -24.19999999999994245, 17.29999999999999716 ) ) ;
#103 = DIRECTION ( 'NONE',  ( 0.7071067811865536790, 0.000000000000000000, -0.7071067811865414665 ) ) ;
#104 = ORIENTED_EDGE ( 'NONE', *, *, #2224, .F. ) ;
#105 = EDGE_CURVE ( 'NONE', #303, #2612, #223, .T. ) ;
#106 = AXIS2_PLACEMENT_3D ( 'NONE', #1661, #1304, #446 ) ;
#107 = ORIENTED_EDGE ( 'NONE', *, *, #682, .F. ) ;
#108 = DIRECTION ( 'NONE',  ( -0.000000000000000000, -0.7071067811865536790, -0.7071067811865414665 ) ) ;
#109 = AXIS2_PLACEMENT_3D ( 'NONE', #85, #1699, #882 ) ;
#110 = AXIS2_PLACEMENT_3D ( 'NONE', #1860, #827, #597 ) ;
#111 = DIRECTION ( 'NONE',  ( -1.000000000000000000, 7.613206477641161091E-15, 0.000000000000000000 ) ) ;
#112 = EDGE_CURVE ( 'NONE', #1535, #159, #84, .T. ) ;
#113 = VERTEX_POINT ( 'NONE', #1726 ) ;
#114 = LINE ( 'NONE', #1442, #1569 ) ;
#115 = LINE ( 'NONE', #2390, #2302 ) ;
#116 = ORIENTED_EDGE ( 'NONE', *, *, #496, .F. ) ;
#117 = ADVANCED_FACE ( 'NONE', ( #2306 ), #2582, .T. ) ;
#118 = DIRECTION ( 'NONE',  ( -1.000000000000000000, 0.000000000000000000, 0.000000000000000000 ) ) ;
#119 = LINE ( 'NONE', #900, #38 ) ;
#120 = ORIENTED_EDGE ( 'NONE', *, *, #560, .T. ) ;
#121 = ORIENTED_EDGE ( 'NONE', *, *, #2084, .F. ) ;
#122 = DIRECTION ( 'NONE',  ( -1.000000000000000000, 0.000000000000000000, 0.000000000000000000 ) ) ;
#123 = CIRCLE ( 'NONE', #757, 1.199999999999999734 ) ;
#124 = CARTESIAN_POINT ( 'NONE',  ( 4.769999999997049933, -26.17999999999989313, 17.49999999999999645 ) ) ;
#125 = EDGE_CURVE ( 'NONE', #1858, #2063, #310, .T. ) ;
#126 = VECTOR ( 'NONE', #937, 1000.000000000000000 ) ;
#127 = EDGE_LOOP ( 'NONE', ( #1889, #821, #1845, #1473, #178, #433, #1375, #1874, #1861, #698, #1350, #2542, #1695, #1402, #605, #730, #857, #2218, #1752, #538, #1873 ) ) ;
#128 = CIRCLE ( 'NONE', #2539, 1.580000000000074456 ) ;
#129 = DIRECTION ( 'NONE',  ( -1.000000000000000000, 0.000000000000000000, 0.000000000000000000 ) ) ;
#130 = FACE_OUTER_BOUND ( 'NONE', #501, .T. ) ;
#131 = ORIENTED_EDGE ( 'NONE', *, *, #424, .T. ) ;
#132 = LINE ( 'NONE', #1539, #172 ) ;
#133 = CYLINDRICAL_SURFACE ( 'NONE', #2055, 1.100000000000000311 ) ;
#134 = EDGE_LOOP ( 'NONE', ( #484, #812, #1066, #2377, #33 ) ) ;
#135 = ORIENTED_EDGE ( 'NONE', *, *, #187, .F. ) ;
#136 = ADVANCED_FACE ( 'NONE', ( #1929 ), #893, .F. ) ;
#137 = LINE ( 'NONE', #1143, #1905 ) ;
#138 = EDGE_CURVE ( 'NONE', #1027, #1218, #114, .T. ) ;
#139 = DIRECTION ( 'NONE',  ( 1.000000000000000000, 0.000000000000000000, 0.000000000000000000 ) ) ;
#140 = ADVANCED_FACE ( 'NONE', ( #297 ), #1227, .T. ) ;
#141 = VERTEX_POINT ( 'NONE', #2243 ) ;
#142 = CARTESIAN_POINT ( 'NONE',  ( 8.949999999999999289, -17.10000000000000142, 17.49999999999999645 ) ) ;
#143 = CARTESIAN_POINT ( 'NONE',  ( -12.25000000000000000, -23.10000000000000142, 16.50000000000000000 ) ) ;
#144 = EDGE_LOOP ( 'NONE', ( #2019, #378 ) ) ;
#145 = FACE_OUTER_BOUND ( 'NONE', #2323, .T. ) ;
#146 = CARTESIAN_POINT ( 'NONE',  ( 8.949999999999999289, -27.10000000000000142, 17.49999999999999645 ) ) ;
#147 = ORIENTED_EDGE ( 'NONE', *, *, #215, .F. ) ;
#148 = ORIENTED_EDGE ( 'NONE', *, *, #1239, .T. ) ;
#149 = LINE ( 'NONE', #928, #897 ) ;
#150 = VECTOR ( 'NONE', #965, 1000.000000000000000 ) ;
#151 = VECTOR ( 'NONE', #738, 999.9999999999998863 ) ;
#152 = PLANE ( 'NONE',  #1642 ) ;
#153 = VERTEX_POINT ( 'NONE', #2443 ) ;
#154 = VERTEX_POINT ( 'NONE', #630 ) ;
#155 = AXIS2_PLACEMENT_3D ( 'NONE', #2598, #582, #2195 ) ;
#156 = DIRECTION ( 'NONE',  ( -1.000000000000000000, 0.000000000000000000, 0.000000000000000000 ) ) ;
#157 = EDGE_CURVE ( 'NONE', #1044, #1218, #2444, .T. ) ;
#158 = LINE ( 'NONE', #1590, #2017 ) ;
#159 = VERTEX_POINT ( 'NONE', #1078 ) ;
#160 = DIRECTION ( 'NONE',  ( 1.000000000000000000, 0.000000000000000000, 0.000000000000000000 ) ) ;
#161 = CARTESIAN_POINT ( 'NONE',  ( -12.25000000000000000, -20.39999999999999858, 16.49999999999999645 ) ) ;
#162 = VERTEX_POINT ( 'NONE', #1887 ) ;
#163 = VERTEX_POINT ( 'NONE', #70 ) ;
#164 = DIRECTION ( 'NONE',  ( 0.000000000000000000, 0.000000000000000000, 1.000000000000000000 ) ) ;
#165 = CARTESIAN_POINT ( 'NONE',  ( 8.250000000000001776, -29.10000000000000142, 16.49999999999999645 ) ) ;
#166 = CIRCLE ( 'NONE', #2193, 1.100000000000000311 ) ;
#167 = VECTOR ( 'NONE', #1503, 1000.000000000000114 ) ;
#168 = CARTESIAN_POINT ( 'NONE',  ( -10.25000000000000178, -23.99999999999994316, 16.49999999999999645 ) ) ;
#169 = FACE_OUTER_BOUND ( 'NONE', #1436, .T. ) ;
#170 = VERTEX_POINT ( 'NONE', #2495 ) ;
#171 = AXIS2_PLACEMENT_3D ( 'NONE', #1514, #432, #2474 ) ;
#172 = VECTOR ( 'NONE', #1312, 1000.000000000000000 ) ;
#173 = FACE_OUTER_BOUND ( 'NONE', #464, .T. ) ;
#174 = CARTESIAN_POINT ( 'NONE',  ( 8.950000000000001066, -29.10000000000000142, 16.49999999999999645 ) ) ;
#175 = FACE_OUTER_BOUND ( 'NONE', #809, .T. ) ;
#176 = EDGE_CURVE ( 'NONE', #1162, #710, #681, .T. ) ;
#177 = ORIENTED_EDGE ( 'NONE', *, *, #1194, .T. ) ;
#178 = ORIENTED_EDGE ( 'NONE', *, *, #1464, .T. ) ;
#179 = CARTESIAN_POINT ( 'NONE',  ( 10.25000000000000178, -27.10000000000000142, 16.49999999999999645 ) ) ;
#180 = CIRCLE ( 'NONE', #2551, 1.379999999999975024 ) ;
#181 = DIRECTION ( 'NONE',  ( 1.000000000000000000, 0.000000000000000000, -0.000000000000000000 ) ) ;
#182 = ORIENTED_EDGE ( 'NONE', *, *, #1711, .T. ) ;
#183 = EDGE_CURVE ( 'NONE', #326, #1803, #524, .T. ) ;
#184 = CYLINDRICAL_SURFACE ( 'NONE', #1951, 2.900000000000003464 ) ;
#185 = SURFACE_SIDE_STYLE ('',( #2005 ) ) ;
#186 = DIRECTION ( 'NONE',  ( 1.000000000000000000, 0.000000000000000000, 0.000000000000000000 ) ) ;
#187 = EDGE_CURVE ( 'NONE', #543, #2450, #1755, .T. ) ;
#188 = DIRECTION ( 'NONE',  ( 1.000000000000000000, 0.000000000000000000, 0.000000000000000000 ) ) ;
#189 = VERTEX_POINT ( 'NONE', #2603 ) ;
#190 = VECTOR ( 'NONE', #2570, 1000.000000000000000 ) ;
#191 = ORIENTED_EDGE ( 'NONE', *, *, #1234, .T. ) ;
#192 = CARTESIAN_POINT ( 'NONE',  ( 3.189999999997001012, -24.19999999999994245, 17.29999999999999716 ) ) ;
#193 = CARTESIAN_POINT ( 'NONE',  ( -9.150000000000000355, -19.09999999999999787, 17.30000000000000071 ) ) ;
#194 = CIRCLE ( 'NONE', #64, 2.900000000000003464 ) ;
#195 = ORIENTED_EDGE ( 'NONE', *, *, #2399, .T. ) ;
#196 = CARTESIAN_POINT ( 'NONE',  ( -10.24999999999999822, -20.19999999999999929, 17.30000000000000071 ) ) ;
#197 = EDGE_CURVE ( 'NONE', #2309, #346, #1971, .T. ) ;
#198 = DIRECTION ( 'NONE',  ( 1.000000000000000000, 0.000000000000000000, 0.000000000000000000 ) ) ;
#199 = CARTESIAN_POINT ( 'NONE',  ( -3.190000000002998437, -26.17999999999989313, 17.29999999999999716 ) ) ;
#200 = DIRECTION ( 'NONE',  ( 0.000000000000000000, 1.000000000000000000, -0.000000000000000000 ) ) ;
#201 = EDGE_LOOP ( 'NONE', ( #953, #413, #1357, #798 ) ) ;
#202 = ADVANCED_FACE ( 'NONE', ( #934 ), #76, .F. ) ;
#203 = ADVANCED_FACE ( 'NONE', ( #579 ), #1550, .F. ) ;
#204 = CARTESIAN_POINT ( 'NONE',  ( 12.25000000000000000, -23.09999999999999787, 17.49999999999999645 ) ) ;
#205 = DIRECTION ( 'NONE',  ( 0.7071067811865505703, 0.000000000000000000, 0.7071067811865444641 ) ) ;
#206 = VERTEX_POINT ( 'NONE', #324 ) ;
#207 = DIRECTION ( 'NONE',  ( 0.000000000000000000, 0.000000000000000000, 1.000000000000000000 ) ) ;
#208 = VERTEX_POINT ( 'NONE', #1562 ) ;
#209 = CIRCLE ( 'NONE', #629, 1.299999999999999156 ) ;
#210 = VECTOR ( 'NONE', #1057, 1000.000000000000000 ) ;
#211 = LINE ( 'NONE', #2185, #1064 ) ;
#212 = DIRECTION ( 'NONE',  ( 0.000000000000000000, -1.000000000000000000, 0.000000000000000000 ) ) ;
#213 = ADVANCED_FACE ( 'NONE', ( #550 ), #1793, .T. ) ;
#214 = CARTESIAN_POINT ( 'NONE',  ( 10.25000000000000355, -20.19999999999999574, 17.30000000000000071 ) ) ;
#215 = EDGE_CURVE ( 'NONE', #2226, #901, #1365, .T. ) ;
#216 = ORIENTED_EDGE ( 'NONE', *, *, #1798, .T. ) ;
#217 = EDGE_CURVE ( 'NONE', #170, #346, #1132, .T. ) ;
#218 = CARTESIAN_POINT ( 'NONE',  ( 10.25000000000000178, -26.00000000000000355, 17.30000000000000071 ) ) ;
#219 = FACE_BOUND ( 'NONE', #1552, .T. ) ;
#220 = ORIENTED_EDGE ( 'NONE', *, *, #511, .F. ) ;
#221 = AXIS2_PLACEMENT_3D ( 'NONE', #1750, #164, #2590 ) ;
#222 = DIRECTION ( 'NONE',  ( 1.000000000000000000, 0.000000000000000000, 0.000000000000000000 ) ) ;
#223 = LINE ( 'NONE', #2524, #287 ) ;
#224 = CARTESIAN_POINT ( 'NONE',  ( 12.25000000000000355, -25.80000000000000426, 16.49999999999999645 ) ) ;
#225 = DIRECTION ( 'NONE',  ( -0.000000000000000000, -0.000000000000000000, -1.000000000000000000 ) ) ;
#226 = EDGE_LOOP ( 'NONE', ( #1491, #1766, #135, #1963 ) ) ;
#227 = CARTESIAN_POINT ( 'NONE',  ( 8.949999999999997513, -29.10000000000000142, 17.49999999999999645 ) ) ;
#228 = LINE ( 'NONE', #1035, #862 ) ;
#229 = EDGE_LOOP ( 'NONE', ( #2046, #2407, #147, #1922 ) ) ;
#230 = ORIENTED_EDGE ( 'NONE', *, *, #243, .T. ) ;
#231 = VECTOR ( 'NONE', #276, 1000.000000000000000 ) ;
#232 = CIRCLE ( 'NONE', #785, 1.100000000000000311 ) ;
#233 = LINE ( 'NONE', #2439, #1249 ) ;
#234 = CONICAL_SURFACE ( 'NONE', #2430, 1.580000000000077787, 0.7853981633974580490 ) ;
#235 = DIRECTION ( 'NONE',  ( 1.000000000000000000, 0.000000000000000000, 0.000000000000000000 ) ) ;
#236 = CARTESIAN_POINT ( 'NONE',  ( -8.250000000000000000, -17.10000000000000142, 16.69999999999999929 ) ) ;
#237 = CARTESIAN_POINT ( 'NONE',  ( 15.15000000000000391, -23.09999999999999787, 16.49999999999999645 ) ) ;
#238 = DIRECTION ( 'NONE',  ( 0.000000000000000000, -0.7071067811865536790, -0.7071067811865414665 ) ) ;
#239 = VERTEX_POINT ( 'NONE', #2552 ) ;
#240 = DIRECTION ( 'NONE',  ( -8.384496800554570568E-14, 1.000000000000000000, 0.000000000000000000 ) ) ;
#241 = LINE ( 'NONE', #1104, #2013 ) ;
#242 = ORIENTED_EDGE ( 'NONE', *, *, #651, .F. ) ;
#243 = EDGE_CURVE ( 'NONE', #1701, #616, #1533, .T. ) ;
#244 = AXIS2_PLACEMENT_3D ( 'NONE', #323, #2564, #2550 ) ;
#245 = EDGE_CURVE ( 'NONE', #1803, #1328, #340, .T. ) ;
#246 = CARTESIAN_POINT ( 'NONE',  ( 8.250000000000000000, -17.10000000000000142, 16.49999999999999645 ) ) ;
#247 = ORIENTED_EDGE ( 'NONE', *, *, #2256, .T. ) ;
#248 = ADVANCED_FACE ( 'NONE', ( #1335 ), #762, .T. ) ;
#249 = DIRECTION ( 'NONE',  ( 0.7071067811865536790, 6.133173666733480539E-14, -0.7071067811865414665 ) ) ;
#250 = AXIS2_PLACEMENT_3D ( 'NONE', #356, #497, #712 ) ;
#251 = DIRECTION ( 'NONE',  ( -1.000000000000000000, 7.613206477641161091E-15, 0.000000000000000000 ) ) ;
#252 = CARTESIAN_POINT ( 'NONE',  ( -12.25000000000000000, -26.00000000000000711, 17.30000000000000071 ) ) ;
#253 = CARTESIAN_POINT ( 'NONE',  ( 12.25000000000000000, -23.09999999999999787, 16.69999999999999929 ) ) ;
#254 = ORIENTED_EDGE ( 'NONE', *, *, #488, .F. ) ;
#255 = ORIENTED_EDGE ( 'NONE', *, *, #2262, .F. ) ;
#256 = FACE_OUTER_BOUND ( 'NONE', #2327, .T. ) ;
#257 = EDGE_LOOP ( 'NONE', ( #556, #987, #2267, #1290 ) ) ;
#258 = VERTEX_POINT ( 'NONE', #2165 ) ;
#259 = DIRECTION ( 'NONE',  ( 1.000000000000000000, 0.000000000000000000, 0.000000000000000000 ) ) ;
#260 = CARTESIAN_POINT ( 'NONE',  ( 4.769999999996974438, -25.57999999999987750, 17.49999999999999645 ) ) ;
#261 = CIRCLE ( 'NONE', #558, 1.380000000000025651 ) ;
#262 = CARTESIAN_POINT ( 'NONE',  ( -3.190000000002998881, -27.55999999999994543, 16.69999999999999574 ) ) ;
#263 = DIRECTION ( 'NONE',  ( 1.000000000000000000, 0.000000000000000000, 0.000000000000000000 ) ) ;
#264 = EDGE_CURVE ( 'NONE', #1048, #1262, #353, .T. ) ;
#265 = DIRECTION ( 'NONE',  ( 1.000000000000000000, 0.000000000000000000, 0.000000000000000000 ) ) ;
#266 = DIRECTION ( 'NONE',  ( -8.673617379884043361E-16, -1.000000000000000000, 0.000000000000000000 ) ) ;
#267 = CARTESIAN_POINT ( 'NONE',  ( 12.25000000000000000, -23.09999999999999787, 17.49999999999999645 ) ) ;
#268 = ORIENTED_EDGE ( 'NONE', *, *, #1254, .F. ) ;
#269 = ORIENTED_EDGE ( 'NONE', *, *, #1229, .F. ) ;
#270 = VECTOR ( 'NONE', #1437, 1000.000000000000000 ) ;
#271 = CARTESIAN_POINT ( 'NONE',  ( 4.569999999997051532, -26.17999999999989313, 16.69999999999999574 ) ) ;
#272 = CARTESIAN_POINT ( 'NONE',  ( 8.250000000000000000, -16.40000000000000213, 17.49999999999999645 ) ) ;
#273 = VECTOR ( 'NONE', #298, 1000.000000000000000 ) ;
#274 = DIRECTION ( 'NONE',  ( 0.000000000000000000, 0.000000000000000000, 1.000000000000000000 ) ) ;
#275 = DIRECTION ( 'NONE',  ( 0.000000000000000000, 0.000000000000000000, 1.000000000000000000 ) ) ;
#276 = DIRECTION ( 'NONE',  ( 0.000000000000000000, -0.7071067811865414665, 0.7071067811865536790 ) ) ;
#277 = DIRECTION ( 'NONE',  ( 0.000000000000000000, 0.000000000000000000, 1.000000000000000000 ) ) ;
#278 = ORIENTED_EDGE ( 'NONE', *, *, #1356, .F. ) ;
#279 = CARTESIAN_POINT ( 'NONE',  ( -10.25000000000000178, -25.80000000000000426, 17.49999999999999645 ) ) ;
#280 = CARTESIAN_POINT ( 'NONE',  ( -10.24999999999999822, -20.19999999999999929, 16.49999999999999645 ) ) ;
#281 = EDGE_LOOP ( 'NONE', ( #637, #1741, #962, #895 ) ) ;
#282 = ORIENTED_EDGE ( 'NONE', *, *, #931, .F. ) ;
#283 = VECTOR ( 'NONE', #1424, 1000.000000000000000 ) ;
#284 = CARTESIAN_POINT ( 'NONE',  ( 12.25000000000000000, -20.39999999999999503, 16.49999999999999645 ) ) ;
#285 = CARTESIAN_POINT ( 'NONE',  ( -10.25000000000000178, -16.40000000000000213, 17.49999999999999645 ) ) ;
#286 = ORIENTED_EDGE ( 'NONE', *, *, #105, .T. ) ;
#287 = VECTOR ( 'NONE', #708, 1000.000000000000000 ) ;
#288 = FACE_OUTER_BOUND ( 'NONE', #1232, .T. ) ;
#289 = DIRECTION ( 'NONE',  ( -0.000000000000000000, -0.000000000000000000, 1.000000000000000000 ) ) ;
#290 = EDGE_CURVE ( 'NONE', #319, #1506, #1985, .T. ) ;
#291 = AXIS2_PLACEMENT_3D ( 'NONE', #236, #1689, #74 ) ;
#292 = ADVANCED_FACE ( 'NONE', ( #2351 ), #1149, .T. ) ;
#293 = EDGE_CURVE ( 'NONE', #2133, #978, #1958, .T. ) ;
#294 = DIRECTION ( 'NONE',  ( -0.000000000000000000, -0.7071067811865414665, -0.7071067811865536790 ) ) ;
#295 = CARTESIAN_POINT ( 'NONE',  ( 12.25000000000000000, -20.39999999999999503, 16.49999999999999645 ) ) ;
#296 = EDGE_CURVE ( 'NONE', #1379, #2341, #1767, .T. ) ;
#297 = FACE_OUTER_BOUND ( 'NONE', #365, .T. ) ;
#298 = DIRECTION ( 'NONE',  ( -0.7071067811865536790, 0.000000000000000000, -0.7071067811865414665 ) ) ;
#299 = ORIENTED_EDGE ( 'NONE', *, *, #2160, .T. ) ;
#300 = EDGE_LOOP ( 'NONE', ( #2546, #532, #2202, #1164 ) ) ;
#301 = DIRECTION ( 'NONE',  ( 1.000000000000000000, 0.000000000000000000, 0.000000000000000000 ) ) ;
#302 = CARTESIAN_POINT ( 'NONE',  ( -10.24999999999999822, -20.39999999999999858, 16.49999999999999645 ) ) ;
#303 = VERTEX_POINT ( 'NONE', #1781 ) ;
#304 = ADVANCED_FACE ( 'NONE', ( #1222 ), #1025, .T. ) ;
#305 = ORIENTED_EDGE ( 'NONE', *, *, #1266, .F. ) ;
#306 = AXIS2_PLACEMENT_3D ( 'NONE', #199, #21, #186 ) ;
#307 = LINE ( 'NONE', #759, #2032 ) ;
#308 = CARTESIAN_POINT ( 'NONE',  ( 9.150000000000000355, -29.10000000000000142, 17.30000000000000071 ) ) ;
#309 = EDGE_CURVE ( 'NONE', #1791, #2063, #834, .T. ) ;
#310 = LINE ( 'NONE', #2232, #500 ) ;
#311 = DIRECTION ( 'NONE',  ( 0.000000000000000000, 0.000000000000000000, 1.000000000000000000 ) ) ;
#312 = ORIENTED_EDGE ( 'NONE', *, *, #1407, .F. ) ;
#313 = LINE ( 'NONE', #1123, #2366 ) ;
#314 = LINE ( 'NONE', #2109, #2199 ) ;
#315 = ORIENTED_EDGE ( 'NONE', *, *, #197, .F. ) ;
#316 = AXIS2_PLACEMENT_3D ( 'NONE', #1235, #1830, #2216 ) ;
#317 = ADVANCED_FACE ( 'NONE', ( #2615 ), #61, .T. ) ;
#318 = ADVANCED_FACE ( 'NONE', ( #624 ), #823, .F. ) ;
#319 = VERTEX_POINT ( 'NONE', #1843 ) ;
#320 = DIRECTION ( 'NONE',  ( 1.000000000000000000, 0.000000000000000000, 0.000000000000000000 ) ) ;
#321 = VECTOR ( 'NONE', #463, 1000.000000000000000 ) ;
#322 = AXIS2_PLACEMENT_3D ( 'NONE', #1824, #2231, #617 ) ;
#323 = CARTESIAN_POINT ( 'NONE',  ( 12.25000000000000000, -23.09999999999999787, 17.30000000000000071 ) ) ;
#324 = CARTESIAN_POINT ( 'NONE',  ( 8.250000000000001776, -30.00000000000000000, 17.30000000000000071 ) ) ;
#325 = LINE ( 'NONE', #935, #151 ) ;
#326 = VERTEX_POINT ( 'NONE', #415 ) ;
#327 = ADVANCED_FACE ( 'NONE', ( #1425 ), #1649, .F. ) ;
#328 = EDGE_CURVE ( 'NONE', #2395, #239, #2035, .T. ) ;
#329 = DIRECTION ( 'NONE',  ( 0.000000000000000000, 0.000000000000000000, 1.000000000000000000 ) ) ;
#330 = CARTESIAN_POINT ( 'NONE',  ( -4.570000000002948148, -25.57999999999989527, 17.29999999999999716 ) ) ;
#331 = ORIENTED_EDGE ( 'NONE', *, *, #853, .F. ) ;
#332 = EDGE_CURVE ( 'NONE', #2348, #113, #2250, .T. ) ;
#333 = ORIENTED_EDGE ( 'NONE', *, *, #1502, .T. ) ;
#334 = CARTESIAN_POINT ( 'NONE',  ( -9.150000000000002132, -27.10000000000000497, 17.30000000000000071 ) ) ;
#335 = AXIS2_PLACEMENT_3D ( 'NONE', #1898, #42, #2263 ) ;
#336 = DIRECTION ( 'NONE',  ( 1.000000000000000000, 0.000000000000000000, 0.000000000000000000 ) ) ;
#337 = AXIS2_PLACEMENT_3D ( 'NONE', #727, #899, #2310 ) ;
#338 = CIRCLE ( 'NONE', #1730, 0.8999999999999989120 ) ;
#339 = VECTOR ( 'NONE', #65, 1000.000000000000000 ) ;
#340 = LINE ( 'NONE', #2139, #744 ) ;
#341 = DIRECTION ( 'NONE',  ( -1.000000000000000000, 0.000000000000000000, 0.000000000000000000 ) ) ;
#342 = VERTEX_POINT ( 'NONE', #1854 ) ;
#343 = CARTESIAN_POINT ( 'NONE',  ( -10.25000000000000178, -27.10000000000000497, 16.69999999999999929 ) ) ;
#344 = DIRECTION ( 'NONE',  ( -1.000000000000000000, 0.000000000000000000, 0.000000000000000000 ) ) ;
#345 = EDGE_LOOP ( 'NONE', ( #2141, #1278, #581, #565 ) ) ;
#346 = VERTEX_POINT ( 'NONE', #218 ) ;
#347 = LINE ( 'NONE', #746, #1685 ) ;
#348 = CIRCLE ( 'NONE', #2503, 2.700000000000004619 ) ;
#349 = ADVANCED_FACE ( 'NONE', ( #1404 ), #1602, .F. ) ;
#350 = CARTESIAN_POINT ( 'NONE',  ( -8.949999999999999289, -27.10000000000000497, 17.49999999999999645 ) ) ;
#351 = ORIENTED_EDGE ( 'NONE', *, *, #1818, .F. ) ;
#352 = ORIENTED_EDGE ( 'NONE', *, *, #2534, .F. ) ;
#353 = LINE ( 'NONE', #2190, #2470 ) ;
#354 = CARTESIAN_POINT ( 'NONE',  ( -12.25000000000000000, -25.80000000000000426, 17.49999999999999645 ) ) ;
#355 = ORIENTED_EDGE ( 'NONE', *, *, #328, .F. ) ;
#356 = CARTESIAN_POINT ( 'NONE',  ( -10.25000000000000711, -27.75999999999989498, 16.49999999999999645 ) ) ;
#357 = PLANE ( 'NONE',  #912 ) ;
#358 = VERTEX_POINT ( 'NONE', #1247 ) ;
#359 = DIRECTION ( 'NONE',  ( 0.7071067811865505703, 0.000000000000000000, 0.7071067811865444641 ) ) ;
#360 = VECTOR ( 'NONE', #824, 1000.000000000000000 ) ;
#361 = DIRECTION ( 'NONE',  ( 1.000000000000000000, 0.000000000000000000, 0.000000000000000000 ) ) ;
#362 = VECTOR ( 'NONE', #1809, 1000.000000000000000 ) ;
#363 = DIRECTION ( 'NONE',  ( -0.000000000000000000, -0.7071067811865536790, -0.7071067811865414665 ) ) ;
#364 = DIRECTION ( 'NONE',  ( 0.000000000000000000, -1.000000000000000000, 0.000000000000000000 ) ) ;
#365 = EDGE_LOOP ( 'NONE', ( #2498, #2122, #826, #2531 ) ) ;
#366 = DIRECTION ( 'NONE',  ( 0.000000000000000000, 0.000000000000000000, 1.000000000000000000 ) ) ;
#367 = LINE ( 'NONE', #2183, #1801 ) ;
#368 = FILL_AREA_STYLE_COLOUR ( '', #1868 ) ;
#369 = ADVANCED_FACE ( 'NONE', ( #425 ), #9, .F. ) ;
#370 = DIRECTION ( 'NONE',  ( 0.000000000000000000, 0.000000000000000000, 1.000000000000000000 ) ) ;
#371 = DIRECTION ( 'NONE',  ( 0.000000000000000000, -0.7071067811865414665, -0.7071067811865536790 ) ) ;
#372 = AXIS2_PLACEMENT_3D ( 'NONE', #1778, #1532, #336 ) ;
#373 = EDGE_CURVE ( 'NONE', #508, #25, #1972, .T. ) ;
#374 = ORIENTED_EDGE ( 'NONE', *, *, #2357, .T. ) ;
#375 = DIRECTION ( 'NONE',  ( 0.000000000000000000, 1.000000000000000000, -0.000000000000000000 ) ) ;
#376 = AXIS2_PLACEMENT_3D ( 'NONE', #885, #2051, #2270 ) ;
#377 = DIRECTION ( 'NONE',  ( 0.000000000000000000, 0.000000000000000000, 1.000000000000000000 ) ) ;
#378 = ORIENTED_EDGE ( 'NONE', *, *, #1231, .T. ) ;
#379 = AXIS2_PLACEMENT_3D ( 'NONE', #1412, #1913, #903 ) ;
#380 = VECTOR ( 'NONE', #728, 1000.000000000000000 ) ;
#381 = EDGE_CURVE ( 'NONE', #832, #303, #1636, .T. ) ;
#382 = CARTESIAN_POINT ( 'NONE',  ( 8.250000000000001776, -29.10000000000000142, 17.30000000000000071 ) ) ;
#383 = VERTEX_POINT ( 'NONE', #227 ) ;
#384 = DIRECTION ( 'NONE',  ( -0.7071067811865414665, -6.133173666733480539E-14, -0.7071067811865536790 ) ) ;
#385 = EDGE_CURVE ( 'NONE', #1506, #96, #2255, .T. ) ;
#386 = PLANE ( 'NONE',  #587 ) ;
#387 = DIRECTION ( 'NONE',  ( 0.7071067811865414665, 0.000000000000000000, -0.7071067811865536790 ) ) ;
#388 = CIRCLE ( 'NONE', #1233, 0.6999999999999992895 ) ;
#389 = CARTESIAN_POINT ( 'NONE',  ( 8.950000000000004619, -19.09999999999999432, 16.49999999999999645 ) ) ;
#390 = ORIENTED_EDGE ( 'NONE', *, *, #1246, .T. ) ;
#391 = CIRCLE ( 'NONE', #733, 1.299999999999999156 ) ;
#392 = EDGE_CURVE ( 'NONE', #2614, #1379, #1447, .T. ) ;
#393 = DIRECTION ( 'NONE',  ( -1.000000000000000000, 0.000000000000000000, 0.000000000000000000 ) ) ;
#394 = EDGE_LOOP ( 'NONE', ( #195, #400, #1521, #933 ) ) ;
#395 = CARTESIAN_POINT ( 'NONE',  ( 3.189999999997001012, -23.99999999999994671, 17.49999999999999645 ) ) ;
#396 = ADVANCED_FACE ( 'NONE', ( #1615, #2010, #1806, #1214 ), #1415, .F. ) ;
#397 = ADVANCED_FACE ( 'NONE', ( #489 ), #67, .F. ) ;
#398 = VECTOR ( 'NONE', #814, 1000.000000000000000 ) ;
#399 = DIRECTION ( 'NONE',  ( 0.000000000000000000, 0.000000000000000000, 1.000000000000000000 ) ) ;
#400 = ORIENTED_EDGE ( 'NONE', *, *, #2456, .F. ) ;
#401 = VECTOR ( 'NONE', #1190, 1000.000000000000000 ) ;
#402 = DIRECTION ( 'NONE',  ( 1.000000000000000000, 0.000000000000000000, 0.000000000000000000 ) ) ;
#403 = DIRECTION ( 'NONE',  ( 1.000000000000000000, 0.000000000000000000, 0.000000000000000000 ) ) ;
#404 = VECTOR ( 'NONE', #2045, 1000.000000000000000 ) ;
#405 = VERTEX_POINT ( 'NONE', #1670 ) ;
#406 = FACE_OUTER_BOUND ( 'NONE', #2371, .T. ) ;
#407 = ADVANCED_FACE ( 'NONE', ( #1472 ), #2049, .T. ) ;
#408 = EDGE_CURVE ( 'NONE', #1095, #342, #1515, .T. ) ;
#409 = ORIENTED_EDGE ( 'NONE', *, *, #290, .T. ) ;
#410 = DIRECTION ( 'NONE',  ( 0.000000000000000000, 1.000000000000000000, 0.000000000000000000 ) ) ;
#411 = ADVANCED_FACE ( 'NONE', ( #850 ), #1276, .T. ) ;
#412 = CARTESIAN_POINT ( 'NONE',  ( -3.190000000003000658, -27.75999999999991985, 17.49999999999999645 ) ) ;
#413 = ORIENTED_EDGE ( 'NONE', *, *, #443, .F. ) ;
#414 = AXIS2_PLACEMENT_3D ( 'NONE', #2161, #1174, #932 ) ;
#415 = CARTESIAN_POINT ( 'NONE',  ( -3.190000000003000658, -27.75999999999991985, 16.49999999999999645 ) ) ;
#416 = CARTESIAN_POINT ( 'NONE',  ( 9.150000000000002132, -27.10000000000000142, 16.69999999999999929 ) ) ;
#417 = ORIENTED_EDGE ( 'NONE', *, *, #680, .T. ) ;
#418 = CARTESIAN_POINT ( 'NONE',  ( 8.950000000000001066, -19.09999999999999432, 17.49999999999999645 ) ) ;
#419 = CONICAL_SURFACE ( 'NONE', #2070, 0.9000000000000014655, 0.7853981633974418397 ) ;
#420 = FACE_OUTER_BOUND ( 'NONE', #46, .T. ) ;
#421 = LINE ( 'NONE', #2419, #854 ) ;
#422 = FACE_OUTER_BOUND ( 'NONE', #2464, .T. ) ;
#423 = ORIENTED_EDGE ( 'NONE', *, *, #112, .F. ) ;
#424 = EDGE_CURVE ( 'NONE', #1535, #258, #2304, .T. ) ;
#425 = FACE_OUTER_BOUND ( 'NONE', #1108, .T. ) ;
#426 = DIRECTION ( 'NONE',  ( 1.000000000000000000, 0.000000000000000000, 0.000000000000000000 ) ) ;
#427 = CONICAL_SURFACE ( 'NONE', #1411, 0.6999999999999975131, 0.7853981633974548293 ) ;
#428 = CARTESIAN_POINT ( 'NONE',  ( 8.949999999999999289, -27.10000000000000497, 17.49999999999999645 ) ) ;
#429 = CARTESIAN_POINT ( 'NONE',  ( -3.190000000002998437, -25.57999999999989527, 17.49999999999999645 ) ) ;
#430 = PLANE ( 'NONE',  #1683 ) ;
#431 = DIRECTION ( 'NONE',  ( 0.7071067811865474617, 5.928734544509047890E-14, 0.7071067811865475727 ) ) ;
#432 = DIRECTION ( 'NONE',  ( -0.7071067811865536790, 0.000000000000000000, -0.7071067811865414665 ) ) ;
#433 = ORIENTED_EDGE ( 'NONE', *, *, #1511, .T. ) ;
#434 = DIRECTION ( 'NONE',  ( 0.000000000000000000, 0.7071067811865536790, -0.7071067811865414665 ) ) ;
#435 = DIRECTION ( 'NONE',  ( 8.673617379884043361E-16, 1.000000000000000000, 0.000000000000000000 ) ) ;
#436 = ORIENTED_EDGE ( 'NONE', *, *, #1459, .T. ) ;
#437 = AXIS2_PLACEMENT_3D ( 'NONE', #751, #375, #989 ) ;
#438 = VECTOR ( 'NONE', #364, 1000.000000000000000 ) ;
#439 = FACE_OUTER_BOUND ( 'NONE', #791, .T. ) ;
#440 = EDGE_LOOP ( 'NONE', ( #120, #2001, #2411, #2392 ) ) ;
#441 = AXIS2_PLACEMENT_3D ( 'NONE', #2062, #855, #99 ) ;
#442 = DIRECTION ( 'NONE',  ( 1.000000000000000000, 8.384496800554570568E-14, -0.000000000000000000 ) ) ;
#443 = EDGE_CURVE ( 'NONE', #2515, #494, #2114, .T. ) ;
#444 = PLANE ( 'NONE',  #806 ) ;
#445 = LINE ( 'NONE', #1258, #2490 ) ;
#446 = DIRECTION ( 'NONE',  ( 0.000000000000000000, -1.000000000000000000, 0.000000000000000000 ) ) ;
#447 = APPLICATION_PROTOCOL_DEFINITION ( 'draft international standard', 'automotive_design', 1998, #505 ) ;
#448 = VERTEX_POINT ( 'NONE', #1914 ) ;
#449 = ORIENTED_EDGE ( 'NONE', *, *, #2499, .F. ) ;
#450 = VECTOR ( 'NONE', #633, 1000.000000000000000 ) ;
#451 = DIRECTION ( 'NONE',  ( -1.000000000000000000, 0.000000000000000000, 0.000000000000000000 ) ) ;
#452 = EDGE_LOOP ( 'NONE', ( #352, #2157, #920, #530 ) ) ;
#453 = VERTEX_POINT ( 'NONE', #1288 ) ;
#454 = ADVANCED_FACE ( 'NONE', ( #1693 ), #648, .F. ) ;
#455 = DIRECTION ( 'NONE',  ( 0.000000000000000000, 0.000000000000000000, 1.000000000000000000 ) ) ;
#456 = CARTESIAN_POINT ( 'NONE',  ( 4.569999999997076401, -26.17999999999989313, 16.69999999999999574 ) ) ;
#457 = AXIS2_PLACEMENT_3D ( 'NONE', #2574, #754, #553 ) ;
#458 = VECTOR ( 'NONE', #275, 1000.000000000000000 ) ;
#459 = AXIS2_PLACEMENT_3D ( 'NONE', #1936, #1273, #2080 ) ;
#460 = PLANE ( 'NONE',  #1729 ) ;
#461 = DIRECTION ( 'NONE',  ( -1.000000000000000000, 0.000000000000000000, 0.000000000000000000 ) ) ;
#462 = CARTESIAN_POINT ( 'NONE',  ( -10.25000000000000178, -16.40000000000000213, 17.49999999999999645 ) ) ;
#463 = DIRECTION ( 'NONE',  ( 0.000000000000000000, 0.000000000000000000, 1.000000000000000000 ) ) ;
#464 = EDGE_LOOP ( 'NONE', ( #2576, #242, #2519, #590 ) ) ;
#465 = ORIENTED_EDGE ( 'NONE', *, *, #949, .F. ) ;
#466 = DIRECTION ( 'NONE',  ( -0.000000000000000000, -0.000000000000000000, -1.000000000000000000 ) ) ;
#467 = DIRECTION ( 'NONE',  ( -0.000000000000000000, -0.000000000000000000, -1.000000000000000000 ) ) ;
#468 = DIRECTION ( 'NONE',  ( 0.000000000000000000, 0.000000000000000000, 1.000000000000000000 ) ) ;
#469 = DIRECTION ( 'NONE',  ( 1.000000000000000000, -3.293778751854751496E-14, 0.000000000000000000 ) ) ;
#470 = EDGE_CURVE ( 'NONE', #2341, #1535, #2098, .T. ) ;
#471 = DIRECTION ( 'NONE',  ( 0.000000000000000000, 0.000000000000000000, 1.000000000000000000 ) ) ;
#472 = DIRECTION ( 'NONE',  ( 0.7071067811865475727, -6.133173666733502469E-16, -0.7071067811865475727 ) ) ;
#473 = DIRECTION ( 'NONE',  ( 0.000000000000000000, 0.000000000000000000, 1.000000000000000000 ) ) ;
#474 = VECTOR ( 'NONE', #1289, 1000.000000000000000 ) ;
#475 = CARTESIAN_POINT ( 'NONE',  ( -9.150000000000000355, -19.09999999999999787, 17.30000000000000071 ) ) ;
#476 = ORIENTED_EDGE ( 'NONE', *, *, #1231, .F. ) ;
#477 = ORIENTED_EDGE ( 'NONE', *, *, #48, .F. ) ;
#478 = AXIS2_PLACEMENT_3D ( 'NONE', #507, #1060, #2291 ) ;
#479 = AXIS2_PLACEMENT_3D ( 'NONE', #1743, #2541, #341 ) ;
#480 = DIRECTION ( 'NONE',  ( 1.000000000000000000, 0.000000000000000000, 0.000000000000000000 ) ) ;
#481 = CARTESIAN_POINT ( 'NONE',  ( 12.25000000000000178, -20.19999999999999574, 16.69999999999999929 ) ) ;
#482 = EDGE_CURVE ( 'NONE', #2342, #1325, #2602, .T. ) ;
#483 = AXIS2_PLACEMENT_3D ( 'NONE', #841, #207, #2241 ) ;
#484 = ORIENTED_EDGE ( 'NONE', *, *, #1934, .T. ) ;
#485 = EDGE_CURVE ( 'NONE', #2612, #1728, #652, .T. ) ;
#486 = DIRECTION ( 'NONE',  ( 0.000000000000000000, 1.000000000000000000, 0.000000000000000000 ) ) ;
#487 = FACE_OUTER_BOUND ( 'NONE', #226, .T. ) ;
#488 = EDGE_CURVE ( 'NONE', #2063, #1048, #2136, .T. ) ;
#489 = FACE_OUTER_BOUND ( 'NONE', #598, .T. ) ;
#490 = VERTEX_POINT ( 'NONE', #1680 ) ;
#491 = DIRECTION ( 'NONE',  ( 0.000000000000000000, 0.000000000000000000, 1.000000000000000000 ) ) ;
#492 = CARTESIAN_POINT ( 'NONE',  ( 3.189999999997001012, -26.17999999999989313, 16.49999999999999645 ) ) ;
#493 = DIRECTION ( 'NONE',  ( -0.000000000000000000, -0.000000000000000000, -1.000000000000000000 ) ) ;
#494 = VERTEX_POINT ( 'NONE', #863 ) ;
#495 = EDGE_LOOP ( 'NONE', ( #216, #1762, #1967, #753 ) ) ;
#496 = EDGE_CURVE ( 'NONE', #1541, #2412, #1320, .T. ) ;
#497 = DIRECTION ( 'NONE',  ( -5.383349926913346050E-15, -0.7071067811865384689, 0.7071067811865565655 ) ) ;
#498 = CARTESIAN_POINT ( 'NONE',  ( -3.190000000003000658, -27.75999999999991985, 16.49999999999999645 ) ) ;
#499 = EDGE_LOOP ( 'NONE', ( #1543, #1763, #2358, #739 ) ) ;
#500 = VECTOR ( 'NONE', #1117, 1000.000000000000000 ) ;
#501 = EDGE_LOOP ( 'NONE', ( #1196, #2514, #967, #1061 ) ) ;
#502 = CIRCLE ( 'NONE', #1903, 0.8999999999999980238 ) ;
#503 = CARTESIAN_POINT ( 'NONE',  ( 10.25000000000000355, -19.09999999999999432, 16.49999999999999645 ) ) ;
#504 = AXIS2_PLACEMENT_3D ( 'NONE', #66, #1708, #469 ) ;
#505 = APPLICATION_CONTEXT ( 'automotive_design' ) ;
#506 = VECTOR ( 'NONE', #2340, 1000.000000000000000 ) ;
#507 = CARTESIAN_POINT ( 'NONE',  ( -10.25000000000000178, -27.10000000000000497, 16.49999999999999645 ) ) ;
#508 = VERTEX_POINT ( 'NONE', #1087 ) ;
#509 = CARTESIAN_POINT ( 'NONE',  ( -10.24999999999999822, -19.09999999999999787, 16.49999999999999645 ) ) ;
#510 = DIRECTION ( 'NONE',  ( 0.000000000000000000, 0.000000000000000000, -1.000000000000000000 ) ) ;
#511 = EDGE_CURVE ( 'NONE', #162, #1671, #54, .T. ) ;
#512 = ORIENTED_EDGE ( 'NONE', *, *, #1522, .F. ) ;
#513 = DIRECTION ( 'NONE',  ( -0.000000000000000000, -0.000000000000000000, -1.000000000000000000 ) ) ;
#514 = DIRECTION ( 'NONE',  ( 0.7071067811865566766, 0.000000000000000000, -0.7071067811865383579 ) ) ;
#515 = ORIENTED_EDGE ( 'NONE', *, *, #1031, .T. ) ;
#516 = ORIENTED_EDGE ( 'NONE', *, *, #1430, .T. ) ;
#517 = CIRCLE ( 'NONE', #1786, 1.199999999999999734 ) ;
#518 = DIRECTION ( 'NONE',  ( -1.000000000000000000, 0.000000000000000000, 0.000000000000000000 ) ) ;
#519 = CLOSED_SHELL ( 'NONE', ( #2301, #2269, #1193, #1351, #140, #1955, #1933, #961, #248, #2476, #2007, #2069, #794, #2053, #292, #1012, #411, #1862, #859, #1323, #765, #646, #1255, #1090, #1703, #396, #2440, #1698, #369, #1403, #136, #318, #349, #2400, #2207, #607, #2145, #304, #781, #1263, #1571, #2194, #1136, #202, #642, #2350, #2208, #1159, #1209, #397, #2326, #583, #2095, #53, #2176, #984, #1886, #766, #93, #1756, #1878, #327, #2566, #1433, #454, #1598, #660, #1058, #800, #1115, #1546, #1630, #2016, #213, #407, #2174, #2613, #925, #203, #848, #917, #1043, #317, #117, #1820, #1629, #898, #1120, #1805, #1938, #1592, #2018, #1996 ) ) ;
#520 = DIRECTION ( 'NONE',  ( -0.7071067811865443531, 5.928734544509021384E-14, 0.7071067811865506814 ) ) ;
#521 = EDGE_CURVE ( 'NONE', #2614, #2437, #1943, .T. ) ;
#522 = ORIENTED_EDGE ( 'NONE', *, *, #816, .T. ) ;
#523 = EDGE_CURVE ( 'NONE', #589, #1901, #1895, .T. ) ;
#524 = LINE ( 'NONE', #947, #839 ) ;
#525 = CARTESIAN_POINT ( 'NONE',  ( 12.25000000000000000, -20.39999999999999858, 17.49999999999999645 ) ) ;
#526 = ORIENTED_EDGE ( 'NONE', *, *, #2262, .T. ) ;
#527 = EDGE_CURVE ( 'NONE', #936, #342, #921, .T. ) ;
#528 = CARTESIAN_POINT ( 'NONE',  ( -10.24999999999999822, -19.09999999999999787, 17.49999999999999645 ) ) ;
#529 = DIRECTION ( 'NONE',  ( -1.000000000000000000, 0.000000000000000000, 0.000000000000000000 ) ) ;
#530 = ORIENTED_EDGE ( 'NONE', *, *, #1461, .F. ) ;
#531 = VECTOR ( 'NONE', #434, 1000.000000000000000 ) ;
#532 = ORIENTED_EDGE ( 'NONE', *, *, #1319, .F. ) ;
#533 = CARTESIAN_POINT ( 'NONE',  ( 3.189999999996999236, -27.75999999999996959, 17.49999999999999645 ) ) ;
#534 = CARTESIAN_POINT ( 'NONE',  ( -14.45000000000000107, -23.10000000000000142, 17.49999999999999645 ) ) ;
#535 = ORIENTED_EDGE ( 'NONE', *, *, #2100, .F. ) ;
#536 = CARTESIAN_POINT ( 'NONE',  ( 9.150000000000003908, -19.09999999999999432, 16.49999999999999645 ) ) ;
#537 = FACE_OUTER_BOUND ( 'NONE', #750, .T. ) ;
#538 = ORIENTED_EDGE ( 'NONE', *, *, #2242, .T. ) ;
#539 = DIRECTION ( 'NONE',  ( 1.000000000000000000, 0.000000000000000000, 0.000000000000000000 ) ) ;
#540 = CARTESIAN_POINT ( 'NONE',  ( 9.150000000000003908, -17.10000000000000142, 16.49999999999999645 ) ) ;
#541 = VERTEX_POINT ( 'NONE', #706 ) ;
#542 = EDGE_CURVE ( 'NONE', #490, #2484, #2533, .T. ) ;
#543 = VERTEX_POINT ( 'NONE', #1131 ) ;
#544 = CARTESIAN_POINT ( 'NONE',  ( -10.25000000000000178, -23.99999999999994316, 16.49999999999999645 ) ) ;
#545 = FACE_OUTER_BOUND ( 'NONE', #914, .T. ) ;
#546 = ORIENTED_EDGE ( 'NONE', *, *, #844, .T. ) ;
#547 = AXIS2_PLACEMENT_3D ( 'NONE', #1040, #455, #1454 ) ;
#548 = ORIENTED_EDGE ( 'NONE', *, *, #1979, .T. ) ;
#549 = VECTOR ( 'NONE', #461, 1000.000000000000000 ) ;
#550 = FACE_OUTER_BOUND ( 'NONE', #940, .T. ) ;
#551 = CARTESIAN_POINT ( 'NONE',  ( 12.25000000000000000, -23.09999999999999787, 16.69999999999999929 ) ) ;
#552 = EDGE_LOOP ( 'NONE', ( #1628, #774, #1713, #1783 ) ) ;
#553 = DIRECTION ( 'NONE',  ( 1.000000000000000000, 0.000000000000000000, 0.000000000000000000 ) ) ;
#554 = PLANE ( 'NONE',  #2492 ) ;
#555 = VERTEX_POINT ( 'NONE', #124 ) ;
#556 = ORIENTED_EDGE ( 'NONE', *, *, #880, .T. ) ;
#557 = CARTESIAN_POINT ( 'NONE',  ( -12.25000000000000000, -23.10000000000000142, 17.49999999999999645 ) ) ;
#558 = AXIS2_PLACEMENT_3D ( 'NONE', #585, #2384, #1633 ) ;
#559 = UNCERTAINTY_MEASURE_WITH_UNIT (LENGTH_MEASURE( 1.000000000000000082E-05 ), #55, 'distance_accuracy_value', 'NONE');
#560 = EDGE_CURVE ( 'NONE', #1957, #715, #1576, .T. ) ;
#561 = DIRECTION ( 'NONE',  ( 1.000000000000000000, 0.000000000000000000, 0.000000000000000000 ) ) ;
#562 = ORIENTED_EDGE ( 'NONE', *, *, #1038, .T. ) ;
#563 = DIRECTION ( 'NONE',  ( -0.000000000000000000, -0.000000000000000000, -1.000000000000000000 ) ) ;
#564 = CARTESIAN_POINT ( 'NONE',  ( 10.25000000000000178, -27.10000000000000142, 17.30000000000000071 ) ) ;
#565 = ORIENTED_EDGE ( 'NONE', *, *, #1531, .T. ) ;
#566 = EDGE_CURVE ( 'NONE', #1791, #159, #2347, .T. ) ;
#567 = CARTESIAN_POINT ( 'NONE',  ( -12.25000000000000000, -20.19999999999999929, 16.49999999999999645 ) ) ;
#568 = CARTESIAN_POINT ( 'NONE',  ( -9.150000000000000355, -17.10000000000000142, 16.69999999999999929 ) ) ;
#569 = VECTOR ( 'NONE', #1076, 1000.000000000000000 ) ;
#570 = LINE ( 'NONE', #2321, #1538 ) ;
#571 = DIRECTION ( 'NONE',  ( -1.000000000000000000, 0.000000000000000000, 0.000000000000000000 ) ) ;
#572 = EDGE_CURVE ( 'NONE', #2484, #1541, #1091, .T. ) ;
#573 = CONICAL_SURFACE ( 'NONE', #1759, 2.900000000000003464, 0.7853981633974396193 ) ;
#574 = CARTESIAN_POINT ( 'NONE',  ( 15.15000000000000391, -23.09999999999999787, 17.30000000000000071 ) ) ;
#575 = ORIENTED_EDGE ( 'NONE', *, *, #157, .F. ) ;
#576 = VECTOR ( 'NONE', #2015, 1000.000000000000000 ) ;
#577 = EDGE_CURVE ( 'NONE', #1541, #2599, #760, .T. ) ;
#578 = VERTEX_POINT ( 'NONE', #574 ) ;
#579 = FACE_OUTER_BOUND ( 'NONE', #726, .T. ) ;
#580 = CARTESIAN_POINT ( 'NONE',  ( 12.25000000000000355, -26.00000000000000355, 16.49999999999999645 ) ) ;
#581 = ORIENTED_EDGE ( 'NONE', *, *, #2549, .F. ) ;
#582 = DIRECTION ( 'NONE',  ( 0.000000000000000000, -1.000000000000000000, 0.000000000000000000 ) ) ;
#583 = ADVANCED_FACE ( 'NONE', ( #1388 ), #1565, .F. ) ;
#584 = SURFACE_STYLE_USAGE ( .BOTH. , #185 ) ;
#585 = CARTESIAN_POINT ( 'NONE',  ( -3.190000000002998437, -26.17999999999989313, 16.69999999999999574 ) ) ;
#586 = CARTESIAN_POINT ( 'NONE',  ( -8.950000000000001066, -17.10000000000000142, 16.49999999999999645 ) ) ;
#587 = AXIS2_PLACEMENT_3D ( 'NONE', #2225, #2031, #1199 ) ;
#588 = EDGE_CURVE ( 'NONE', #1901, #589, #1810, .T. ) ;
#589 = VERTEX_POINT ( 'NONE', #534 ) ;
#590 = ORIENTED_EDGE ( 'NONE', *, *, #2061, .F. ) ;
#591 = CARTESIAN_POINT ( 'NONE',  ( -3.190000000002998881, -27.55999999999994543, 16.49999999999999645 ) ) ;
#592 = VECTOR ( 'NONE', #951, 1000.000000000000000 ) ;
#593 = DIRECTION ( 'NONE',  ( 0.000000000000000000, 1.000000000000000000, 0.000000000000000000 ) ) ;
#594 = ORIENTED_EDGE ( 'NONE', *, *, #1740, .T. ) ;
#595 = CONICAL_SURFACE ( 'NONE', #1360, 1.299999999999999156, 0.7853981633974396193 ) ;
#596 = AXIS2_PLACEMENT_3D ( 'NONE', #2132, #1876, #75 ) ;
#597 = DIRECTION ( 'NONE',  ( 0.000000000000000000, 0.000000000000000000, 1.000000000000000000 ) ) ;
#598 = EDGE_LOOP ( 'NONE', ( #808, #626, #743, #2565 ) ) ;
#599 = CARTESIAN_POINT ( 'NONE',  ( -12.25000000000000000, -23.10000000000000142, 17.49999999999999645 ) ) ;
#600 = FACE_OUTER_BOUND ( 'NONE', #72, .T. ) ;
#601 = ORIENTED_EDGE ( 'NONE', *, *, #264, .T. ) ;
#602 = DIRECTION ( 'NONE',  ( 1.000000000000000000, 0.000000000000000000, 0.000000000000000000 ) ) ;
#603 = EDGE_CURVE ( 'NONE', #1890, #2343, #1181, .T. ) ;
#604 = FACE_BOUND ( 'NONE', #1780, .T. ) ;
#605 = ORIENTED_EDGE ( 'NONE', *, *, #2554, .T. ) ;
#606 = EDGE_CURVE ( 'NONE', #319, #1842, #123, .T. ) ;
#607 = ADVANCED_FACE ( 'NONE', ( #1981 ), #2066, .F. ) ;
#608 = DIRECTION ( 'NONE',  ( 0.000000000000000000, -0.7071067811865414665, -0.7071067811865536790 ) ) ;
#609 = ORIENTED_EDGE ( 'NONE', *, *, #876, .T. ) ;
#610 = CARTESIAN_POINT ( 'NONE',  ( 10.25000000000000355, -20.39999999999999858, 17.49999999999999645 ) ) ;
#611 = DIRECTION ( 'NONE',  ( -0.000000000000000000, -0.000000000000000000, -1.000000000000000000 ) ) ;
#612 = AXIS2_PLACEMENT_3D ( 'NONE', #1625, #2423, #602 ) ;
#613 = DIRECTION ( 'NONE',  ( 1.000000000000000000, -7.613206477641161091E-15, 0.000000000000000000 ) ) ;
#614 = CARTESIAN_POINT ( 'NONE',  ( -10.25000000000000178, -27.10000000000000497, 17.49999999999999645 ) ) ;
#615 = CIRCLE ( 'NONE', #2567, 2.200000000000000622 ) ;
#616 = VERTEX_POINT ( 'NONE', #1560 ) ;
#617 = DIRECTION ( 'NONE',  ( 1.000000000000000000, 0.000000000000000000, 0.000000000000000000 ) ) ;
#618 = ORIENTED_EDGE ( 'NONE', *, *, #2499, .T. ) ;
#619 = DIRECTION ( 'NONE',  ( 1.000000000000000000, 0.000000000000000000, 0.000000000000000000 ) ) ;
#620 = EDGE_CURVE ( 'NONE', #1804, #1890, #1927, .T. ) ;
#621 = CARTESIAN_POINT ( 'NONE',  ( -9.150000000000000355, -19.09999999999999787, 16.69999999999999929 ) ) ;
#622 = ORIENTED_EDGE ( 'NONE', *, *, #1736, .T. ) ;
#623 = AXIS2_PLACEMENT_3D ( 'NONE', #1739, #2535, #1956 ) ;
#624 = FACE_OUTER_BOUND ( 'NONE', #2037, .T. ) ;
#625 = CARTESIAN_POINT ( 'NONE',  ( -8.250000000000001776, -29.80000000000000071, 16.49999999999999645 ) ) ;
#626 = ORIENTED_EDGE ( 'NONE', *, *, #620, .F. ) ;
#627 = AXIS2_PLACEMENT_3D ( 'NONE', #2127, #20, #1697 ) ;
#628 = CARTESIAN_POINT ( 'NONE',  ( -9.150000000000002132, -29.10000000000000142, 17.30000000000000071 ) ) ;
#629 = AXIS2_PLACEMENT_3D ( 'NONE', #631, #1443, #643 ) ;
#630 = CARTESIAN_POINT ( 'NONE',  ( -8.250000000000001776, -29.80000000000000071, 16.49999999999999645 ) ) ;
#631 = CARTESIAN_POINT ( 'NONE',  ( 10.25000000000000355, -19.09999999999999432, 16.49999999999999645 ) ) ;
#632 = DIRECTION ( 'NONE',  ( -0.000000000000000000, -0.000000000000000000, 1.000000000000000000 ) ) ;
#633 = DIRECTION ( 'NONE',  ( 0.000000000000000000, 0.000000000000000000, 1.000000000000000000 ) ) ;
#634 = EDGE_LOOP ( 'NONE', ( #944, #1614, #13, #2163 ) ) ;
#635 = DIRECTION ( 'NONE',  ( -0.000000000000000000, -0.000000000000000000, 1.000000000000000000 ) ) ;
#636 = LINE ( 'NONE', #2452, #360 ) ;
#637 = ORIENTED_EDGE ( 'NONE', *, *, #1779, .T. ) ;
#638 = VERTEX_POINT ( 'NONE', #2187 ) ;
#639 = AXIS2_PLACEMENT_3D ( 'NONE', #1386, #983, #2600 ) ;
#640 = LINE ( 'NONE', #807, #2181 ) ;
#641 = ORIENTED_EDGE ( 'NONE', *, *, #1147, .F. ) ;
#642 = ADVANCED_FACE ( 'NONE', ( #545 ), #152, .T. ) ;
#643 = DIRECTION ( 'NONE',  ( 1.000000000000000000, 0.000000000000000000, 0.000000000000000000 ) ) ;
#644 = CARTESIAN_POINT ( 'NONE',  ( -8.949999999999999289, -19.09999999999999787, 17.49999999999999645 ) ) ;
#645 = DIRECTION ( 'NONE',  ( 1.000000000000000000, 0.000000000000000000, 0.000000000000000000 ) ) ;
#646 = ADVANCED_FACE ( 'NONE', ( #1374 ), #1346, .T. ) ;
#647 = ORIENTED_EDGE ( 'NONE', *, *, #1548, .F. ) ;
#648 = PLANE ( 'NONE',  #1118 ) ;
#649 = ORIENTED_EDGE ( 'NONE', *, *, #2252, .F. ) ;
#650 = ORIENTED_EDGE ( 'NONE', *, *, #183, .T. ) ;
#651 = EDGE_CURVE ( 'NONE', #978, #1907, #2148, .T. ) ;
#652 = CIRCLE ( 'NONE', #2387, 0.9000000000000005773 ) ;
#653 = AXIS2_PLACEMENT_3D ( 'NONE', #1106, #1888, #1295 ) ;
#654 = CARTESIAN_POINT ( 'NONE',  ( -12.25000000000000000, -23.10000000000000142, 16.49999999999999645 ) ) ;
#655 = VERTEX_POINT ( 'NONE', #2591 ) ;
#656 = AXIS2_PLACEMENT_3D ( 'NONE', #1225, #2038, #18 ) ;
#657 = LINE ( 'NONE', #1298, #1827 ) ;
#658 = DIRECTION ( 'NONE',  ( 0.000000000000000000, 0.7071067811865536790, -0.7071067811865414665 ) ) ;
#659 = LINE ( 'NONE', #1275, #1400 ) ;
#660 = ADVANCED_FACE ( 'NONE', ( #1586 ), #916, .F. ) ;
#661 = DIRECTION ( 'NONE',  ( -0.000000000000000000, -0.000000000000000000, 1.000000000000000000 ) ) ;
#662 = ORIENTED_EDGE ( 'NONE', *, *, #2606, .T. ) ;
#663 = ORIENTED_EDGE ( 'NONE', *, *, #1606, .F. ) ;
#664 = VECTOR ( 'NONE', #748, 1000.000000000000000 ) ;
#665 = CARTESIAN_POINT ( 'NONE',  ( 8.949999999999999289, -17.10000000000000142, 17.49999999999999645 ) ) ;
#666 = ORIENTED_EDGE ( 'NONE', *, *, #1779, .F. ) ;
#667 = EDGE_LOOP ( 'NONE', ( #1547, #946, #1463, #1542 ) ) ;
#668 = PRODUCT_DEFINITION ( 'UNKNOWN', '', #2047, #2330 ) ;
#669 = EDGE_CURVE ( 'NONE', #578, #2309, #2113, .T. ) ;
#670 = LINE ( 'NONE', #1492, #716 ) ;
#671 = DIRECTION ( 'NONE',  ( 1.000000000000000000, -0.000000000000000000, 0.000000000000000000 ) ) ;
#672 = AXIS2_PLACEMENT_3D ( 'NONE', #2131, #1949, #301 ) ;
#673 = CIRCLE ( 'NONE', #1575, 1.199999999999999734 ) ;
#674 = VECTOR ( 'NONE', #2545, 1000.000000000000000 ) ;
#675 = DIRECTION ( 'NONE',  ( 0.000000000000000000, 0.000000000000000000, 1.000000000000000000 ) ) ;
#676 = LINE ( 'NONE', #1086, #2276 ) ;
#677 = DIRECTION ( 'NONE',  ( -8.673617379884043361E-16, -1.000000000000000000, 0.000000000000000000 ) ) ;
#678 = CARTESIAN_POINT ( 'NONE',  ( 9.150000000000000355, -29.10000000000000142, 16.69999999999999929 ) ) ;
#679 = EDGE_LOOP ( 'NONE', ( #1829, #390, #758, #1998 ) ) ;
#680 = EDGE_CURVE ( 'NONE', #2412, #578, #1434, .T. ) ;
#681 = LINE ( 'NONE', #1589, #1311 ) ;
#682 = EDGE_CURVE ( 'NONE', #113, #1804, #711, .T. ) ;
#683 = CYLINDRICAL_SURFACE ( 'NONE', #653, 1.379999999999950377 ) ;
#684 = ORIENTED_EDGE ( 'NONE', *, *, #15, .T. ) ;
#685 = VERTEX_POINT ( 'NONE', #412 ) ;
#686 = VECTOR ( 'NONE', #1172, 1000.000000000000000 ) ;
#687 = EDGE_CURVE ( 'NONE', #358, #1044, #1610, .T. ) ;
#688 = DIRECTION ( 'NONE',  ( 0.000000000000000000, -1.000000000000000000, 0.000000000000000000 ) ) ;
#689 = DIRECTION ( 'NONE',  ( 0.000000000000000000, 0.000000000000000000, 1.000000000000000000 ) ) ;
#690 = DIRECTION ( 'NONE',  ( -0.000000000000000000, -0.000000000000000000, -1.000000000000000000 ) ) ;
#691 = DIRECTION ( 'NONE',  ( 0.000000000000000000, -0.000000000000000000, -1.000000000000000000 ) ) ;
#692 = CARTESIAN_POINT ( 'NONE',  ( -4.770000000003076224, -27.10000000000046327, 16.49999999999999645 ) ) ;
#693 = CARTESIAN_POINT ( 'NONE',  ( -10.25000000000000178, -26.00000000000000711, 16.49999999999999645 ) ) ;
#694 = ORIENTED_EDGE ( 'NONE', *, *, #290, .F. ) ;
#695 = CARTESIAN_POINT ( 'NONE',  ( 3.189999999997001012, -26.17999999999989313, 17.29999999999999716 ) ) ;
#696 = DIRECTION ( 'NONE',  ( 1.000000000000000000, 0.000000000000000000, 0.000000000000000000 ) ) ;
#697 = ORIENTED_EDGE ( 'NONE', *, *, #1073, .F. ) ;
#698 = ORIENTED_EDGE ( 'NONE', *, *, #682, .T. ) ;
#699 = CIRCLE ( 'NONE', #909, 2.700000000000004619 ) ;
#700 = DIRECTION ( 'NONE',  ( 0.000000000000000000, 0.000000000000000000, 1.000000000000000000 ) ) ;
#701 = CARTESIAN_POINT ( 'NONE',  ( 3.189999999997001012, -27.75999999999999801, 16.49999999999999645 ) ) ;
#702 = AXIS2_PLACEMENT_3D ( 'NONE', #1653, #2209, #222 ) ;
#703 = ORIENTED_EDGE ( 'NONE', *, *, #2365, .F. ) ;
#704 = ORIENTED_EDGE ( 'NONE', *, *, #1161, .F. ) ;
#705 = FACE_OUTER_BOUND ( 'NONE', #1687, .T. ) ;
#706 = CARTESIAN_POINT ( 'NONE',  ( 8.949999999999999289, -27.10000000000000142, 17.49999999999999645 ) ) ;
#707 = ORIENTED_EDGE ( 'NONE', *, *, #1672, .F. ) ;
#708 = DIRECTION ( 'NONE',  ( 0.000000000000000000, 0.000000000000000000, 1.000000000000000000 ) ) ;
#709 = DIRECTION ( 'NONE',  ( -0.7071067811865487940, 8.659560562354948882E-17, 0.7071067811865463515 ) ) ;
#710 = VERTEX_POINT ( 'NONE', #214 ) ;
#711 = CIRCLE ( 'NONE', #2272, 1.300000000000002487 ) ;
#712 = DIRECTION ( 'NONE',  ( 1.000000000000000000, -7.613206477641161091E-15, 0.000000000000000000 ) ) ;
#713 = CARTESIAN_POINT ( 'NONE',  ( -4.570000000002998775, -26.17999999999989313, 16.69999999999999574 ) ) ;
#714 = ORIENTED_EDGE ( 'NONE', *, *, #17, .T. ) ;
#715 = VERTEX_POINT ( 'NONE', #621 ) ;
#716 = VECTOR ( 'NONE', #2445, 1000.000000000000000 ) ;
#717 = DIRECTION ( 'NONE',  ( 0.000000000000000000, -0.7071067811865536790, 0.7071067811865414665 ) ) ;
#718 = AXIS2_PLACEMENT_3D ( 'NONE', #2488, #1243, #2056 ) ;
#719 = EDGE_CURVE ( 'NONE', #346, #162, #166, .T. ) ;
#720 = VECTOR ( 'NONE', #63, 1000.000000000000114 ) ;
#721 = CARTESIAN_POINT ( 'NONE',  ( -4.570000000002948148, -25.57999999999989527, 16.69999999999999574 ) ) ;
#722 = EDGE_CURVE ( 'NONE', #453, #1558, #23, .T. ) ;
#723 = EDGE_LOOP ( 'NONE', ( #1338, #842, #423, #2522 ) ) ;
#724 = DIRECTION ( 'NONE',  ( -0.7071067811865414665, 0.000000000000000000, 0.7071067811865536790 ) ) ;
#725 = DIRECTION ( 'NONE',  ( 1.000000000000000000, 0.000000000000000000, 0.000000000000000000 ) ) ;
#726 = EDGE_LOOP ( 'NONE', ( #1280, #2240, #2189, #1101 ) ) ;
#727 = CARTESIAN_POINT ( 'NONE',  ( -8.250000000000000000, -17.10000000000000142, 17.49999999999999645 ) ) ;
#728 = DIRECTION ( 'NONE',  ( 0.000000000000000000, 0.000000000000000000, 1.000000000000000000 ) ) ;
#729 = ORIENTED_EDGE ( 'NONE', *, *, #1429, .T. ) ;
#730 = ORIENTED_EDGE ( 'NONE', *, *, #1073, .T. ) ;
#731 = CIRCLE ( 'NONE', #1915, 1.300000000000002487 ) ;
#732 = FACE_OUTER_BOUND ( 'NONE', #1107, .T. ) ;
#733 = AXIS2_PLACEMENT_3D ( 'NONE', #509, #1904, #1684 ) ;
#734 = CARTESIAN_POINT ( 'NONE',  ( 12.25000000000000000, -23.09999999999999787, 16.69999999999999929 ) ) ;
#735 = ORIENTED_EDGE ( 'NONE', *, *, #1606, .T. ) ;
#736 = DIRECTION ( 'NONE',  ( 1.000000000000000000, -7.613206477641161091E-15, 0.000000000000000000 ) ) ;
#737 = EDGE_CURVE ( 'NONE', #189, #1564, #833, .T. ) ;
#738 = DIRECTION ( 'NONE',  ( -0.7071067811865430208, 6.133173666733467917E-14, 0.7071067811865521247 ) ) ;
#739 = ORIENTED_EDGE ( 'NONE', *, *, #1314, .T. ) ;
#740 = AXIS2_PLACEMENT_3D ( 'NONE', #2036, #1005, #426 ) ;
#741 = LINE ( 'NONE', #910, #1264 ) ;
#742 = DIRECTION ( 'NONE',  ( -0.000000000000000000, -0.7071067811865414665, -0.7071067811865536790 ) ) ;
#743 = ORIENTED_EDGE ( 'NONE', *, *, #968, .F. ) ;
#744 = VECTOR ( 'NONE', #2378, 1000.000000000000000 ) ;
#745 = VERTEX_POINT ( 'NONE', #2201 ) ;
#746 = CARTESIAN_POINT ( 'NONE',  ( -8.250000000000000000, -16.39999999999999858, 16.49999999999999645 ) ) ;
#747 = VECTOR ( 'NONE', #311, 1000.000000000000000 ) ;
#748 = DIRECTION ( 'NONE',  ( 0.000000000000000000, -1.000000000000000000, 0.000000000000000000 ) ) ;
#749 = EDGE_LOOP ( 'NONE', ( #1008, #641, #269, #1499 ) ) ;
#750 = EDGE_LOOP ( 'NONE', ( #1016, #1317, #2254, #2268 ) ) ;
#751 = CARTESIAN_POINT ( 'NONE',  ( -10.24999999999999822, -20.19999999999999929, 16.49999999999999645 ) ) ;
#752 = DIRECTION ( 'NONE',  ( 1.000000000000000000, 0.000000000000000000, 0.000000000000000000 ) ) ;
#753 = ORIENTED_EDGE ( 'NONE', *, *, #2467, .T. ) ;
#754 = DIRECTION ( 'NONE',  ( 0.000000000000000000, 0.000000000000000000, 1.000000000000000000 ) ) ;
#755 = CARTESIAN_POINT ( 'NONE',  ( -12.25000000000000000, -26.00000000000000711, 17.30000000000000071 ) ) ;
#756 = ORIENTED_EDGE ( 'NONE', *, *, #1522, .T. ) ;
#757 = AXIS2_PLACEMENT_3D ( 'NONE', #2360, #1966, #561 ) ;
#758 = ORIENTED_EDGE ( 'NONE', *, *, #2357, .F. ) ;
#759 = CARTESIAN_POINT ( 'NONE',  ( -8.950000000000001066, -29.10000000000000142, 16.49999999999999645 ) ) ;
#760 = LINE ( 'NONE', #2375, #1045 ) ;
#761 = CIRCLE ( 'NONE', #672, 0.8999999999999989120 ) ;
#762 = PLANE ( 'NONE',  #437 ) ;
#763 = LINE ( 'NONE', #1378, #438 ) ;
#764 = VERTEX_POINT ( 'NONE', #1816 ) ;
#765 = ADVANCED_FACE ( 'NONE', ( #2236 ), #386, .T. ) ;
#766 = ADVANCED_FACE ( 'NONE', ( #422 ), #1634, .F. ) ;
#767 = FACE_OUTER_BOUND ( 'NONE', #101, .T. ) ;
#768 = LINE ( 'NONE', #1153, #1145 ) ;
#769 = EDGE_CURVE ( 'NONE', #745, #1027, #2420, .T. ) ;
#770 = DIRECTION ( 'NONE',  ( 1.000000000000000000, 0.000000000000000000, 0.000000000000000000 ) ) ;
#771 = LINE ( 'NONE', #2561, #686 ) ;
#772 = DIRECTION ( 'NONE',  ( 5.383349926913484889E-15, 0.7071067811865567876, 0.7071067811865382469 ) ) ;
#773 = ORIENTED_EDGE ( 'NONE', *, *, #100, .F. ) ;
#774 = ORIENTED_EDGE ( 'NONE', *, *, #24, .F. ) ;
#775 = EDGE_CURVE ( 'NONE', #189, #2309, #2247, .T. ) ;
#776 = DIRECTION ( 'NONE',  ( 1.000000000000000000, 0.000000000000000000, 0.000000000000000000 ) ) ;
#777 = LINE ( 'NONE', #580, #822 ) ;
#778 = ORIENTED_EDGE ( 'NONE', *, *, #606, .F. ) ;
#779 = DIRECTION ( 'NONE',  ( 0.000000000000000000, 0.000000000000000000, 1.000000000000000000 ) ) ;
#780 = CONICAL_SURFACE ( 'NONE', #57, 0.7000000000000009548, 0.7853981633974548293 ) ;
#781 = ADVANCED_FACE ( 'NONE', ( #1220 ), #1265, .F. ) ;
#782 = ORIENTED_EDGE ( 'NONE', *, *, #1127, .F. ) ;
#783 = CARTESIAN_POINT ( 'NONE',  ( 8.950000000000006395, -19.09999999999999432, 16.49999999999999645 ) ) ;
#784 = AXIS2_PLACEMENT_3D ( 'NONE', #2058, #1013, #1046 ) ;
#785 = AXIS2_PLACEMENT_3D ( 'NONE', #1945, #2596, #725 ) ;
#786 = CARTESIAN_POINT ( 'NONE',  ( -10.25000000000000178, -20.40000000000000213, 17.49999999999999645 ) ) ;
#787 = ORIENTED_EDGE ( 'NONE', *, *, #687, .F. ) ;
#788 = EDGE_LOOP ( 'NONE', ( #1939, #2229, #331, #735 ) ) ;
#789 = CARTESIAN_POINT ( 'NONE',  ( 3.189999999997001012, -24.19999999999994245, 16.69999999999999574 ) ) ;
#790 = PLANE ( 'NONE',  #2101 ) ;
#791 = EDGE_LOOP ( 'NONE', ( #148, #871, #1682, #1700 ) ) ;
#792 = CARTESIAN_POINT ( 'NONE',  ( -8.250000000000000000, -16.19999999999999929, 16.69999999999999929 ) ) ;
#793 = DIRECTION ( 'NONE',  ( -0.000000000000000000, -0.000000000000000000, -1.000000000000000000 ) ) ;
#794 = ADVANCED_FACE ( 'NONE', ( #175 ), #1841, .T. ) ;
#795 = DIRECTION ( 'NONE',  ( 1.000000000000000000, 0.000000000000000000, 0.000000000000000000 ) ) ;
#796 = VECTOR ( 'NONE', #976, 1000.000000000000000 ) ;
#797 = EDGE_CURVE ( 'NONE', #2547, #764, #1022, .T. ) ;
#798 = ORIENTED_EDGE ( 'NONE', *, *, #2021, .F. ) ;
#799 = ORIENTED_EDGE ( 'NONE', *, *, #1352, .T. ) ;
#800 = ADVANCED_FACE ( 'NONE', ( #2433 ), #1948, .F. ) ;
#801 = DIRECTION ( 'NONE',  ( 0.000000000000000000, 0.000000000000000000, 1.000000000000000000 ) ) ;
#802 = VECTOR ( 'NONE', #829, 1000.000000000000000 ) ;
#803 = DIRECTION ( 'NONE',  ( 0.000000000000000000, -0.7071067811865414665, 0.7071067811865536790 ) ) ;
#804 = ORIENTED_EDGE ( 'NONE', *, *, #1480, .F. ) ;
#805 = AXIS2_PLACEMENT_3D ( 'NONE', #1399, #611, #1185 ) ;
#806 = AXIS2_PLACEMENT_3D ( 'NONE', #1483, #1257, #468 ) ;
#807 = CARTESIAN_POINT ( 'NONE',  ( 3.189999999997001012, -23.99999999999994671, 17.49999999999999645 ) ) ;
#808 = ORIENTED_EDGE ( 'NONE', *, *, #2034, .T. ) ;
#809 = EDGE_LOOP ( 'NONE', ( #1367, #1376, #2280, #2144 ) ) ;
#810 = DIRECTION ( 'NONE',  ( 1.000000000000000000, 0.000000000000000000, 0.000000000000000000 ) ) ;
#811 = CARTESIAN_POINT ( 'NONE',  ( 12.25000000000000000, -23.09999999999999787, 17.49999999999999645 ) ) ;
#812 = ORIENTED_EDGE ( 'NONE', *, *, #999, .T. ) ;
#813 = CARTESIAN_POINT ( 'NONE',  ( -4.570000000002998775, -26.17999999999989313, 16.49999999999999645 ) ) ;
#814 = DIRECTION ( 'NONE',  ( 0.000000000000000000, -1.000000000000000000, 0.000000000000000000 ) ) ;
#815 = ORIENTED_EDGE ( 'NONE', *, *, #2034, .F. ) ;
#816 = EDGE_CURVE ( 'NONE', #2599, #1478, #1017, .T. ) ;
#817 = CARTESIAN_POINT ( 'NONE',  ( 8.250000000000000000, -16.19999999999999929, 16.69999999999999929 ) ) ;
#818 = CARTESIAN_POINT ( 'NONE',  ( -14.95000000000000107, -23.10000000000000142, 17.49999999999999645 ) ) ;
#819 = CARTESIAN_POINT ( 'NONE',  ( -8.250000000000001776, -29.10000000000000142, 17.49999999999999645 ) ) ;
#820 = DIRECTION ( 'NONE',  ( 1.000000000000000000, 0.000000000000000000, 0.000000000000000000 ) ) ;
#821 = ORIENTED_EDGE ( 'NONE', *, *, #1788, .T. ) ;
#822 = VECTOR ( 'NONE', #1782, 1000.000000000000000 ) ;
#823 = PLANE ( 'NONE',  #954 ) ;
#824 = DIRECTION ( 'NONE',  ( 1.000000000000000000, 0.000000000000000000, -0.000000000000000000 ) ) ;
#825 = VECTOR ( 'NONE', #2575, 1000.000000000000000 ) ;
#826 = ORIENTED_EDGE ( 'NONE', *, *, #669, .T. ) ;
#827 = DIRECTION ( 'NONE',  ( -1.000000000000000000, 0.000000000000000000, 0.000000000000000000 ) ) ;
#828 = DIRECTION ( 'NONE',  ( 0.000000000000000000, 0.000000000000000000, 1.000000000000000000 ) ) ;
#829 = DIRECTION ( 'NONE',  ( -8.384496800554570568E-14, 1.000000000000000000, 0.000000000000000000 ) ) ;
#830 = FACE_OUTER_BOUND ( 'NONE', #723, .T. ) ;
#831 = DIRECTION ( 'NONE',  ( 8.384496800554570568E-14, 1.000000000000000000, 0.000000000000000000 ) ) ;
#832 = VERTEX_POINT ( 'NONE', #586 ) ;
#833 = CIRCLE ( 'NONE', #1395, 2.700000000000001066 ) ;
#834 = LINE ( 'NONE', #813, #1668 ) ;
#835 = EDGE_CURVE ( 'NONE', #832, #2515, #1817, .T. ) ;
#836 = DIRECTION ( 'NONE',  ( 0.000000000000000000, 0.000000000000000000, 1.000000000000000000 ) ) ;
#837 = EDGE_LOOP ( 'NONE', ( #515, #1570, #305, #1201 ) ) ;
#838 = ORIENTED_EDGE ( 'NONE', *, *, #2543, .T. ) ;
#839 = VECTOR ( 'NONE', #736, 1000.000000000000000 ) ;
#840 = CONICAL_SURFACE ( 'NONE', #1776, 2.200000000000000622, 0.7853981633974500554 ) ;
#841 = CARTESIAN_POINT ( 'NONE',  ( -8.250000000000000000, -17.10000000000000142, 16.49999999999999645 ) ) ;
#842 = ORIENTED_EDGE ( 'NONE', *, *, #2543, .F. ) ;
#843 = VECTOR ( 'NONE', #1111, 1000.000000000000000 ) ;
#844 = EDGE_CURVE ( 'NONE', #258, #326, #1050, .T. ) ;
#845 = FACE_OUTER_BOUND ( 'NONE', #1431, .T. ) ;
#846 = CARTESIAN_POINT ( 'NONE',  ( 8.250000000000000000, -16.19999999999999929, 16.69999999999999929 ) ) ;
#847 = CYLINDRICAL_SURFACE ( 'NONE', #1475, 2.900000000000003464 ) ;
#848 = ADVANCED_FACE ( 'NONE', ( #600 ), #1144, .F. ) ;
#849 = ORIENTED_EDGE ( 'NONE', *, *, #2281, .T. ) ;
#850 = FACE_OUTER_BOUND ( 'NONE', #2162, .T. ) ;
#851 = PLANE ( 'NONE',  #1969 ) ;
#852 = ORIENTED_EDGE ( 'NONE', *, *, #2446, .T. ) ;
#853 = EDGE_CURVE ( 'NONE', #2480, #206, #861, .T. ) ;
#854 = VECTOR ( 'NONE', #2040, 1000.000000000000000 ) ;
#855 = DIRECTION ( 'NONE',  ( -0.000000000000000000, 0.7071067811865414665, -0.7071067811865536790 ) ) ;
#856 =( GEOMETRIC_REPRESENTATION_CONTEXT ( 3 ) GLOBAL_UNCERTAINTY_ASSIGNED_CONTEXT ( ( #1303 ) ) GLOBAL_UNIT_ASSIGNED_CONTEXT ( ( #996, #2609, #1029 ) ) REPRESENTATION_CONTEXT ( 'NONE', 'WORKASPACE' ) );
#857 = ORIENTED_EDGE ( 'NONE', *, *, #1254, .T. ) ;
#858 = CARTESIAN_POINT ( 'NONE',  ( -10.25000000000000178, -25.80000000000000782, 16.49999999999999645 ) ) ;
#859 = ADVANCED_FACE ( 'NONE', ( #2504 ), #2274, .T. ) ;
#860 = PLANE ( 'NONE',  #1819 ) ;
#861 = LINE ( 'NONE', #2097, #458 ) ;
#862 = VECTOR ( 'NONE', #1844, 1000.000000000000000 ) ;
#863 = CARTESIAN_POINT ( 'NONE',  ( 8.250000000000000000, -16.39999999999999858, 16.49999999999999645 ) ) ;
#864 = CARTESIAN_POINT ( 'NONE',  ( 9.150000000000003908, -17.10000000000000142, 16.69999999999999929 ) ) ;
#865 = ORIENTED_EDGE ( 'NONE', *, *, #2554, .F. ) ;
#866 = VECTOR ( 'NONE', #1202, 1000.000000000000000 ) ;
#867 = EDGE_CURVE ( 'NONE', #655, #154, #1495, .T. ) ;
#868 = VECTOR ( 'NONE', #1337, 1000.000000000000000 ) ;
#869 = CARTESIAN_POINT ( 'NONE',  ( -10.24999999999999822, -20.40000000000000213, 17.49999999999999645 ) ) ;
#870 = ORIENTED_EDGE ( 'NONE', *, *, #722, .T. ) ;
#871 = ORIENTED_EDGE ( 'NONE', *, *, #1611, .T. ) ;
#872 = CARTESIAN_POINT ( 'NONE',  ( 12.25000000000000000, -23.09999999999999787, 16.49999999999999645 ) ) ;
#873 = FACE_OUTER_BOUND ( 'NONE', #229, .T. ) ;
#874 = CARTESIAN_POINT ( 'NONE',  ( -3.190000000002998881, -27.55999999999992056, 16.69999999999999574 ) ) ;
#875 = LINE ( 'NONE', #1894, #2621 ) ;
#876 = EDGE_CURVE ( 'NONE', #1811, #2338, #673, .T. ) ;
#877 = EDGE_CURVE ( 'NONE', #1128, #1758, #929, .T. ) ;
#878 = EDGE_CURVE ( 'NONE', #1541, #2226, #676, .T. ) ;
#879 = CARTESIAN_POINT ( 'NONE',  ( -12.25000000000000000, -25.80000000000000782, 16.49999999999999645 ) ) ;
#880 = EDGE_CURVE ( 'NONE', #2614, #405, #875, .T. ) ;
#881 = CARTESIAN_POINT ( 'NONE',  ( -10.25000000000000178, -26.00000000000000711, 17.30000000000000071 ) ) ;
#882 = DIRECTION ( 'NONE',  ( 1.000000000000000000, 0.000000000000000000, 0.000000000000000000 ) ) ;
#883 = VERTEX_POINT ( 'NONE', #78 ) ;
#884 = ORIENTED_EDGE ( 'NONE', *, *, #963, .T. ) ;
#885 = CARTESIAN_POINT ( 'NONE',  ( -10.24999999999999822, -19.09999999999999787, 16.69999999999999929 ) ) ;
#886 = DIRECTION ( 'NONE',  ( 0.000000000000000000, -1.000000000000000000, 0.000000000000000000 ) ) ;
#887 = AXIS2_PLACEMENT_3D ( 'NONE', #2354, #1326, #88 ) ;
#888 = CIRCLE ( 'NONE', #718, 0.6999999999999957367 ) ;
#889 = LINE ( 'NONE', #1691, #2320 ) ;
#890 = CARTESIAN_POINT ( 'NONE',  ( 10.25000000000000355, -20.39999999999999503, 16.49999999999999645 ) ) ;
#891 = CARTESIAN_POINT ( 'NONE',  ( -12.25000000000000000, -23.10000000000000142, 16.69999999999999929 ) ) ;
#892 = ORIENTED_EDGE ( 'NONE', *, *, #1724, .F. ) ;
#893 = CYLINDRICAL_SURFACE ( 'NONE', #34, 1.380000000000075611 ) ;
#894 = CARTESIAN_POINT ( 'NONE',  ( 10.25000000000000355, -20.19999999999999574, 16.49999999999999645 ) ) ;
#895 = ORIENTED_EDGE ( 'NONE', *, *, #1343, .T. ) ;
#896 = ORIENTED_EDGE ( 'NONE', *, *, #217, .F. ) ;
#897 = VECTOR ( 'NONE', #359, 1000.000000000000000 ) ;
#898 = ADVANCED_FACE ( 'NONE', ( #487 ), #595, .F. ) ;
#899 = DIRECTION ( 'NONE',  ( 0.000000000000000000, 0.000000000000000000, 1.000000000000000000 ) ) ;
#900 = CARTESIAN_POINT ( 'NONE',  ( 8.950000000000001066, -19.09999999999999432, 17.49999999999999645 ) ) ;
#901 = VERTEX_POINT ( 'NONE', #890 ) ;
#902 = EDGE_LOOP ( 'NONE', ( #2180, #2146, #1859, #1707 ) ) ;
#903 = DIRECTION ( 'NONE',  ( -1.000000000000000000, 0.000000000000000000, 0.000000000000000000 ) ) ;
#904 = DIRECTION ( 'NONE',  ( 0.000000000000000000, 0.000000000000000000, 1.000000000000000000 ) ) ;
#905 = DIRECTION ( 'NONE',  ( 1.000000000000000000, 0.000000000000000000, 0.000000000000000000 ) ) ;
#906 = VECTOR ( 'NONE', #1462, 1000.000000000000000 ) ;
#907 = CARTESIAN_POINT ( 'NONE',  ( -10.25000000000000178, -26.00000000000000711, 17.30000000000000071 ) ) ;
#908 = ORIENTED_EDGE ( 'NONE', *, *, #1059, .T. ) ;
#909 = AXIS2_PLACEMENT_3D ( 'NONE', #654, #1080, #1917 ) ;
#910 = CARTESIAN_POINT ( 'NONE',  ( 9.150000000000000355, -29.10000000000000142, 16.69999999999999929 ) ) ;
#911 = LINE ( 'NONE', #1124, #2073 ) ;
#912 = AXIS2_PLACEMENT_3D ( 'NONE', #568, #1540, #1354 ) ;
#913 = ORIENTED_EDGE ( 'NONE', *, *, #2064, .T. ) ;
#914 = EDGE_LOOP ( 'NONE', ( #333, #892, #1316, #1167 ) ) ;
#915 = DIRECTION ( 'NONE',  ( -1.000000000000000000, 0.000000000000000000, 0.000000000000000000 ) ) ;
#916 = PLANE ( 'NONE',  #1518 ) ;
#917 = ADVANCED_FACE ( 'NONE', ( #705 ), #1102, .T. ) ;
#918 = DIRECTION ( 'NONE',  ( 0.000000000000000000, 0.7071067811865414665, 0.7071067811865536790 ) ) ;
#919 = CARTESIAN_POINT ( 'NONE',  ( 4.569999999997051532, -26.17999999999989313, 16.69999999999999574 ) ) ;
#920 = ORIENTED_EDGE ( 'NONE', *, *, #1658, .F. ) ;
#921 = CIRCLE ( 'NONE', #1306, 2.900000000000003464 ) ;
#922 = CARTESIAN_POINT ( 'NONE',  ( 9.150000000000003908, -19.09999999999999432, 16.49999999999999645 ) ) ;
#923 = LINE ( 'NONE', #285, #674 ) ;
#924 = ORIENTED_EDGE ( 'NONE', *, *, #2002, .T. ) ;
#925 = ADVANCED_FACE ( 'NONE', ( #1679 ), #40, .T. ) ;
#926 = ORIENTED_EDGE ( 'NONE', *, *, #521, .T. ) ;
#927 = AXIS2_PLACEMENT_3D ( 'NONE', #2487, #431, #1274 ) ;
#928 = CARTESIAN_POINT ( 'NONE',  ( -4.770000000002998952, -26.17999999999989313, 16.49999999999999645 ) ) ;
#929 = CIRCLE ( 'NONE', #504, 1.579999999999973870 ) ;
#930 = VECTOR ( 'NONE', #1313, 1000.000000000000000 ) ;
#931 = EDGE_CURVE ( 'NONE', #1674, #383, #888, .T. ) ;
#932 = DIRECTION ( 'NONE',  ( 1.000000000000000000, 0.000000000000000000, 0.000000000000000000 ) ) ;
#933 = ORIENTED_EDGE ( 'NONE', *, *, #1896, .F. ) ;
#934 = FACE_OUTER_BOUND ( 'NONE', #981, .T. ) ;
#935 = CARTESIAN_POINT ( 'NONE',  ( -4.570000000002948148, -25.57999999999989527, 17.29999999999999716 ) ) ;
#936 = VERTEX_POINT ( 'NONE', #1880 ) ;
#937 = DIRECTION ( 'NONE',  ( -6.133173666733481170E-15, -0.7071067811865414665, 0.7071067811865536790 ) ) ;
#938 = CARTESIAN_POINT ( 'NONE',  ( -10.25000000000000178, -27.10000000000000497, 16.49999999999999645 ) ) ;
#939 = EDGE_LOOP ( 'NONE', ( #2107, #220, #60, #865 ) ) ;
#940 = EDGE_LOOP ( 'NONE', ( #1213, #2308, #1675, #2164 ) ) ;
#941 = CARTESIAN_POINT ( 'NONE',  ( -3.190000000002998881, -27.55999999999992056, 17.29999999999999716 ) ) ;
#942 = CIRCLE ( 'NONE', #1285, 0.6999999999999992895 ) ;
#943 = CARTESIAN_POINT ( 'NONE',  ( -3.190000000002998881, -27.55999999999994543, 17.29999999999999716 ) ) ;
#944 = ORIENTED_EDGE ( 'NONE', *, *, #408, .T. ) ;
#945 = ORIENTED_EDGE ( 'NONE', *, *, #1620, .F. ) ;
#946 = ORIENTED_EDGE ( 'NONE', *, *, #1194, .F. ) ;
#947 = CARTESIAN_POINT ( 'NONE',  ( -10.25000000000000711, -27.75999999999989498, 16.49999999999999645 ) ) ;
#948 = LINE ( 'NONE', #2571, #1669 ) ;
#949 = EDGE_CURVE ( 'NONE', #29, #346, #659, .T. ) ;
#950 = ORIENTED_EDGE ( 'NONE', *, *, #2442, .F. ) ;
#951 = DIRECTION ( 'NONE',  ( 1.000000000000000000, 0.000000000000000000, -0.000000000000000000 ) ) ;
#952 = DIRECTION ( 'NONE',  ( 0.000000000000000000, 0.000000000000000000, 1.000000000000000000 ) ) ;
#953 = ORIENTED_EDGE ( 'NONE', *, *, #1620, .T. ) ;
#954 = AXIS2_PLACEMENT_3D ( 'NONE', #591, #2401, #613 ) ;
#955 = CONICAL_SURFACE ( 'NONE', #109, 0.8999999999999989120, 0.7853981633974418397 ) ;
#956 = EDGE_LOOP ( 'NONE', ( #374, #884, #1960, #756 ) ) ;
#957 = FACE_OUTER_BOUND ( 'NONE', #956, .T. ) ;
#958 = CIRCLE ( 'NONE', #1500, 1.580000000000025828 ) ;
#959 = DIRECTION ( 'NONE',  ( 0.000000000000000000, 0.000000000000000000, 1.000000000000000000 ) ) ;
#960 = ORIENTED_EDGE ( 'NONE', *, *, #1834, .F. ) ;
#961 = ADVANCED_FACE ( 'NONE', ( #1042 ), #847, .T. ) ;
#962 = ORIENTED_EDGE ( 'NONE', *, *, #1429, .F. ) ;
#963 = EDGE_CURVE ( 'NONE', #1832, #208, #338, .T. ) ;
#964 = PRODUCT ( '01 - FSB - 1001 - ESP Cover', '01 - FSB - 1001 - ESP Cover', '', ( #1305 ) ) ;
#965 = DIRECTION ( 'NONE',  ( 0.7071067811865566766, 0.000000000000000000, -0.7071067811865383579 ) ) ;
#966 = LINE ( 'NONE', #1579, #16 ) ;
#967 = ORIENTED_EDGE ( 'NONE', *, *, #309, .F. ) ;
#968 = EDGE_CURVE ( 'NONE', #991, #1804, #445, .T. ) ;
#969 = LINE ( 'NONE', #567, #2586 ) ;
#970 = FACE_OUTER_BOUND ( 'NONE', #1725, .T. ) ;
#971 = AXIS2_PLACEMENT_3D ( 'NONE', #81, #2520, #1260 ) ;
#972 = ORIENTED_EDGE ( 'NONE', *, *, #2397, .T. ) ;
#973 = FACE_OUTER_BOUND ( 'NONE', #1011, .T. ) ;
#974 = EDGE_CURVE ( 'NONE', #68, #1987, #2082, .T. ) ;
#975 = CIRCLE ( 'NONE', #1899, 1.380000000000075611 ) ;
#976 = DIRECTION ( 'NONE',  ( 0.000000000000000000, -1.000000000000000000, 0.000000000000000000 ) ) ;
#977 = VECTOR ( 'NONE', #1152, 1000.000000000000000 ) ;
#978 = VERTEX_POINT ( 'NONE', #1072 ) ;
#979 = DIRECTION ( 'NONE',  ( -1.000000000000000000, 0.000000000000000000, 0.000000000000000000 ) ) ;
#980 = DIRECTION ( 'NONE',  ( 0.000000000000000000, 0.000000000000000000, 1.000000000000000000 ) ) ;
#981 = EDGE_LOOP ( 'NONE', ( #2294, #773, #1652, #1978 ) ) ;
#982 = LINE ( 'NONE', #146, #506 ) ;
#983 = DIRECTION ( 'NONE',  ( -0.000000000000000000, -0.000000000000000000, -1.000000000000000000 ) ) ;
#984 = ADVANCED_FACE ( 'NONE', ( #1865 ), #1853, .T. ) ;
#985 = AXIS2_PLACEMENT_3D ( 'NONE', #1924, #108, #915 ) ;
#986 = CARTESIAN_POINT ( 'NONE',  ( -3.190000000002998437, -24.19999999999994245, 16.49999999999999645 ) ) ;
#987 = ORIENTED_EDGE ( 'NONE', *, *, #1422, .T. ) ;
#988 = ORIENTED_EDGE ( 'NONE', *, *, #2002, .F. ) ;
#989 = DIRECTION ( 'NONE',  ( 0.000000000000000000, 0.000000000000000000, 1.000000000000000000 ) ) ;
#990 = FACE_BOUND ( 'NONE', #2537, .T. ) ;
#991 = VERTEX_POINT ( 'NONE', #334 ) ;
#992 = FACE_OUTER_BOUND ( 'NONE', #394, .T. ) ;
#993 = EDGE_CURVE ( 'NONE', #2515, #448, #347, .T. ) ;
#994 = AXIS2_PLACEMENT_3D ( 'NONE', #2279, #277, #1248 ) ;
#995 = EDGE_CURVE ( 'NONE', #163, #616, #307, .T. ) ;
#996 =( LENGTH_UNIT ( ) NAMED_UNIT ( * ) SI_UNIT ( .MILLI., .METRE. ) );
#997 = LINE ( 'NONE', #1585, #2333 ) ;
#998 = AXIS2_PLACEMENT_3D ( 'NONE', #2102, #1103, #2125 ) ;
#999 = EDGE_CURVE ( 'NONE', #1987, #1823, #80, .T. ) ;
#1000 = CONICAL_SURFACE ( 'NONE', #2472, 0.6999999999999957367, 0.7853981633974569387 ) ;
#1001 = CARTESIAN_POINT ( 'NONE',  ( -3.190000000002998437, -26.17999999999989313, 16.49999999999999645 ) ) ;
#1002 = EDGE_LOOP ( 'NONE', ( #1389, #707, #1176, #1744 ) ) ;
#1003 = VERTEX_POINT ( 'NONE', #1559 ) ;
#1004 = DIRECTION ( 'NONE',  ( 1.000000000000000000, -0.000000000000000000, 0.000000000000000000 ) ) ;
#1005 = DIRECTION ( 'NONE',  ( 0.000000000000000000, 0.000000000000000000, 1.000000000000000000 ) ) ;
#1006 = EDGE_LOOP ( 'NONE', ( #1596, #684, #104, #1600 ) ) ;
#1007 = FACE_OUTER_BOUND ( 'NONE', #1577, .T. ) ;
#1008 = ORIENTED_EDGE ( 'NONE', *, *, #2094, .T. ) ;
#1009 = LINE ( 'NONE', #783, #2595 ) ;
#1010 = DIRECTION ( 'NONE',  ( 1.000000000000000000, 0.000000000000000000, 0.000000000000000000 ) ) ;
#1011 = EDGE_LOOP ( 'NONE', ( #2593, #2559, #1121, #2192 ) ) ;
#1012 = ADVANCED_FACE ( 'NONE', ( #1158 ), #1331, .F. ) ;
#1013 = DIRECTION ( 'NONE',  ( 0.000000000000000000, 0.000000000000000000, 1.000000000000000000 ) ) ;
#1014 = CONICAL_SURFACE ( 'NONE', #2489, 1.579999999999952998, 0.7853981633974580490 ) ;
#1015 = CARTESIAN_POINT ( 'NONE',  ( 9.150000000000003908, -17.10000000000000142, 16.69999999999999929 ) ) ;
#1016 = ORIENTED_EDGE ( 'NONE', *, *, #1271, .F. ) ;
#1017 = CIRCLE ( 'NONE', #2406, 2.700000000000004619 ) ;
#1018 = AXIS2_PLACEMENT_3D ( 'NONE', #382, #2003, #1772 ) ;
#1019 = LINE ( 'NONE', #428, #2607 ) ;
#1020 = EDGE_LOOP ( 'NONE', ( #516, #1385, #2577, #1417 ) ) ;
#1021 = PLANE ( 'NONE',  #1583 ) ;
#1022 = LINE ( 'NONE', #7, #2153 ) ;
#1023 = ORIENTED_EDGE ( 'NONE', *, *, #1784, .F. ) ;
#1024 = VECTOR ( 'NONE', #1622, 1000.000000000000000 ) ;
#1025 = PLANE ( 'NONE',  #1210 ) ;
#1026 = CARTESIAN_POINT ( 'NONE',  ( 15.15000000000000391, -23.09999999999999787, 16.69999999999999929 ) ) ;
#1027 = VERTEX_POINT ( 'NONE', #1372 ) ;
#1028 = LINE ( 'NONE', #792, #1125 ) ;
#1029 =( NAMED_UNIT ( * ) SI_UNIT ( $, .STERADIAN. ) SOLID_ANGLE_UNIT ( ) );
#1030 = FACE_OUTER_BOUND ( 'NONE', #2026, .T. ) ;
#1031 = EDGE_CURVE ( 'NONE', #1919, #936, #137, .T. ) ;
#1032 = DIRECTION ( 'NONE',  ( 0.000000000000000000, -0.7071067811865536790, -0.7071067811865414665 ) ) ;
#1033 = ORIENTED_EDGE ( 'NONE', *, *, #2467, .F. ) ;
#1034 = DIRECTION ( 'NONE',  ( 1.000000000000000000, 0.000000000000000000, 0.000000000000000000 ) ) ;
#1035 = CARTESIAN_POINT ( 'NONE',  ( 3.189999999996999236, -27.75999999999996959, 17.49999999999999645 ) ) ;
#1036 = VECTOR ( 'NONE', #2088, 1000.000000000000000 ) ;
#1037 = EDGE_CURVE ( 'NONE', #2612, #141, #2135, .T. ) ;
#1038 = EDGE_CURVE ( 'NONE', #1919, #1851, #1114, .T. ) ;
#1039 = DIRECTION ( 'NONE',  ( 1.000000000000000000, 0.000000000000000000, 0.000000000000000000 ) ) ;
#1040 = CARTESIAN_POINT ( 'NONE',  ( 10.25000000000000178, -27.10000000000000142, 16.49999999999999645 ) ) ;
#1041 = CARTESIAN_POINT ( 'NONE',  ( -10.24999999999999822, -20.19999999999999929, 16.69999999999999929 ) ) ;
#1042 = FACE_OUTER_BOUND ( 'NONE', #134, .T. ) ;
#1043 = ADVANCED_FACE ( 'NONE', ( #2548 ), #2578, .T. ) ;
#1044 = VERTEX_POINT ( 'NONE', #2173 ) ;
#1045 = VECTOR ( 'NONE', #371, 1000.000000000000000 ) ;
#1046 = DIRECTION ( 'NONE',  ( 1.000000000000000000, 0.000000000000000000, 0.000000000000000000 ) ) ;
#1047 = CARTESIAN_POINT ( 'NONE',  ( 8.250000000000000000, -17.10000000000000142, 17.49999999999999645 ) ) ;
#1048 = VERTEX_POINT ( 'NONE', #941 ) ;
#1049 = AXIS2_PLACEMENT_3D ( 'NONE', #2289, #2246, #1864 ) ;
#1050 = CIRCLE ( 'NONE', #37, 1.580000000000025828 ) ;
#1051 = DIRECTION ( 'NONE',  ( 0.000000000000000000, 0.7071067811865536790, -0.7071067811865414665 ) ) ;
#1052 = EDGE_CURVE ( 'NONE', #1728, #1488, #1722, .T. ) ;
#1053 = ORIENTED_EDGE ( 'NONE', *, *, #245, .T. ) ;
#1054 = VECTOR ( 'NONE', #529, 1000.000000000000000 ) ;
#1055 = LINE ( 'NONE', #2500, #2536 ) ;
#1056 = FACE_OUTER_BOUND ( 'NONE', #1062, .T. ) ;
#1057 = DIRECTION ( 'NONE',  ( -1.000000000000000000, 0.000000000000000000, 0.000000000000000000 ) ) ;
#1058 = ADVANCED_FACE ( 'NONE', ( #732 ), #1318, .F. ) ;
#1059 = EDGE_CURVE ( 'NONE', #258, #1791, #149, .T. ) ;
#1060 = DIRECTION ( 'NONE',  ( 0.000000000000000000, 0.000000000000000000, 1.000000000000000000 ) ) ;
#1061 = ORIENTED_EDGE ( 'NONE', *, *, #566, .T. ) ;
#1062 = EDGE_LOOP ( 'NONE', ( #849, #1688, #1588, #230 ) ) ;
#1063 = FACE_OUTER_BOUND ( 'NONE', #1296, .T. ) ;
#1064 = VECTOR ( 'NONE', #770, 1000.000000000000000 ) ;
#1065 = EDGE_LOOP ( 'NONE', ( #650, #1446, #1964, #2206, #1390, #2033, #131, #546 ) ) ;
#1066 = ORIENTED_EDGE ( 'NONE', *, *, #2172, .T. ) ;
#1067 = DIRECTION ( 'NONE',  ( 1.000000000000000000, 0.000000000000000000, 0.000000000000000000 ) ) ;
#1068 = CARTESIAN_POINT ( 'NONE',  ( 9.150000000000002132, -27.10000000000000142, 16.49999999999999645 ) ) ;
#1069 = EDGE_CURVE ( 'NONE', #2043, #2215, #1537, .T. ) ;
#1070 = EDGE_CURVE ( 'NONE', #208, #991, #771, .T. ) ;
#1071 = DIRECTION ( 'NONE',  ( 0.7071067811865414665, 0.000000000000000000, 0.7071067811865536790 ) ) ;
#1072 = CARTESIAN_POINT ( 'NONE',  ( 9.150000000000003908, -17.10000000000000142, 17.30000000000000071 ) ) ;
#1073 = EDGE_CURVE ( 'NONE', #541, #29, #731, .T. ) ;
#1074 = VECTOR ( 'NONE', #1807, 1000.000000000000000 ) ;
#1075 = CARTESIAN_POINT ( 'NONE',  ( 12.25000000000000178, -20.19999999999999574, 16.49999999999999645 ) ) ;
#1076 = DIRECTION ( 'NONE',  ( 8.384496800554570568E-14, -1.000000000000000000, 0.000000000000000000 ) ) ;
#1077 = VECTOR ( 'NONE', #240, 1000.000000000000000 ) ;
#1078 = CARTESIAN_POINT ( 'NONE',  ( -4.570000000002948148, -25.57999999999989527, 16.69999999999999574 ) ) ;
#1079 = AXIS2_PLACEMENT_3D ( 'NONE', #2352, #2228, #2604 ) ;
#1080 = DIRECTION ( 'NONE',  ( -0.000000000000000000, -0.000000000000000000, -1.000000000000000000 ) ) ;
#1081 = ORIENTED_EDGE ( 'NONE', *, *, #197, .T. ) ;
#1082 = ORIENTED_EDGE ( 'NONE', *, *, #424, .F. ) ;
#1083 = DIRECTION ( 'NONE',  ( 0.7071067811865474617, 0.000000000000000000, -0.7071067811865474617 ) ) ;
#1084 = DIRECTION ( 'NONE',  ( 0.000000000000000000, 0.000000000000000000, 1.000000000000000000 ) ) ;
#1085 = CARTESIAN_POINT ( 'NONE',  ( 8.250000000000001776, -29.79999999999999716, 17.49999999999999645 ) ) ;
#1086 = CARTESIAN_POINT ( 'NONE',  ( 10.25000000000000355, -20.19999999999999574, 16.69999999999999929 ) ) ;
#1087 = CARTESIAN_POINT ( 'NONE',  ( -12.25000000000000000, -20.40000000000000213, 17.49999999999999645 ) ) ;
#1088 = DIRECTION ( 'NONE',  ( 0.000000000000000000, 0.000000000000000000, -1.000000000000000000 ) ) ;
#1089 = EDGE_LOOP ( 'NONE', ( #1458, #1269, #1638, #1769 ) ) ;
#1090 = ADVANCED_FACE ( 'NONE', ( #957 ), #1764, .T. ) ;
#1091 = CIRCLE ( 'NONE', #1259, 2.900000000000003464 ) ;
#1092 = DIRECTION ( 'NONE',  ( 1.000000000000000000, 0.000000000000000000, 0.000000000000000000 ) ) ;
#1093 = CARTESIAN_POINT ( 'NONE',  ( 10.25000000000000355, -20.19999999999999574, 16.69999999999999929 ) ) ;
#1094 = ORIENTED_EDGE ( 'NONE', *, *, #1672, .T. ) ;
#1095 = VERTEX_POINT ( 'NONE', #1980 ) ;
#1096 = AXIS2_PLACEMENT_3D ( 'NONE', #2540, #1916, #1640 ) ;
#1097 = LINE ( 'NONE', #1909, #802 ) ;
#1098 = CARTESIAN_POINT ( 'NONE',  ( -8.250000000000001776, -30.00000000000000000, 17.30000000000000071 ) ) ;
#1099 = VECTOR ( 'NONE', #2169, 1000.000000000000000 ) ;
#1100 = EDGE_LOOP ( 'NONE', ( #1237, #1151, #2581, #449 ) ) ;
#1101 = ORIENTED_EDGE ( 'NONE', *, *, #2083, .F. ) ;
#1102 = PLANE ( 'NONE',  #2538 ) ;
#1103 = DIRECTION ( 'NONE',  ( 0.000000000000000000, 0.000000000000000000, 1.000000000000000000 ) ) ;
#1104 = CARTESIAN_POINT ( 'NONE',  ( 8.250000000000000000, -16.19999999999999929, 17.30000000000000071 ) ) ;
#1105 = CARTESIAN_POINT ( 'NONE',  ( -8.950000000000002842, -27.10000000000000497, 16.49999999999999645 ) ) ;
#1106 = CARTESIAN_POINT ( 'NONE',  ( -3.190000000002998437, -25.57999999999989527, 16.49999999999999645 ) ) ;
#1107 = EDGE_LOOP ( 'NONE', ( #436, #1466, #2421, #647 ) ) ;
#1108 = EDGE_LOOP ( 'NONE', ( #1384, #44, #1139, #926 ) ) ;
#1109 = CONICAL_SURFACE ( 'NONE', #2210, 1.299999999999999156, 0.7853981633974418397 ) ;
#1110 = PLANE ( 'NONE',  #250 ) ;
#1111 = DIRECTION ( 'NONE',  ( 0.000000000000000000, 0.7071067811865536790, -0.7071067811865414665 ) ) ;
#1112 = VERTEX_POINT ( 'NONE', #533 ) ;
#1113 = ORIENTED_EDGE ( 'NONE', *, *, #1314, .F. ) ;
#1114 = LINE ( 'NONE', #2314, #1471 ) ;
#1115 = ADVANCED_FACE ( 'NONE', ( #973 ), #1694, .F. ) ;
#1116 = DIRECTION ( 'NONE',  ( 0.000000000000000000, 1.000000000000000000, -0.000000000000000000 ) ) ;
#1117 = DIRECTION ( 'NONE',  ( -8.384496800554570568E-14, -1.000000000000000000, 0.000000000000000000 ) ) ;
#1118 = AXIS2_PLACEMENT_3D ( 'NONE', #462, #294, #2477 ) ;
#1119 = DIRECTION ( 'NONE',  ( 0.000000000000000000, 0.000000000000000000, -1.000000000000000000 ) ) ;
#1120 = ADVANCED_FACE ( 'NONE', ( #1228 ), #1109, .F. ) ;
#1121 = ORIENTED_EDGE ( 'NONE', *, *, #1287, .F. ) ;
#1122 = CONICAL_SURFACE ( 'NONE', #1460, 2.200000000000000622, 0.7853981633974500554 ) ;
#1123 = CARTESIAN_POINT ( 'NONE',  ( 3.189999999997001012, -24.19999999999994245, 16.69999999999999574 ) ) ;
#1124 = CARTESIAN_POINT ( 'NONE',  ( -3.190000000003000658, -27.75999999999994117, 17.49999999999999645 ) ) ;
#1125 = VECTOR ( 'NONE', #393, 1000.000000000000000 ) ;
#1126 = ORIENTED_EDGE ( 'NONE', *, *, #1866, .F. ) ;
#1127 = EDGE_CURVE ( 'NONE', #1659, #1791, #261, .T. ) ;
#1128 = VERTEX_POINT ( 'NONE', #395 ) ;
#1129 = ORIENTED_EDGE ( 'NONE', *, *, #1229, .T. ) ;
#1130 = CARTESIAN_POINT ( 'NONE',  ( -12.25000000000000000, -23.10000000000000142, 17.30000000000000071 ) ) ;
#1131 = CARTESIAN_POINT ( 'NONE',  ( 9.150000000000003908, -19.09999999999999432, 16.69999999999999929 ) ) ;
#1132 = LINE ( 'NONE', #2335, #190 ) ;
#1133 = DIRECTION ( 'NONE',  ( 1.000000000000000000, 0.000000000000000000, 0.000000000000000000 ) ) ;
#1134 = ORIENTED_EDGE ( 'NONE', *, *, #1356, .T. ) ;
#1135 = VECTOR ( 'NONE', #1032, 1000.000000000000000 ) ;
#1136 = ADVANCED_FACE ( 'NONE', ( #1030 ), #2166, .F. ) ;
#1137 = LINE ( 'NONE', #1555, #126 ) ;
#1138 = FACE_OUTER_BOUND ( 'NONE', #345, .T. ) ;
#1139 = ORIENTED_EDGE ( 'NONE', *, *, #880, .F. ) ;
#1140 = ORIENTED_EDGE ( 'NONE', *, *, #719, .F. ) ;
#1141 = VECTOR ( 'NONE', #486, 1000.000000000000000 ) ;
#1142 = ORIENTED_EDGE ( 'NONE', *, *, #1696, .F. ) ;
#1143 = CARTESIAN_POINT ( 'NONE',  ( -12.25000000000000000, -20.39999999999999858, 16.49999999999999645 ) ) ;
#1144 = CONICAL_SURFACE ( 'NONE', #379, 1.299999999999999156, 0.7853981633974396193 ) ;
#1145 = VECTOR ( 'NONE', #2608, 1000.000000000000114 ) ;
#1146 = DIRECTION ( 'NONE',  ( -0.000000000000000000, -0.000000000000000000, 1.000000000000000000 ) ) ;
#1147 = EDGE_CURVE ( 'NONE', #239, #405, #180, .T. ) ;
#1148 = VERTEX_POINT ( 'NONE', #174 ) ;
#1149 = PLANE ( 'NONE',  #2220 ) ;
#1150 = CARTESIAN_POINT ( 'NONE',  ( 12.25000000000000355, -26.00000000000000355, 17.30000000000000071 ) ) ;
#1151 = ORIENTED_EDGE ( 'NONE', *, *, #2459, .F. ) ;
#1152 = DIRECTION ( 'NONE',  ( -1.000000000000000000, 0.000000000000000000, 0.000000000000000000 ) ) ;
#1153 = CARTESIAN_POINT ( 'NONE',  ( 9.150000000000002132, -27.10000000000000142, 16.69999999999999929 ) ) ;
#1154 = ORIENTED_EDGE ( 'NONE', *, *, #968, .T. ) ;
#1155 = ORIENTED_EDGE ( 'NONE', *, *, #1601, .F. ) ;
#1156 = EDGE_CURVE ( 'NONE', #2133, #2560, #388, .T. ) ;
#1157 = ORIENTED_EDGE ( 'NONE', *, *, #1059, .F. ) ;
#1158 = FACE_OUTER_BOUND ( 'NONE', #2580, .T. ) ;
#1159 = ADVANCED_FACE ( 'NONE', ( #1208 ), #427, .T. ) ;
#1160 = CARTESIAN_POINT ( 'NONE',  ( -10.25000000000000178, -27.10000000000000497, 17.30000000000000071 ) ) ;
#1161 = EDGE_CURVE ( 'NONE', #163, #2342, #1995, .T. ) ;
#1162 = VERTEX_POINT ( 'NONE', #610 ) ;
#1163 = EDGE_LOOP ( 'NONE', ( #1557, #1281, #1157, #1082 ) ) ;
#1164 = ORIENTED_EDGE ( 'NONE', *, *, #835, .F. ) ;
#1165 = CARTESIAN_POINT ( 'NONE',  ( 14.45000000000000107, -23.09999999999999787, 17.49999999999999645 ) ) ;
#1166 = LINE ( 'NONE', #919, #2391 ) ;
#1167 = ORIENTED_EDGE ( 'NONE', *, *, #264, .F. ) ;
#1168 = CARTESIAN_POINT ( 'NONE',  ( -8.250000000000000000, -16.40000000000000213, 17.49999999999999645 ) ) ;
#1169 = FACE_OUTER_BOUND ( 'NONE', #440, .T. ) ;
#1170 = VECTOR ( 'NONE', #803, 1000.000000000000000 ) ;
#1171 = ORIENTED_EDGE ( 'NONE', *, *, #1511, .F. ) ;
#1172 = DIRECTION ( 'NONE',  ( 0.000000000000000000, 1.000000000000000000, 0.000000000000000000 ) ) ;
#1173 = VECTOR ( 'NONE', #1205, 1000.000000000000000 ) ;
#1174 = DIRECTION ( 'NONE',  ( -0.000000000000000000, -0.000000000000000000, 1.000000000000000000 ) ) ;
#1175 = EDGE_LOOP ( 'NONE', ( #1517, #1113, #1406, #1221 ) ) ;
#1176 = ORIENTED_EDGE ( 'NONE', *, *, #245, .F. ) ;
#1177 = CARTESIAN_POINT ( 'NONE',  ( -8.250000000000001776, -30.00000000000000000, 16.69999999999999929 ) ) ;
#1178 = CARTESIAN_POINT ( 'NONE',  ( 4.569999999997076401, -26.17999999999989313, 17.29999999999999716 ) ) ;
#1179 = EDGE_LOOP ( 'NONE', ( #2455, #609 ) ) ;
#1180 = CARTESIAN_POINT ( 'NONE',  ( -10.05000000000000071, -23.10000000000000142, 17.49999999999999645 ) ) ;
#1181 = CIRCLE ( 'NONE', #372, 0.6999999999999957367 ) ;
#1182 = FILL_AREA_STYLE ('',( #368 ) ) ;
#1183 = DIRECTION ( 'NONE',  ( 0.000000000000000000, 0.000000000000000000, 1.000000000000000000 ) ) ;
#1184 = VECTOR ( 'NONE', #129, 1000.000000000000000 ) ;
#1185 = DIRECTION ( 'NONE',  ( -1.000000000000000000, 0.000000000000000000, 0.000000000000000000 ) ) ;
#1186 = AXIS2_PLACEMENT_3D ( 'NONE', #1130, #2532, #1345 ) ;
#1187 = AXIS2_PLACEMENT_3D ( 'NONE', #481, #2288, #671 ) ;
#1188 = EDGE_LOOP ( 'NONE', ( #1529, #2222, #1833, #41 ) ) ;
#1189 = ORIENTED_EDGE ( 'NONE', *, *, #1792, .F. ) ;
#1190 = DIRECTION ( 'NONE',  ( 0.000000000000000000, -0.7071067811865414665, -0.7071067811865536790 ) ) ;
#1191 = DIRECTION ( 'NONE',  ( -0.000000000000000000, -0.000000000000000000, 1.000000000000000000 ) ) ;
#1192 = ORIENTED_EDGE ( 'NONE', *, *, #2286, .F. ) ;
#1193 = ADVANCED_FACE ( 'NONE', ( #2409 ), #2004, .F. ) ;
#1194 = EDGE_CURVE ( 'NONE', #764, #2450, #1009, .T. ) ;
#1195 = CARTESIAN_POINT ( 'NONE',  ( -12.25000000000000000, -26.00000000000000711, 16.49999999999999645 ) ) ;
#1196 = ORIENTED_EDGE ( 'NONE', *, *, #1814, .T. ) ;
#1197 = CARTESIAN_POINT ( 'NONE',  ( -4.570000000002998775, -26.17999999999989313, 17.29999999999999716 ) ) ;
#1198 = VECTOR ( 'NONE', #2065, 1000.000000000000000 ) ;
#1199 = DIRECTION ( 'NONE',  ( 8.673617379884043361E-16, 1.000000000000000000, 0.000000000000000000 ) ) ;
#1200 = AXIS2_PLACEMENT_3D ( 'NONE', #2028, #1584, #198 ) ;
#1201 = ORIENTED_EDGE ( 'NONE', *, *, #1038, .F. ) ;
#1202 = DIRECTION ( 'NONE',  ( -0.7071067811865414665, 0.000000000000000000, 0.7071067811865536790 ) ) ;
#1203 = CARTESIAN_POINT ( 'NONE',  ( -8.250000000000000000, -16.39999999999999858, 16.49999999999999645 ) ) ;
#1204 = ORIENTED_EDGE ( 'NONE', *, *, #1626, .F. ) ;
#1205 = DIRECTION ( 'NONE',  ( -8.673617379884043361E-16, -1.000000000000000000, 0.000000000000000000 ) ) ;
#1206 = CIRCLE ( 'NONE', #994, 2.700000000000001066 ) ;
#1207 = EDGE_LOOP ( 'NONE', ( #908, #782, #351, #2152 ) ) ;
#1208 = FACE_OUTER_BOUND ( 'NONE', #1216, .T. ) ;
#1209 = ADVANCED_FACE ( 'NONE', ( #2624 ), #1021, .F. ) ;
#1210 = AXIS2_PLACEMENT_3D ( 'NONE', #192, #2435, #1004 ) ;
#1211 = AXIS2_PLACEMENT_3D ( 'NONE', #564, #980, #1551 ) ;
#1212 = DIRECTION ( 'NONE',  ( -0.000000000000000000, -0.7071067811865414665, -0.7071067811865536790 ) ) ;
#1213 = ORIENTED_EDGE ( 'NONE', *, *, #2416, .F. ) ;
#1214 = FACE_BOUND ( 'NONE', #144, .T. ) ;
#1215 = LINE ( 'NONE', #1015, #2179 ) ;
#1216 = EDGE_LOOP ( 'NONE', ( #1982, #2103, #815, #2479 ) ) ;
#1217 = DIRECTION ( 'NONE',  ( -0.000000000000000000, -0.000000000000000000, -1.000000000000000000 ) ) ;
#1218 = VERTEX_POINT ( 'NONE', #2006 ) ;
#1219 = LINE ( 'NONE', #1432, #1024 ) ;
#1220 = FACE_OUTER_BOUND ( 'NONE', #2507, .T. ) ;
#1221 = ORIENTED_EDGE ( 'NONE', *, *, #49, .F. ) ;
#1222 = FACE_OUTER_BOUND ( 'NONE', #1089, .T. ) ;
#1223 = CYLINDRICAL_SURFACE ( 'NONE', #740, 1.100000000000000311 ) ;
#1224 = ORIENTED_EDGE ( 'NONE', *, *, #669, .F. ) ;
#1225 = CARTESIAN_POINT ( 'NONE',  ( 3.189999999997001012, -25.57999999999989527, 16.49999999999999645 ) ) ;
#1226 = ORIENTED_EDGE ( 'NONE', *, *, #385, .T. ) ;
#1227 = CYLINDRICAL_SURFACE ( 'NONE', #1096, 2.900000000000003464 ) ;
#1228 = FACE_OUTER_BOUND ( 'NONE', #1175, .T. ) ;
#1229 = EDGE_CURVE ( 'NONE', #1758, #239, #1397, .T. ) ;
#1230 = DIRECTION ( 'NONE',  ( 0.000000000000000000, 0.000000000000000000, 1.000000000000000000 ) ) ;
#1231 = EDGE_CURVE ( 'NONE', #1842, #319, #517, .T. ) ;
#1232 = EDGE_LOOP ( 'NONE', ( #56, #2090, #278, #703 ) ) ;
#1233 = AXIS2_PLACEMENT_3D ( 'NONE', #6, #1183, #810 ) ;
#1234 = EDGE_CURVE ( 'NONE', #2063, #358, #1826, .T. ) ;
#1235 = CARTESIAN_POINT ( 'NONE',  ( 3.189999999997001012, -25.57999999999989527, 16.49999999999999645 ) ) ;
#1236 = CARTESIAN_POINT ( 'NONE',  ( -8.949999999999997513, -27.10000000000000497, 17.49999999999999645 ) ) ;
#1237 = ORIENTED_EDGE ( 'NONE', *, *, #1329, .T. ) ;
#1238 = DIRECTION ( 'NONE',  ( -1.000000000000000000, 0.000000000000000000, 0.000000000000000000 ) ) ;
#1239 = EDGE_CURVE ( 'NONE', #715, #2215, #1219, .T. ) ;
#1240 = FACE_OUTER_BOUND ( 'NONE', #2462, .T. ) ;
#1241 = DIRECTION ( 'NONE',  ( 1.000000000000000000, 0.000000000000000000, 0.000000000000000000 ) ) ;
#1242 = LINE ( 'NONE', #1656, #339 ) ;
#1243 = DIRECTION ( 'NONE',  ( 0.000000000000000000, 0.000000000000000000, 1.000000000000000000 ) ) ;
#1244 = ORIENTED_EDGE ( 'NONE', *, *, #332, .F. ) ;
#1245 = CONICAL_SURFACE ( 'NONE', #1211, 1.100000000000000311, 0.7853981633974569387 ) ;
#1246 = EDGE_CURVE ( 'NONE', #206, #1832, #421, .T. ) ;
#1247 = CARTESIAN_POINT ( 'NONE',  ( -4.770000000002997176, -26.17999999999989313, 17.49999999999999645 ) ) ;
#1248 = DIRECTION ( 'NONE',  ( 1.000000000000000000, 0.000000000000000000, 0.000000000000000000 ) ) ;
#1249 = VECTOR ( 'NONE', #2027, 1000.000000000000000 ) ;
#1250 = VERTEX_POINT ( 'NONE', #224 ) ;
#1251 = ORIENTED_EDGE ( 'NONE', *, *, #2475, .T. ) ;
#1252 = FACE_OUTER_BOUND ( 'NONE', #59, .T. ) ;
#1253 = EDGE_LOOP ( 'NONE', ( #1154, #107, #2212, #1189 ) ) ;
#1254 = EDGE_CURVE ( 'NONE', #29, #189, #997, .T. ) ;
#1255 = ADVANCED_FACE ( 'NONE', ( #2610 ), #1608, .T. ) ;
#1256 = DIRECTION ( 'NONE',  ( -8.384496800554570568E-14, 1.000000000000000000, 0.000000000000000000 ) ) ;
#1257 = DIRECTION ( 'NONE',  ( 0.000000000000000000, 1.000000000000000000, -0.000000000000000000 ) ) ;
#1258 = CARTESIAN_POINT ( 'NONE',  ( -9.150000000000002132, -27.10000000000000497, 17.30000000000000071 ) ) ;
#1259 = AXIS2_PLACEMENT_3D ( 'NONE', #734, #1146, #1362 ) ;
#1260 = DIRECTION ( 'NONE',  ( 1.000000000000000000, 0.000000000000000000, 0.000000000000000000 ) ) ;
#1261 = APPLICATION_PROTOCOL_DEFINITION ( 'draft international standard', 'automotive_design', 1998, #1501 ) ;
#1262 = VERTEX_POINT ( 'NONE', #1875 ) ;
#1263 = ADVANCED_FACE ( 'NONE', ( #1665 ), #3, .F. ) ;
#1264 = VECTOR ( 'NONE', #2557, 1000.000000000000000 ) ;
#1265 = CONICAL_SURFACE ( 'NONE', #2367, 1.379999999999950377, 0.7853981633974385090 ) ;
#1266 = EDGE_CURVE ( 'NONE', #1851, #883, #2079, .T. ) ;
#1267 = DIRECTION ( 'NONE',  ( -0.7071067811865536790, -5.928734544509099639E-14, 0.7071067811865414665 ) ) ;
#1268 = ORIENTED_EDGE ( 'NONE', *, *, #577, .F. ) ;
#1269 = ORIENTED_EDGE ( 'NONE', *, *, #1334, .F. ) ;
#1270 = VECTOR ( 'NONE', #675, 1000.000000000000000 ) ;
#1271 = EDGE_CURVE ( 'NONE', #1478, #1250, #348, .T. ) ;
#1272 = CARTESIAN_POINT ( 'NONE',  ( 4.769999999996977991, -25.57999999999987750, 16.49999999999999645 ) ) ;
#1273 = DIRECTION ( 'NONE',  ( 0.000000000000000000, 0.000000000000000000, 1.000000000000000000 ) ) ;
#1274 = DIRECTION ( 'NONE',  ( -8.384496800554570568E-14, 1.000000000000000000, 0.000000000000000000 ) ) ;
#1275 = CARTESIAN_POINT ( 'NONE',  ( 10.25000000000000178, -25.80000000000000071, 17.49999999999999645 ) ) ;
#1276 = PLANE ( 'NONE',  #1421 ) ;
#1277 = FACE_OUTER_BOUND ( 'NONE', #552, .T. ) ;
#1278 = ORIENTED_EDGE ( 'NONE', *, *, #1792, .T. ) ;
#1279 = DIRECTION ( 'NONE',  ( -0.000000000000000000, -0.000000000000000000, 1.000000000000000000 ) ) ;
#1280 = ORIENTED_EDGE ( 'NONE', *, *, #1866, .T. ) ;
#1281 = ORIENTED_EDGE ( 'NONE', *, *, #566, .F. ) ;
#1282 = CARTESIAN_POINT ( 'NONE',  ( 3.189999999997001012, -27.55999999999999517, 16.69999999999999574 ) ) ;
#1283 = CARTESIAN_POINT ( 'NONE',  ( -15.15000000000000391, -23.10000000000000142, 17.30000000000000071 ) ) ;
#1284 = CARTESIAN_POINT ( 'NONE',  ( -9.150000000000002132, -27.10000000000000497, 16.49999999999999645 ) ) ;
#1285 = AXIS2_PLACEMENT_3D ( 'NONE', #2383, #2622, #2198 ) ;
#1286 = DIRECTION ( 'NONE',  ( 0.000000000000000000, 0.000000000000000000, 1.000000000000000000 ) ) ;
#1287 = EDGE_CURVE ( 'NONE', #2437, #1330, #657, .T. ) ;
#1288 = CARTESIAN_POINT ( 'NONE',  ( 8.250000000000000000, -16.19999999999999929, 16.69999999999999929 ) ) ;
#1289 = DIRECTION ( 'NONE',  ( -0.7071067811865487940, 8.659560562354948882E-17, 0.7071067811865463515 ) ) ;
#1290 = ORIENTED_EDGE ( 'NONE', *, *, #1548, .T. ) ;
#1291 = AXIS2_PLACEMENT_3D ( 'NONE', #179, #563, #2177 ) ;
#1292 = AXIS2_PLACEMENT_3D ( 'NONE', #1489, #1267, #58 ) ;
#1293 = CARTESIAN_POINT ( 'NONE',  ( -4.770000000002951879, -25.57999999999987750, 16.49999999999999645 ) ) ;
#1294 = CIRCLE ( 'NONE', #656, 1.579999999999977200 ) ;
#1295 = DIRECTION ( 'NONE',  ( 1.000000000000000000, 0.000000000000000000, 0.000000000000000000 ) ) ;
#1296 = EDGE_LOOP ( 'NONE', ( #2388, #1224, #1942, #87, #2089 ) ) ;
#1297 = ORIENTED_EDGE ( 'NONE', *, *, #572, .T. ) ;
#1298 = CARTESIAN_POINT ( 'NONE',  ( 4.569999999996976037, -25.57999999999989527, 16.69999999999999574 ) ) ;
#1299 = CARTESIAN_POINT ( 'NONE',  ( -10.25000000000000178, -27.10000000000000497, 17.30000000000000071 ) ) ;
#1300 = ORIENTED_EDGE ( 'NONE', *, *, #1512, .T. ) ;
#1301 = DIRECTION ( 'NONE',  ( 1.000000000000000000, -0.000000000000000000, 0.000000000000000000 ) ) ;
#1302 = CARTESIAN_POINT ( 'NONE',  ( 10.25000000000000355, -19.09999999999999432, 16.49999999999999645 ) ) ;
#1303 = UNCERTAINTY_MEASURE_WITH_UNIT (LENGTH_MEASURE( 1.000000000000000082E-05 ), #996, 'distance_accuracy_value', 'NONE');
#1304 = DIRECTION ( 'NONE',  ( 0.7071067811865414665, 0.000000000000000000, -0.7071067811865536790 ) ) ;
#1305 = PRODUCT_CONTEXT ( 'NONE', #505, 'mechanical' ) ;
#1306 = AXIS2_PLACEMENT_3D ( 'NONE', #891, #1710, #2072 ) ;
#1307 = DIRECTION ( 'NONE',  ( 1.000000000000000000, 0.000000000000000000, 0.000000000000000000 ) ) ;
#1308 = CARTESIAN_POINT ( 'NONE',  ( -14.95000000000000107, -23.10000000000000142, 17.49999999999999645 ) ) ;
#1309 = ORIENTED_EDGE ( 'NONE', *, *, #1897, .T. ) ;
#1310 = ORIENTED_EDGE ( 'NONE', *, *, #816, .F. ) ;
#1311 = VECTOR ( 'NONE', #2362, 1000.000000000000000 ) ;
#1312 = DIRECTION ( 'NONE',  ( 0.000000000000000000, 0.7071067811865536790, -0.7071067811865414665 ) ) ;
#1313 = DIRECTION ( 'NONE',  ( 0.7071067811865536790, 0.000000000000000000, -0.7071067811865414665 ) ) ;
#1314 = EDGE_CURVE ( 'NONE', #715, #883, #1358, .T. ) ;
#1315 = AXIS2_PLACEMENT_3D ( 'NONE', #1508, #1525, #118 ) ;
#1316 = ORIENTED_EDGE ( 'NONE', *, *, #2523, .T. ) ;
#1317 = ORIENTED_EDGE ( 'NONE', *, *, #1618, .T. ) ;
#1318 = PLANE ( 'NONE',  #1370 ) ;
#1319 = EDGE_CURVE ( 'NONE', #448, #303, #2318, .T. ) ;
#1320 = LINE ( 'NONE', #1883, #1774 ) ;
#1321 = ORIENTED_EDGE ( 'NONE', *, *, #2441, .T. ) ;
#1322 = DIRECTION ( 'NONE',  ( -0.000000000000000000, 0.7071067811865414665, -0.7071067811865536790 ) ) ;
#1323 = ADVANCED_FACE ( 'NONE', ( #1676 ), #2485, .F. ) ;
#1324 = PLANE ( 'NONE',  #1292 ) ;
#1325 = VERTEX_POINT ( 'NONE', #858 ) ;
#1326 = DIRECTION ( 'NONE',  ( 0.000000000000000000, 0.000000000000000000, 1.000000000000000000 ) ) ;
#1327 = CARTESIAN_POINT ( 'NONE',  ( -13.44999999999999929, -23.10000000000000142, 16.50000000000000000 ) ) ;
#1328 = VERTEX_POINT ( 'NONE', #1282 ) ;
#1329 = EDGE_CURVE ( 'NONE', #1325, #2510, #670, .T. ) ;
#1330 = VERTEX_POINT ( 'NONE', #1272 ) ;
#1331 = CYLINDRICAL_SURFACE ( 'NONE', #1993, 1.100000000000000311 ) ;
#1332 = DIRECTION ( 'NONE',  ( -8.384496800554570568E-14, -1.000000000000000000, 0.000000000000000000 ) ) ;
#1333 = VERTEX_POINT ( 'NONE', #1481 ) ;
#1334 = EDGE_CURVE ( 'NONE', #1218, #1128, #1055, .T. ) ;
#1335 = FACE_OUTER_BOUND ( 'NONE', #1006, .T. ) ;
#1336 = VECTOR ( 'NONE', #979, 1000.000000000000000 ) ;
#1337 = DIRECTION ( 'NONE',  ( 0.000000000000000000, 0.7071067811865536790, -0.7071067811865414665 ) ) ;
#1338 = ORIENTED_EDGE ( 'NONE', *, *, #1459, .F. ) ;
#1339 = CONICAL_SURFACE ( 'NONE', #479, 2.700000000000001066, 0.7853981633974569387 ) ;
#1340 = LINE ( 'NONE', #1704, #1609 ) ;
#1341 = DIRECTION ( 'NONE',  ( -1.000000000000000000, 0.000000000000000000, 0.000000000000000000 ) ) ;
#1342 = EDGE_LOOP ( 'NONE', ( #2434, #315, #2526, #268 ) ) ;
#1343 = EDGE_CURVE ( 'NONE', #1753, #1328, #2115, .T. ) ;
#1344 = ORIENTED_EDGE ( 'NONE', *, *, #24, .T. ) ;
#1345 = DIRECTION ( 'NONE',  ( 1.000000000000000000, 0.000000000000000000, 0.000000000000000000 ) ) ;
#1346 = CYLINDRICAL_SURFACE ( 'NONE', #2438, 0.8999999999999980238 ) ;
#1347 = ORIENTED_EDGE ( 'NONE', *, *, #1988, .F. ) ;
#1348 = DIRECTION ( 'NONE',  ( 1.000000000000000000, 0.000000000000000000, 0.000000000000000000 ) ) ;
#1349 = CARTESIAN_POINT ( 'NONE',  ( -8.950000000000002842, -27.10000000000000497, 16.49999999999999645 ) ) ;
#1350 = ORIENTED_EDGE ( 'NONE', *, *, #620, .T. ) ;
#1351 = ADVANCED_FACE ( 'NONE', ( #845 ), #840, .F. ) ;
#1352 = EDGE_CURVE ( 'NONE', #901, #2599, #2457, .T. ) ;
#1353 = LINE ( 'NONE', #2527, #1523 ) ;
#1354 = DIRECTION ( 'NONE',  ( 0.000000000000000000, 1.000000000000000000, -0.000000000000000000 ) ) ;
#1355 = VERTEX_POINT ( 'NONE', #1863 ) ;
#1356 = EDGE_CURVE ( 'NONE', #1753, #1333, #2092, .T. ) ;
#1357 = ORIENTED_EDGE ( 'NONE', *, *, #993, .T. ) ;
#1358 = CIRCLE ( 'NONE', #376, 1.100000000000000311 ) ;
#1359 = DIRECTION ( 'NONE',  ( -0.7071067811865444641, 0.000000000000000000, 0.7071067811865505703 ) ) ;
#1360 = AXIS2_PLACEMENT_3D ( 'NONE', #1302, #2112, #52 ) ;
#1361 = AXIS2_PLACEMENT_3D ( 'NONE', #1797, #742, #1341 ) ;
#1362 = DIRECTION ( 'NONE',  ( 1.000000000000000000, 0.000000000000000000, 0.000000000000000000 ) ) ;
#1363 = ORIENTED_EDGE ( 'NONE', *, *, #1618, .F. ) ;
#1364 = ORIENTED_EDGE ( 'NONE', *, *, #2184, .T. ) ;
#1365 = LINE ( 'NONE', #2594, #401 ) ;
#1366 = CARTESIAN_POINT ( 'NONE',  ( -3.190000000002998437, -23.99999999999994316, 16.49999999999999645 ) ) ;
#1367 = ORIENTED_EDGE ( 'NONE', *, *, #1696, .T. ) ;
#1368 = FACE_OUTER_BOUND ( 'NONE', #1002, .T. ) ;
#1369 = DIRECTION ( 'NONE',  ( -0.7071067811865383579, 0.000000000000000000, -0.7071067811865566766 ) ) ;
#1370 = AXIS2_PLACEMENT_3D ( 'NONE', #544, #1530, #518 ) ;
#1371 = EDGE_LOOP ( 'NONE', ( #1363, #1310, #1268, #2380 ) ) ;
#1372 = CARTESIAN_POINT ( 'NONE',  ( -3.190000000002998437, -24.19999999999994245, 17.29999999999999716 ) ) ;
#1373 = EDGE_CURVE ( 'NONE', #1333, #1330, #1097, .T. ) ;
#1374 = FACE_OUTER_BOUND ( 'NONE', #788, .T. ) ;
#1375 = ORIENTED_EDGE ( 'NONE', *, *, #373, .T. ) ;
#1376 = ORIENTED_EDGE ( 'NONE', *, *, #2568, .T. ) ;
#1377 = DIRECTION ( 'NONE',  ( 0.000000000000000000, 0.000000000000000000, 1.000000000000000000 ) ) ;
#1378 = CARTESIAN_POINT ( 'NONE',  ( -9.150000000000000355, -19.09999999999999787, 16.69999999999999929 ) ) ;
#1379 = VERTEX_POINT ( 'NONE', #1641 ) ;
#1380 = VECTOR ( 'NONE', #1405, 1000.000000000000000 ) ;
#1381 = PLANE ( 'NONE',  #1947 ) ;
#1382 = LINE ( 'NONE', #540, #825 ) ;
#1383 = CIRCLE ( 'NONE', #1928, 1.199999999999999734 ) ;
#1384 = ORIENTED_EDGE ( 'NONE', *, *, #1738, .T. ) ;
#1385 = ORIENTED_EDGE ( 'NONE', *, *, #1464, .F. ) ;
#1386 = CARTESIAN_POINT ( 'NONE',  ( 3.189999999997001012, -25.57999999999989527, 16.49999999999999645 ) ) ;
#1387 = AXIS2_PLACEMENT_3D ( 'NONE', #817, #1051, #2618 ) ;
#1388 = FACE_OUTER_BOUND ( 'NONE', #1253, .T. ) ;
#1389 = ORIENTED_EDGE ( 'NONE', *, *, #1818, .T. ) ;
#1390 = ORIENTED_EDGE ( 'NONE', *, *, #296, .T. ) ;
#1391 = CARTESIAN_POINT ( 'NONE',  ( -9.150000000000002132, -29.10000000000000142, 16.69999999999999929 ) ) ;
#1392 = DIRECTION ( 'NONE',  ( -0.000000000000000000, -0.000000000000000000, 1.000000000000000000 ) ) ;
#1393 = ORIENTED_EDGE ( 'NONE', *, *, #719, .T. ) ;
#1394 = CARTESIAN_POINT ( 'NONE',  ( -12.25000000000000000, -20.19999999999999929, 16.69999999999999929 ) ) ;
#1395 = AXIS2_PLACEMENT_3D ( 'NONE', #811, #1445, #820 ) ;
#1396 = EDGE_CURVE ( 'NONE', #2450, #901, #209, .T. ) ;
#1397 = LINE ( 'NONE', #1812, #1660 ) ;
#1398 = VECTOR ( 'NONE', #274, 1000.000000000000000 ) ;
#1399 = CARTESIAN_POINT ( 'NONE',  ( -3.190000000002998437, -26.17999999999989313, 16.49999999999999645 ) ) ;
#1400 = VECTOR ( 'NONE', #238, 1000.000000000000000 ) ;
#1401 = VECTOR ( 'NONE', #1921, 1000.000000000000000 ) ;
#1402 = ORIENTED_EDGE ( 'NONE', *, *, #931, .T. ) ;
#1403 = ADVANCED_FACE ( 'NONE', ( #2244 ), #430, .F. ) ;
#1404 = FACE_OUTER_BOUND ( 'NONE', #1188, .T. ) ;
#1405 = DIRECTION ( 'NONE',  ( -1.000000000000000000, 0.000000000000000000, 0.000000000000000000 ) ) ;
#1406 = ORIENTED_EDGE ( 'NONE', *, *, #560, .F. ) ;
#1407 = EDGE_CURVE ( 'NONE', #543, #1907, #1567, .T. ) ;
#1408 = FACE_OUTER_BOUND ( 'NONE', #300, .T. ) ;
#1409 = ORIENTED_EDGE ( 'NONE', *, *, #373, .F. ) ;
#1410 = DIRECTION ( 'NONE',  ( 1.000000000000000000, 0.000000000000000000, 0.000000000000000000 ) ) ;
#1411 = AXIS2_PLACEMENT_3D ( 'NONE', #819, #2223, #2029 ) ;
#1412 = CARTESIAN_POINT ( 'NONE',  ( -10.25000000000000178, -27.10000000000000497, 16.49999999999999645 ) ) ;
#1413 = PRESENTATION_LAYER_ASSIGNMENT (  '', '', ( #50 ) ) ;
#1414 = ORIENTED_EDGE ( 'NONE', *, *, #1319, .T. ) ;
#1415 = PLANE ( 'NONE',  #2563 ) ;
#1416 = CARTESIAN_POINT ( 'NONE',  ( -3.190000000002998437, -26.17999999999989313, 17.49999999999999645 ) ) ;
#1417 = ORIENTED_EDGE ( 'NONE', *, *, #1069, .F. ) ;
#1418 = PLANE ( 'NONE',  #441 ) ;
#1419 = EDGE_LOOP ( 'NONE', ( #2284, #1081, #896, #2494 ) ) ;
#1420 = CARTESIAN_POINT ( 'NONE',  ( 8.949999999999999289, -27.10000000000002274, 17.49999999999999645 ) ) ;
#1421 = AXIS2_PLACEMENT_3D ( 'NONE', #1075, #1116, #471 ) ;
#1422 = EDGE_CURVE ( 'NONE', #405, #1027, #1731, .T. ) ;
#1423 = VECTOR ( 'NONE', #205, 1000.000000000000000 ) ;
#1424 = DIRECTION ( 'NONE',  ( 0.000000000000000000, 0.000000000000000000, 1.000000000000000000 ) ) ;
#1425 = FACE_OUTER_BOUND ( 'NONE', #902, .T. ) ;
#1426 = LINE ( 'NONE', #2251, #2099 ) ;
#1427 = ORIENTED_EDGE ( 'NONE', *, *, #867, .T. ) ;
#1428 = CARTESIAN_POINT ( 'NONE',  ( 8.949999999999997513, -29.10000000000000142, 16.49999999999999645 ) ) ;
#1429 = EDGE_CURVE ( 'NONE', #1753, #2395, #1340, .T. ) ;
#1430 = EDGE_CURVE ( 'NONE', #2043, #2119, #1920, .T. ) ;
#1431 = EDGE_LOOP ( 'NONE', ( #476, #2168, #852, #694 ) ) ;
#1432 = CARTESIAN_POINT ( 'NONE',  ( -9.150000000000000355, -19.09999999999999787, 16.49999999999999645 ) ) ;
#1433 = ADVANCED_FACE ( 'NONE', ( #145 ), #2030, .T. ) ;
#1434 = CIRCLE ( 'NONE', #244, 2.900000000000003464 ) ;
#1435 = CARTESIAN_POINT ( 'NONE',  ( 12.25000000000000000, -23.09999999999999787, 16.49999999999999645 ) ) ;
#1436 = EDGE_LOOP ( 'NONE', ( #1309, #1140, #465, #697 ) ) ;
#1437 = DIRECTION ( 'NONE',  ( 1.000000000000000000, 0.000000000000000000, 0.000000000000000000 ) ) ;
#1438 = VECTOR ( 'NONE', #1879, 1000.000000000000000 ) ;
#1439 = FACE_OUTER_BOUND ( 'NONE', #499, .T. ) ;
#1440 = EDGE_LOOP ( 'NONE', ( #1946, #988, #1126, #1033 ) ) ;
#1441 = DIRECTION ( 'NONE',  ( -0.000000000000000000, -0.000000000000000000, -1.000000000000000000 ) ) ;
#1442 = CARTESIAN_POINT ( 'NONE',  ( -3.190000000002998437, -24.19999999999994245, 17.29999999999999716 ) ) ;
#1443 = DIRECTION ( 'NONE',  ( 0.000000000000000000, 0.000000000000000000, 1.000000000000000000 ) ) ;
#1444 = DIRECTION ( 'NONE',  ( 1.000000000000000000, 0.000000000000000000, 0.000000000000000000 ) ) ;
#1445 = DIRECTION ( 'NONE',  ( 0.000000000000000000, 0.000000000000000000, 1.000000000000000000 ) ) ;
#1446 = ORIENTED_EDGE ( 'NONE', *, *, #10, .T. ) ;
#1447 = LINE ( 'NONE', #789, #531 ) ;
#1448 = DIRECTION ( 'NONE',  ( 0.7071067811865487940, 0.000000000000000000, 0.7071067811865463515 ) ) ;
#1449 = EDGE_LOOP ( 'NONE', ( #1129, #355, #121, #2483 ) ) ;
#1450 = EDGE_LOOP ( 'NONE', ( #594, #1572, #2237, #2529 ) ) ;
#1451 = EDGE_CURVE ( 'NONE', #1488, #141, #36, .T. ) ;
#1452 = FACE_OUTER_BOUND ( 'NONE', #1342, .T. ) ;
#1453 = ORIENTED_EDGE ( 'NONE', *, *, #797, .T. ) ;
#1454 = DIRECTION ( 'NONE',  ( 1.000000000000000000, 0.000000000000000000, 0.000000000000000000 ) ) ;
#1455 = CARTESIAN_POINT ( 'NONE',  ( 9.150000000000000355, -29.10000000000000142, 17.30000000000000071 ) ) ;
#1456 = DIRECTION ( 'NONE',  ( 1.000000000000000000, 0.000000000000000000, 0.000000000000000000 ) ) ;
#1457 = AXIS2_PLACEMENT_3D ( 'NONE', #1177, #363, #156 ) ;
#1458 = ORIENTED_EDGE ( 'NONE', *, *, #2094, .F. ) ;
#1459 = EDGE_CURVE ( 'NONE', #745, #2341, #132, .T. ) ;
#1460 = AXIS2_PLACEMENT_3D ( 'NONE', #45, #1279, #1505 ) ;
#1461 = EDGE_CURVE ( 'NONE', #2343, #1674, #2324, .T. ) ;
#1462 = DIRECTION ( 'NONE',  ( 1.000000000000000000, 0.000000000000000000, 0.000000000000000000 ) ) ;
#1463 = ORIENTED_EDGE ( 'NONE', *, *, #797, .F. ) ;
#1464 = EDGE_CURVE ( 'NONE', #1662, #2119, #1815, .T. ) ;
#1465 = DIRECTION ( 'NONE',  ( 1.000000000000000000, 0.000000000000000000, 0.000000000000000000 ) ) ;
#1466 = ORIENTED_EDGE ( 'NONE', *, *, #296, .F. ) ;
#1467 = ORIENTED_EDGE ( 'NONE', *, *, #2530, .T. ) ;
#1468 = DIRECTION ( 'NONE',  ( 0.000000000000000000, 0.000000000000000000, 1.000000000000000000 ) ) ;
#1469 = DIRECTION ( 'NONE',  ( -0.000000000000000000, -0.000000000000000000, 1.000000000000000000 ) ) ;
#1470 = CARTESIAN_POINT ( 'NONE',  ( -12.25000000000000000, -23.10000000000000142, 16.49999999999999645 ) ) ;
#1471 = VECTOR ( 'NONE', #1965, 1000.000000000000000 ) ;
#1472 = FACE_OUTER_BOUND ( 'NONE', #1790, .T. ) ;
#1473 = ORIENTED_EDGE ( 'NONE', *, *, #2481, .T. ) ;
#1474 = VECTOR ( 'NONE', #2287, 1000.000000000000000 ) ;
#1475 = AXIS2_PLACEMENT_3D ( 'NONE', #1470, #1657, #263 ) ;
#1476 = LINE ( 'NONE', #2283, #2428 ) ;
#1477 = ORIENTED_EDGE ( 'NONE', *, *, #138, .T. ) ;
#1478 = VERTEX_POINT ( 'NONE', #2142 ) ;
#1479 = VECTOR ( 'NONE', #344, 1000.000000000000000 ) ;
#1480 = EDGE_CURVE ( 'NONE', #638, #1148, #741, .T. ) ;
#1481 = CARTESIAN_POINT ( 'NONE',  ( 4.769999999997049933, -26.17999999999989313, 16.49999999999999645 ) ) ;
#1482 = LINE ( 'NONE', #2093, #1401 ) ;
#1483 = CARTESIAN_POINT ( 'NONE',  ( 3.189999999997001012, -24.19999999999994245, 16.49999999999999645 ) ) ;
#1484 = DIRECTION ( 'NONE',  ( -1.000000000000000000, 0.000000000000000000, 0.000000000000000000 ) ) ;
#1485 = CARTESIAN_POINT ( 'NONE',  ( 8.250000000000000000, -16.39999999999999858, 16.49999999999999645 ) ) ;
#1486 = LINE ( 'NONE', #95, #569 ) ;
#1487 = AXIS2_PLACEMENT_3D ( 'NONE', #1940, #2147, #2124 ) ;
#1488 = VERTEX_POINT ( 'NONE', #1168 ) ;
#1489 = CARTESIAN_POINT ( 'NONE',  ( 4.569999999997051532, -26.17999999999989313, 17.29999999999999716 ) ) ;
#1490 = ORIENTED_EDGE ( 'NONE', *, *, #1724, .T. ) ;
#1491 = ORIENTED_EDGE ( 'NONE', *, *, #215, .T. ) ;
#1492 = CARTESIAN_POINT ( 'NONE',  ( -10.25000000000000178, -25.80000000000000782, 16.49999999999999645 ) ) ;
#1493 = DIRECTION ( 'NONE',  ( 1.000000000000000000, 0.000000000000000000, 0.000000000000000000 ) ) ;
#1494 = DIRECTION ( 'NONE',  ( -1.000000000000000000, 0.000000000000000000, 0.000000000000000000 ) ) ;
#1495 = LINE ( 'NONE', #1692, #549 ) ;
#1496 = EDGE_CURVE ( 'NONE', #153, #2480, #1718, .T. ) ;
#1497 = CARTESIAN_POINT ( 'NONE',  ( -8.250000000000000000, -17.10000000000000142, 17.30000000000000071 ) ) ;
#1498 = CARTESIAN_POINT ( 'NONE',  ( 8.949999999999999289, -27.10000000000002274, 17.49999999999999645 ) ) ;
#1499 = ORIENTED_EDGE ( 'NONE', *, *, #877, .F. ) ;
#1500 = AXIS2_PLACEMENT_3D ( 'NONE', #1416, #2239, #1794 ) ;
#1501 = APPLICATION_CONTEXT ( 'automotive_design' ) ;
#1502 = EDGE_CURVE ( 'NONE', #1048, #685, #1137, .T. ) ;
#1503 = DIRECTION ( 'NONE',  ( 0.7071067811865552333, -6.133173666733466655E-14, 0.7071067811865398012 ) ) ;
#1504 = AXIS2_PLACEMENT_3D ( 'NONE', #2048, #1441, #1039 ) ;
#1505 = DIRECTION ( 'NONE',  ( 1.000000000000000000, 0.000000000000000000, 0.000000000000000000 ) ) ;
#1506 = VERTEX_POINT ( 'NONE', #2369 ) ;
#1507 = ORIENTED_EDGE ( 'NONE', *, *, #1855, .F. ) ;
#1508 = CARTESIAN_POINT ( 'NONE',  ( -8.250000000000000000, -17.10000000000000142, 17.49999999999999645 ) ) ;
#1509 = DIRECTION ( 'NONE',  ( 1.000000000000000000, 0.000000000000000000, 0.000000000000000000 ) ) ;
#1510 = ORIENTED_EDGE ( 'NONE', *, *, #1343, .F. ) ;
#1511 = EDGE_CURVE ( 'NONE', #2119, #508, #1353, .T. ) ;
#1512 = EDGE_CURVE ( 'NONE', #1027, #1858, #2196, .T. ) ;
#1513 = ORIENTED_EDGE ( 'NONE', *, *, #2368, .F. ) ;
#1514 = CARTESIAN_POINT ( 'NONE',  ( -9.150000000000002132, -27.10000000000000497, 16.69999999999999929 ) ) ;
#1515 = LINE ( 'NONE', #879, #231 ) ;
#1516 = CARTESIAN_POINT ( 'NONE',  ( -3.190000000002998437, -25.57999999999989527, 16.69999999999999574 ) ) ;
#1517 = ORIENTED_EDGE ( 'NONE', *, *, #1266, .T. ) ;
#1518 = AXIS2_PLACEMENT_3D ( 'NONE', #1723, #520, #1332 ) ;
#1519 = DIRECTION ( 'NONE',  ( 0.000000000000000000, 0.7071067811865414665, -0.7071067811865536790 ) ) ;
#1520 = CARTESIAN_POINT ( 'NONE',  ( -3.190000000002998881, -27.55999999999992056, 16.49999999999999645 ) ) ;
#1521 = ORIENTED_EDGE ( 'NONE', *, *, #176, .F. ) ;
#1522 = EDGE_CURVE ( 'NONE', #616, #153, #761, .T. ) ;
#1523 = VECTOR ( 'NONE', #2154, 1000.000000000000000 ) ;
#1524 = VECTOR ( 'NONE', #1544, 1000.000000000000000 ) ;
#1525 = DIRECTION ( 'NONE',  ( 0.000000000000000000, 0.000000000000000000, -1.000000000000000000 ) ) ;
#1526 = CARTESIAN_POINT ( 'NONE',  ( 3.189999999997001012, -26.17999999999989313, 17.49999999999999645 ) ) ;
#1527 = CIRCLE ( 'NONE', #2278, 1.100000000000000311 ) ;
#1528 = ORIENTED_EDGE ( 'NONE', *, *, #1512, .F. ) ;
#1529 = ORIENTED_EDGE ( 'NONE', *, *, #309, .T. ) ;
#1530 = DIRECTION ( 'NONE',  ( 0.000000000000000000, 0.7071067811865414665, 0.7071067811865536790 ) ) ;
#1531 = EDGE_CURVE ( 'NONE', #2510, #1701, #79, .T. ) ;
#1532 = DIRECTION ( 'NONE',  ( 0.000000000000000000, 0.000000000000000000, 1.000000000000000000 ) ) ;
#1533 = LINE ( 'NONE', #1391, #2346 ) ;
#1534 = LINE ( 'NONE', #525, #868 ) ;
#1535 = VERTEX_POINT ( 'NONE', #1961 ) ;
#1536 = EDGE_CURVE ( 'NONE', #1003, #1664, #2235, .T. ) ;
#1537 = CIRCLE ( 'NONE', #221, 1.100000000000000311 ) ;
#1538 = VECTOR ( 'NONE', #1519, 1000.000000000000000 ) ;
#1539 = CARTESIAN_POINT ( 'NONE',  ( -3.190000000002998437, -24.19999999999994245, 16.69999999999999574 ) ) ;
#1540 = DIRECTION ( 'NONE',  ( -0.7071067811865536790, 0.000000000000000000, -0.7071067811865414665 ) ) ;
#1541 = VERTEX_POINT ( 'NONE', #2512 ) ;
#1542 = ORIENTED_EDGE ( 'NONE', *, *, #2475, .F. ) ;
#1543 = ORIENTED_EDGE ( 'NONE', *, *, #2224, .T. ) ;
#1544 = DIRECTION ( 'NONE',  ( 0.7071067811865536790, 0.000000000000000000, 0.7071067811865414665 ) ) ;
#1545 = DIRECTION ( 'NONE',  ( -0.7071067811865444641, 0.000000000000000000, 0.7071067811865505703 ) ) ;
#1546 = ADVANCED_FACE ( 'NONE', ( #1368 ), #1110, .F. ) ;
#1547 = ORIENTED_EDGE ( 'NONE', *, *, #187, .T. ) ;
#1548 = EDGE_CURVE ( 'NONE', #745, #2614, #313, .T. ) ;
#1549 = DIRECTION ( 'NONE',  ( 0.7071067811865487940, 0.000000000000000000, 0.7071067811865463515 ) ) ;
#1550 = CONICAL_SURFACE ( 'NONE', #1291, 1.299999999999999156, 0.7853981633974396193 ) ;
#1551 = DIRECTION ( 'NONE',  ( 1.000000000000000000, 0.000000000000000000, 0.000000000000000000 ) ) ;
#1552 = EDGE_LOOP ( 'NONE', ( #622, #1490, #1321, #1734, #2617, #1646, #2312, #662 ) ) ;
#1553 = EDGE_CURVE ( 'NONE', #936, #1355, #969, .T. ) ;
#1554 = CIRCLE ( 'NONE', #2517, 1.300000000000002487 ) ;
#1555 = CARTESIAN_POINT ( 'NONE',  ( -3.190000000002998881, -27.55999999999992056, 17.29999999999999716 ) ) ;
#1556 = LINE ( 'NONE', #1950, #1479 ) ;
#1557 = ORIENTED_EDGE ( 'NONE', *, *, #112, .T. ) ;
#1558 = VERTEX_POINT ( 'NONE', #1771 ) ;
#1559 = CARTESIAN_POINT ( 'NONE',  ( 10.25000000000000178, -25.80000000000000426, 16.49999999999999645 ) ) ;
#1560 = CARTESIAN_POINT ( 'NONE',  ( -9.150000000000002132, -29.10000000000000142, 16.69999999999999929 ) ) ;
#1561 = ORIENTED_EDGE ( 'NONE', *, *, #1979, .F. ) ;
#1562 = CARTESIAN_POINT ( 'NONE',  ( -9.150000000000002132, -29.10000000000000142, 17.30000000000000071 ) ) ;
#1563 = DIRECTION ( 'NONE',  ( 8.384496800554570568E-14, -1.000000000000000000, 0.000000000000000000 ) ) ;
#1564 = VERTEX_POINT ( 'NONE', #2587 ) ;
#1565 = CONICAL_SURFACE ( 'NONE', #30, 1.100000000000000311, 0.7853981633974569387 ) ;
#1566 = ADVANCED_BREP_SHAPE_REPRESENTATION ( '01 - FSB - 1001 - ESP Cover', ( #32, #14 ), #2426 ) ;
#1567 = LINE ( 'NONE', #922, #1650 ) ;
#1568 = PLANE ( 'NONE',  #1361 ) ;
#1569 = VECTOR ( 'NONE', #918, 1000.000000000000000 ) ;
#1570 = ORIENTED_EDGE ( 'NONE', *, *, #1902, .F. ) ;
#1571 = ADVANCED_FACE ( 'NONE', ( #1581 ), #1381, .T. ) ;
#1572 = ORIENTED_EDGE ( 'NONE', *, *, #2568, .F. ) ;
#1573 = VECTOR ( 'NONE', #1071, 1000.000000000000000 ) ;
#1574 = DIRECTION ( 'NONE',  ( 0.000000000000000000, 0.7071067811865414665, 0.7071067811865536790 ) ) ;
#1575 = AXIS2_PLACEMENT_3D ( 'NONE', #2290, #289, #1456 ) ;
#1576 = LINE ( 'NONE', #2579, #2230 ) ;
#1577 = EDGE_LOOP ( 'NONE', ( #870, #1344, #2012, #1613 ) ) ;
#1578 = CARTESIAN_POINT ( 'NONE',  ( 3.189999999997001012, -26.17999999999989313, 17.29999999999999716 ) ) ;
#1579 = CARTESIAN_POINT ( 'NONE',  ( -9.150000000000002132, -29.10000000000000142, 16.49999999999999645 ) ) ;
#1580 = ORIENTED_EDGE ( 'NONE', *, *, #2242, .F. ) ;
#1581 = FACE_OUTER_BOUND ( 'NONE', #2418, .T. ) ;
#1582 = LINE ( 'NONE', #1394, #1054 ) ;
#1583 = AXIS2_PLACEMENT_3D ( 'NONE', #1420, #2234, #1597 ) ;
#1584 = DIRECTION ( 'NONE',  ( 0.000000000000000000, 0.000000000000000000, 1.000000000000000000 ) ) ;
#1585 = CARTESIAN_POINT ( 'NONE',  ( -10.25000000000000178, -25.80000000000000071, 17.49999999999999645 ) ) ;
#1586 = FACE_OUTER_BOUND ( 'NONE', #1163, .T. ) ;
#1587 = EDGE_LOOP ( 'NONE', ( #729, #2572, #2497, #28 ) ) ;
#1588 = ORIENTED_EDGE ( 'NONE', *, *, #1984, .F. ) ;
#1589 = CARTESIAN_POINT ( 'NONE',  ( 10.25000000000000355, -20.39999999999999858, 17.49999999999999645 ) ) ;
#1590 = CARTESIAN_POINT ( 'NONE',  ( -12.25000000000000000, -20.19999999999999929, 17.30000000000000071 ) ) ;
#1591 = ORIENTED_EDGE ( 'NONE', *, *, #995, .T. ) ;
#1592 = ADVANCED_FACE ( 'NONE', ( #767 ), #419, .T. ) ;
#1593 = VECTOR ( 'NONE', #2277, 1000.000000000000000 ) ;
#1594 = DIRECTION ( 'NONE',  ( 0.000000000000000000, 0.000000000000000000, 1.000000000000000000 ) ) ;
#1595 = DIRECTION ( 'NONE',  ( 0.000000000000000000, 0.000000000000000000, -1.000000000000000000 ) ) ;
#1596 = ORIENTED_EDGE ( 'NONE', *, *, #1553, .T. ) ;
#1597 = DIRECTION ( 'NONE',  ( 8.673617379884043361E-16, 1.000000000000000000, -0.000000000000000000 ) ) ;
#1598 = ADVANCED_FACE ( 'NONE', ( #830 ), #1014, .F. ) ;
#1599 = CARTESIAN_POINT ( 'NONE',  ( 8.250000000000000000, -16.19999999999999929, 16.49999999999999645 ) ) ;
#1600 = ORIENTED_EDGE ( 'NONE', *, *, #1902, .T. ) ;
#1601 = EDGE_CURVE ( 'NONE', #2484, #578, #39, .T. ) ;
#1602 = CYLINDRICAL_SURFACE ( 'NONE', #2014, 1.380000000000025651 ) ;
#1603 = CARTESIAN_POINT ( 'NONE',  ( 10.25000000000000178, -25.80000000000000426, 16.49999999999999645 ) ) ;
#1604 = ORIENTED_EDGE ( 'NONE', *, *, #2248, .F. ) ;
#1605 = DIRECTION ( 'NONE',  ( 1.000000000000000000, 0.000000000000000000, 0.000000000000000000 ) ) ;
#1606 = EDGE_CURVE ( 'NONE', #2480, #638, #502, .T. ) ;
#1607 = AXIS2_PLACEMENT_3D ( 'NONE', #786, #1212, #1997 ) ;
#1608 = PLANE ( 'NONE',  #1745 ) ;
#1609 = VECTOR ( 'NONE', #700, 1000.000000000000000 ) ;
#1610 = LINE ( 'NONE', #2008, #1848 ) ;
#1611 = EDGE_CURVE ( 'NONE', #2215, #2612, #1893, .T. ) ;
#1612 = CONICAL_SURFACE ( 'NONE', #459, 1.100000000000000311, 0.7853981633974548293 ) ;
#1613 = ORIENTED_EDGE ( 'NONE', *, *, #1813, .T. ) ;
#1614 = ORIENTED_EDGE ( 'NONE', *, *, #527, .F. ) ;
#1615 = FACE_BOUND ( 'NONE', #1065, .T. ) ;
#1616 = FACE_OUTER_BOUND ( 'NONE', #127, .T. ) ;
#1617 = VERTEX_POINT ( 'NONE', #2273 ) ;
#1618 = EDGE_CURVE ( 'NONE', #1478, #2484, #1643, .T. ) ;
#1619 = CARTESIAN_POINT ( 'NONE',  ( -4.570000000002998775, -26.17999999999989313, 17.29999999999999716 ) ) ;
#1620 = EDGE_CURVE ( 'NONE', #453, #494, #2448, .T. ) ;
#1621 = ORIENTED_EDGE ( 'NONE', *, *, #217, .T. ) ;
#1622 = DIRECTION ( 'NONE',  ( 0.000000000000000000, 0.000000000000000000, 1.000000000000000000 ) ) ;
#1623 = CARTESIAN_POINT ( 'NONE',  ( 12.25000000000000355, -25.80000000000000071, 17.49999999999999645 ) ) ;
#1624 = ORIENTED_EDGE ( 'NONE', *, *, #10, .F. ) ;
#1625 = CARTESIAN_POINT ( 'NONE',  ( 12.25000000000000000, -23.09999999999999787, 16.69999999999999929 ) ) ;
#1626 = EDGE_CURVE ( 'NONE', #1148, #655, #1992, .T. ) ;
#1627 = CARTESIAN_POINT ( 'NONE',  ( 12.25000000000000000, -23.09999999999999787, 17.49999999999999645 ) ) ;
#1628 = ORIENTED_EDGE ( 'NONE', *, *, #293, .T. ) ;
#1629 = ADVANCED_FACE ( 'NONE', ( #1666 ), #460, .T. ) ;
#1630 = ADVANCED_FACE ( 'NONE', ( #288 ), #2067, .F. ) ;
#1631 = CARTESIAN_POINT ( 'NONE',  ( 3.189999999997001012, -26.17999999999989313, 16.49999999999999645 ) ) ;
#1632 = CARTESIAN_POINT ( 'NONE',  ( 10.25000000000000178, -25.80000000000000071, 17.49999999999999645 ) ) ;
#1633 = DIRECTION ( 'NONE',  ( 1.000000000000000000, 0.000000000000000000, 0.000000000000000000 ) ) ;
#1634 = PLANE ( 'NONE',  #1607 ) ;
#1635 = ORIENTED_EDGE ( 'NONE', *, *, #769, .T. ) ;
#1636 = LINE ( 'NONE', #2044, #866 ) ;
#1637 = DIRECTION ( 'NONE',  ( 8.673617379884043361E-16, 1.000000000000000000, 0.000000000000000000 ) ) ;
#1638 = ORIENTED_EDGE ( 'NONE', *, *, #138, .F. ) ;
#1639 = DIRECTION ( 'NONE',  ( 0.000000000000000000, 1.000000000000000000, 0.000000000000000000 ) ) ;
#1640 = DIRECTION ( 'NONE',  ( 1.000000000000000000, 0.000000000000000000, 0.000000000000000000 ) ) ;
#1641 = CARTESIAN_POINT ( 'NONE',  ( 3.189999999997001012, -23.99999999999994316, 16.49999999999999645 ) ) ;
#1642 = AXIS2_PLACEMENT_3D ( 'NONE', #943, #772, #111 ) ;
#1643 = LINE ( 'NONE', #2473, #1573 ) ;
#1644 = DIRECTION ( 'NONE',  ( 1.000000000000000000, 0.000000000000000000, 0.000000000000000000 ) ) ;
#1645 = VECTOR ( 'NONE', #1742, 1000.000000000000000 ) ;
#1646 = ORIENTED_EDGE ( 'NONE', *, *, #1334, .T. ) ;
#1647 = AXIS2_PLACEMENT_3D ( 'NONE', #528, #513, #539 ) ;
#1648 = AXIS2_PLACEMENT_3D ( 'NONE', #2300, #1667, #691 ) ;
#1649 = PLANE ( 'NONE',  #1926 ) ;
#1650 = VECTOR ( 'NONE', #329, 1000.000000000000000 ) ;
#1651 = LINE ( 'NONE', #27, #2219 ) ;
#1652 = ORIENTED_EDGE ( 'NONE', *, *, #2523, .F. ) ;
#1653 = CARTESIAN_POINT ( 'NONE',  ( -8.250000000000000000, -17.10000000000000142, 16.69999999999999929 ) ) ;
#1654 = ORIENTED_EDGE ( 'NONE', *, *, #2442, .T. ) ;
#1655 = CARTESIAN_POINT ( 'NONE',  ( 12.25000000000000000, -23.09999999999999787, 17.49999999999999645 ) ) ;
#1656 = CARTESIAN_POINT ( 'NONE',  ( 8.250000000000001776, -29.79999999999999716, 17.49999999999999645 ) ) ;
#1657 = DIRECTION ( 'NONE',  ( 0.000000000000000000, 0.000000000000000000, 1.000000000000000000 ) ) ;
#1658 = EDGE_CURVE ( 'NONE', #1674, #206, #1242, .T. ) ;
#1659 = VERTEX_POINT ( 'NONE', #874 ) ;
#1660 = VECTOR ( 'NONE', #384, 1000.000000000000000 ) ;
#1661 = CARTESIAN_POINT ( 'NONE',  ( -8.949999999999999289, -27.10000000000000497, 17.49999999999999645 ) ) ;
#1662 = VERTEX_POINT ( 'NONE', #644 ) ;
#1663 = DIRECTION ( 'NONE',  ( 0.000000000000000000, 0.7071067811865536790, 0.7071067811865414665 ) ) ;
#1664 = VERTEX_POINT ( 'NONE', #1849 ) ;
#1665 = FACE_OUTER_BOUND ( 'NONE', #749, .T. ) ;
#1666 = FACE_OUTER_BOUND ( 'NONE', #837, .T. ) ;
#1667 = DIRECTION ( 'NONE',  ( 0.000000000000000000, -1.000000000000000000, 0.000000000000000000 ) ) ;
#1668 = VECTOR ( 'NONE', #801, 1000.000000000000000 ) ;
#1669 = VECTOR ( 'NONE', #377, 1000.000000000000000 ) ;
#1670 = CARTESIAN_POINT ( 'NONE',  ( 3.189999999997001012, -24.19999999999992113, 17.29999999999999716 ) ) ;
#1671 = VERTEX_POINT ( 'NONE', #1455 ) ;
#1672 = EDGE_CURVE ( 'NONE', #1328, #1659, #1839, .T. ) ;
#1673 = FACE_OUTER_BOUND ( 'NONE', #2353, .T. ) ;
#1674 = VERTEX_POINT ( 'NONE', #1085 ) ;
#1675 = ORIENTED_EDGE ( 'NONE', *, *, #2336, .F. ) ;
#1676 = FACE_OUTER_BOUND ( 'NONE', #2605, .T. ) ;
#1677 = CARTESIAN_POINT ( 'NONE',  ( -8.949999999999999289, -27.10000000000000497, 17.49999999999999645 ) ) ;
#1678 = LINE ( 'NONE', #22, #1270 ) ;
#1679 = FACE_OUTER_BOUND ( 'NONE', #2386, .T. ) ;
#1680 = CARTESIAN_POINT ( 'NONE',  ( 12.25000000000000355, -26.00000000000000355, 16.69999999999999929 ) ) ;
#1681 = CARTESIAN_POINT ( 'NONE',  ( -14.45000000000000107, -23.10000000000000142, 17.49999999999999645 ) ) ;
#1682 = ORIENTED_EDGE ( 'NONE', *, *, #105, .F. ) ;
#1683 = AXIS2_PLACEMENT_3D ( 'NONE', #2257, #442, #1256 ) ;
#1684 = DIRECTION ( 'NONE',  ( 1.000000000000000000, 0.000000000000000000, 0.000000000000000000 ) ) ;
#1685 = VECTOR ( 'NONE', #1574, 1000.000000000000000 ) ;
#1686 = FACE_OUTER_BOUND ( 'NONE', #1871, .T. ) ;
#1687 = EDGE_LOOP ( 'NONE', ( #182, #950, #477, #535 ) ) ;
#1688 = ORIENTED_EDGE ( 'NONE', *, *, #1070, .T. ) ;
#1689 = DIRECTION ( 'NONE',  ( -0.000000000000000000, -0.000000000000000000, 1.000000000000000000 ) ) ;
#1690 = CARTESIAN_POINT ( 'NONE',  ( -8.250000000000000000, -16.19999999999999929, 17.30000000000000071 ) ) ;
#1691 = CARTESIAN_POINT ( 'NONE',  ( 10.25000000000000178, -26.00000000000000355, 16.69999999999999929 ) ) ;
#1692 = CARTESIAN_POINT ( 'NONE',  ( -8.250000000000001776, -29.80000000000000071, 16.49999999999999645 ) ) ;
#1693 = FACE_OUTER_BOUND ( 'NONE', #1450, .T. ) ;
#1694 = CONICAL_SURFACE ( 'NONE', #639, 1.579999999999976312, 0.7853981633974537191 ) ;
#1695 = ORIENTED_EDGE ( 'NONE', *, *, #1461, .T. ) ;
#1696 = EDGE_CURVE ( 'NONE', #448, #1728, #1678, .T. ) ;
#1697 = DIRECTION ( 'NONE',  ( 1.000000000000000000, 0.000000000000000000, 0.000000000000000000 ) ) ;
#1698 = ADVANCED_FACE ( 'NONE', ( #2259 ), #444, .F. ) ;
#1699 = DIRECTION ( 'NONE',  ( -0.000000000000000000, -0.000000000000000000, 1.000000000000000000 ) ) ;
#1700 = ORIENTED_EDGE ( 'NONE', *, *, #2372, .T. ) ;
#1701 = VERTEX_POINT ( 'NONE', #51 ) ;
#1702 = PRODUCT_DEFINITION_SHAPE ( 'NONE', 'NONE',  #668 ) ;
#1703 = ADVANCED_FACE ( 'NONE', ( #1056 ), #860, .T. ) ;
#1704 = CARTESIAN_POINT ( 'NONE',  ( 4.569999999997076401, -26.17999999999989313, 16.49999999999999645 ) ) ;
#1705 = LINE ( 'NONE', #2501, #2623 ) ;
#1706 = ORIENTED_EDGE ( 'NONE', *, *, #485, .T. ) ;
#1707 = ORIENTED_EDGE ( 'NONE', *, *, #1611, .F. ) ;
#1708 = DIRECTION ( 'NONE',  ( -0.000000000000000000, -0.000000000000000000, -1.000000000000000000 ) ) ;
#1709 = AXIS2_PLACEMENT_3D ( 'NONE', #204, #635, #1034 ) ;
#1710 = DIRECTION ( 'NONE',  ( -0.000000000000000000, -0.000000000000000000, 1.000000000000000000 ) ) ;
#1711 = EDGE_CURVE ( 'NONE', #170, #1003, #889, .T. ) ;
#1712 = LINE ( 'NONE', #1498, #1877 ) ;
#1713 = ORIENTED_EDGE ( 'NONE', *, *, #1740, .F. ) ;
#1714 = CONICAL_SURFACE ( 'NONE', #1882, 2.700000000000001066, 0.7853981633974569387 ) ;
#1715 = DIRECTION ( 'NONE',  ( 1.000000000000000000, 0.000000000000000000, 0.000000000000000000 ) ) ;
#1716 = LINE ( 'NONE', #1308, #273 ) ;
#1717 = ORIENTED_EDGE ( 'NONE', *, *, #1934, .F. ) ;
#1718 = LINE ( 'NONE', #2120, #592 ) ;
#1719 = LINE ( 'NONE', #272, #843 ) ;
#1720 = ORIENTED_EDGE ( 'NONE', *, *, #2172, .F. ) ;
#1721 = ORIENTED_EDGE ( 'NONE', *, *, #385, .F. ) ;
#1722 = LINE ( 'NONE', #1777, #2041 ) ;
#1723 = CARTESIAN_POINT ( 'NONE',  ( -4.770000000003076224, -27.10000000000046327, 16.49999999999999645 ) ) ;
#1724 = EDGE_CURVE ( 'NONE', #1112, #685, #911, .T. ) ;
#1725 = EDGE_LOOP ( 'NONE', ( #2057, #1912, #1717, #2129 ) ) ;
#1726 = CARTESIAN_POINT ( 'NONE',  ( -10.25000000000000178, -25.80000000000000426, 17.49999999999999645 ) ) ;
#1727 = CARTESIAN_POINT ( 'NONE',  ( -8.250000000000001776, -29.79999999999999716, 17.49999999999999645 ) ) ;
#1728 = VERTEX_POINT ( 'NONE', #1690 ) ;
#1729 = AXIS2_PLACEMENT_3D ( 'NONE', #1041, #658, #1301 ) ;
#1730 = AXIS2_PLACEMENT_3D ( 'NONE', #2461, #2261, #645 ) ;
#1731 = LINE ( 'NONE', #102, #977 ) ;
#1732 = FACE_OUTER_BOUND ( 'NONE', #1020, .T. ) ;
#1733 = CIRCLE ( 'NONE', #596, 0.9000000000000014655 ) ;
#1734 = ORIENTED_EDGE ( 'NONE', *, *, #687, .T. ) ;
#1735 = ORIENTED_EDGE ( 'NONE', *, *, #835, .T. ) ;
#1736 = EDGE_CURVE ( 'NONE', #555, #1112, #128, .T. ) ;
#1737 = CARTESIAN_POINT ( 'NONE',  ( -9.150000000000000355, -17.10000000000000142, 17.30000000000000071 ) ) ;
#1738 = EDGE_CURVE ( 'NONE', #2437, #239, #1482, .T. ) ;
#1739 = CARTESIAN_POINT ( 'NONE',  ( 12.25000000000000000, -23.09999999999999787, 17.49999999999999645 ) ) ;
#1740 = EDGE_CURVE ( 'NONE', #2560, #1558, #1719, .T. ) ;
#1741 = ORIENTED_EDGE ( 'NONE', *, *, #100, .T. ) ;
#1742 = DIRECTION ( 'NONE',  ( -0.7071067811865414665, 0.000000000000000000, -0.7071067811865536790 ) ) ;
#1743 = CARTESIAN_POINT ( 'NONE',  ( -12.25000000000000000, -23.10000000000000142, 17.49999999999999645 ) ) ;
#1744 = ORIENTED_EDGE ( 'NONE', *, *, #183, .F. ) ;
#1745 = AXIS2_PLACEMENT_3D ( 'NONE', #62, #688, #1847 ) ;
#1746 = DIRECTION ( 'NONE',  ( -0.000000000000000000, -0.000000000000000000, -1.000000000000000000 ) ) ;
#1747 = DIRECTION ( 'NONE',  ( 1.000000000000000000, 0.000000000000000000, 0.000000000000000000 ) ) ;
#1748 = EDGE_LOOP ( 'NONE', ( #2431, #12, #1749, #2415 ) ) ;
#1749 = ORIENTED_EDGE ( 'NONE', *, *, #523, .T. ) ;
#1750 = CARTESIAN_POINT ( 'NONE',  ( -10.24999999999999822, -19.09999999999999787, 17.30000000000000071 ) ) ;
#1751 = DIRECTION ( 'NONE',  ( 0.000000000000000000, 0.000000000000000000, -1.000000000000000000 ) ) ;
#1752 = ORIENTED_EDGE ( 'NONE', *, *, #1896, .T. ) ;
#1753 = VERTEX_POINT ( 'NONE', #456 ) ;
#1754 = ORIENTED_EDGE ( 'NONE', *, *, #2368, .T. ) ;
#1755 = LINE ( 'NONE', #1999, #1645 ) ;
#1756 = ADVANCED_FACE ( 'NONE', ( #1732 ), #1612, .F. ) ;
#1757 = DIRECTION ( 'NONE',  ( 0.000000000000000000, 0.000000000000000000, 1.000000000000000000 ) ) ;
#1758 = VERTEX_POINT ( 'NONE', #260 ) ;
#1759 = AXIS2_PLACEMENT_3D ( 'NONE', #551, #2140, #752 ) ;
#1760 = DIRECTION ( 'NONE',  ( 1.000000000000000000, 0.000000000000000000, 0.000000000000000000 ) ) ;
#1761 = DIRECTION ( 'NONE',  ( 0.000000000000000000, 0.000000000000000000, 1.000000000000000000 ) ) ;
#1762 = ORIENTED_EDGE ( 'NONE', *, *, #511, .T. ) ;
#1763 = ORIENTED_EDGE ( 'NONE', *, *, #1069, .T. ) ;
#1764 = CYLINDRICAL_SURFACE ( 'NONE', #1487, 0.8999999999999989120 ) ;
#1765 = DIRECTION ( 'NONE',  ( 8.384496800554570568E-14, 1.000000000000000000, 0.000000000000000000 ) ) ;
#1766 = ORIENTED_EDGE ( 'NONE', *, *, #1396, .F. ) ;
#1767 = LINE ( 'NONE', #168, #1336 ) ;
#1768 = FACE_OUTER_BOUND ( 'NONE', #452, .T. ) ;
#1769 = ORIENTED_EDGE ( 'NONE', *, *, #1422, .F. ) ;
#1770 = AXIS2_PLACEMENT_3D ( 'NONE', #253, #661, #2385 ) ;
#1771 = CARTESIAN_POINT ( 'NONE',  ( 8.250000000000000000, -16.19999999999999929, 17.30000000000000071 ) ) ;
#1772 = DIRECTION ( 'NONE',  ( 1.000000000000000000, 0.000000000000000000, 0.000000000000000000 ) ) ;
#1773 = CONICAL_SURFACE ( 'NONE', #2317, 1.100000000000000311, 0.7853981633974569387 ) ;
#1774 = VECTOR ( 'NONE', #904, 1000.000000000000000 ) ;
#1775 = ORIENTED_EDGE ( 'NONE', *, *, #2130, .T. ) ;
#1776 = AXIS2_PLACEMENT_3D ( 'NONE', #1655, #2296, #480 ) ;
#1777 = CARTESIAN_POINT ( 'NONE',  ( -8.250000000000000000, -16.19999999999999929, 17.30000000000000071 ) ) ;
#1778 = CARTESIAN_POINT ( 'NONE',  ( -8.250000000000001776, -29.10000000000000142, 17.49999999999999645 ) ) ;
#1779 = EDGE_CURVE ( 'NONE', #1328, #1262, #1705, .T. ) ;
#1780 = EDGE_LOOP ( 'NONE', ( #1721, #1808 ) ) ;
#1781 = CARTESIAN_POINT ( 'NONE',  ( -9.150000000000002132, -17.10000000000000142, 16.69999999999999929 ) ) ;
#1782 = DIRECTION ( 'NONE',  ( 0.000000000000000000, 0.000000000000000000, 1.000000000000000000 ) ) ;
#1783 = ORIENTED_EDGE ( 'NONE', *, *, #1156, .F. ) ;
#1784 = EDGE_CURVE ( 'NONE', #2076, #1907, #119, .T. ) ;
#1785 = DIRECTION ( 'NONE',  ( 1.000000000000000000, 0.000000000000000000, 0.000000000000000000 ) ) ;
#1786 = AXIS2_PLACEMENT_3D ( 'NONE', #2432, #1837, #619 ) ;
#1787 = DIRECTION ( 'NONE',  ( -0.000000000000000000, -0.000000000000000000, 1.000000000000000000 ) ) ;
#1788 = EDGE_CURVE ( 'NONE', #2560, #1488, #923, .T. ) ;
#1789 = DIRECTION ( 'NONE',  ( -0.000000000000000000, -0.000000000000000000, -1.000000000000000000 ) ) ;
#1790 = EDGE_LOOP ( 'NONE', ( #2569, #1204, #804, #663 ) ) ;
#1791 = VERTEX_POINT ( 'NONE', #713 ) ;
#1792 = EDGE_CURVE ( 'NONE', #991, #68, #1527, .T. ) ;
#1793 = PLANE ( 'NONE',  #1457 ) ;
#1794 = DIRECTION ( 'NONE',  ( 1.000000000000000000, 0.000000000000000000, 0.000000000000000000 ) ) ;
#1795 = ORIENTED_EDGE ( 'NONE', *, *, #1798, .F. ) ;
#1796 = AXIS2_PLACEMENT_3D ( 'NONE', #2491, #1869, #2463 ) ;
#1797 = CARTESIAN_POINT ( 'NONE',  ( -10.25000000000000178, -20.39999999999999858, 17.49999999999999645 ) ) ;
#1798 = EDGE_CURVE ( 'NONE', #1617, #162, #2513, .T. ) ;
#1799 = ORIENTED_EDGE ( 'NONE', *, *, #1531, .F. ) ;
#1800 = DIRECTION ( 'NONE',  ( 1.000000000000000000, 0.000000000000000000, 0.000000000000000000 ) ) ;
#1801 = VECTOR ( 'NONE', #1594, 1000.000000000000000 ) ;
#1802 = CARTESIAN_POINT ( 'NONE',  ( -3.190000000002998437, -25.57999999999989527, 17.29999999999999716 ) ) ;
#1803 = VERTEX_POINT ( 'NONE', #701 ) ;
#1804 = VERTEX_POINT ( 'NONE', #1677 ) ;
#1805 = ADVANCED_FACE ( 'NONE', ( #1892 ), #2311, .T. ) ;
#1806 = FACE_BOUND ( 'NONE', #1179, .T. ) ;
#1807 = DIRECTION ( 'NONE',  ( 0.000000000000000000, 0.7071067811865536790, 0.7071067811865414665 ) ) ;
#1808 = ORIENTED_EDGE ( 'NONE', *, *, #2446, .F. ) ;
#1809 = DIRECTION ( 'NONE',  ( -0.7071067811865414665, 0.000000000000000000, -0.7071067811865536790 ) ) ;
#1810 = CIRCLE ( 'NONE', #414, 2.200000000000000622 ) ;
#1811 = VERTEX_POINT ( 'NONE', #1327 ) ;
#1812 = CARTESIAN_POINT ( 'NONE',  ( 4.769999999996974438, -25.57999999999987750, 17.49999999999999645 ) ) ;
#1813 = EDGE_CURVE ( 'NONE', #2547, #453, #1733, .T. ) ;
#1814 = EDGE_CURVE ( 'NONE', #159, #1858, #314, .T. ) ;
#1815 = CIRCLE ( 'NONE', #1647, 1.299999999999999156 ) ;
#1816 = CARTESIAN_POINT ( 'NONE',  ( 8.950000000000006395, -17.10000000000000142, 16.49999999999999645 ) ) ;
#1817 = CIRCLE ( 'NONE', #2197, 0.7000000000000027311 ) ;
#1818 = EDGE_CURVE ( 'NONE', #326, #1659, #2271, .T. ) ;
#1819 = AXIS2_PLACEMENT_3D ( 'NONE', #1284, #2096, #77 ) ;
#1820 = ADVANCED_FACE ( 'NONE', ( #873 ), #2486, .T. ) ;
#1821 = DIRECTION ( 'NONE',  ( 0.000000000000000000, 0.000000000000000000, 1.000000000000000000 ) ) ;
#1822 = CARTESIAN_POINT ( 'NONE',  ( 8.250000000000001776, -30.00000000000000000, 16.69999999999999929 ) ) ;
#1823 = VERTEX_POINT ( 'NONE', #1283 ) ;
#1824 = CARTESIAN_POINT ( 'NONE',  ( 8.250000000000000000, -17.10000000000000142, 16.49999999999999645 ) ) ;
#1825 = CARTESIAN_POINT ( 'NONE',  ( 8.250000000000000000, -17.10000000000000142, 17.30000000000000071 ) ) ;
#1826 = LINE ( 'NONE', #1197, #2126 ) ;
#1827 = VECTOR ( 'NONE', #249, 1000.000000000000000 ) ;
#1828 = CARTESIAN_POINT ( 'NONE',  ( -10.25000000000000178, -27.10000000000000497, 17.49999999999999645 ) ) ;
#1829 = ORIENTED_EDGE ( 'NONE', *, *, #853, .T. ) ;
#1830 = DIRECTION ( 'NONE',  ( 0.000000000000000000, 0.000000000000000000, 1.000000000000000000 ) ) ;
#1831 = LINE ( 'NONE', #11, #1380 ) ;
#1832 = VERTEX_POINT ( 'NONE', #1098 ) ;
#1833 = ORIENTED_EDGE ( 'NONE', *, *, #2256, .F. ) ;
#1834 = EDGE_CURVE ( 'NONE', #383, #1671, #1910, .T. ) ;
#1835 = CYLINDRICAL_SURFACE ( 'NONE', #322, 0.9000000000000014655 ) ;
#1836 = DIRECTION ( 'NONE',  ( 1.000000000000000000, 0.000000000000000000, -0.000000000000000000 ) ) ;
#1837 = DIRECTION ( 'NONE',  ( -0.000000000000000000, -0.000000000000000000, 1.000000000000000000 ) ) ;
#1838 = VECTOR ( 'NONE', #1637, 1000.000000000000000 ) ;
#1839 = LINE ( 'NONE', #262, #1856 ) ;
#1840 = VECTOR ( 'NONE', #779, 1000.000000000000000 ) ;
#1841 = PLANE ( 'NONE',  #2071 ) ;
#1842 = VERTEX_POINT ( 'NONE', #2121 ) ;
#1843 = CARTESIAN_POINT ( 'NONE',  ( 13.44999999999999929, -23.09999999999999787, 16.50000000000000000 ) ) ;
#1844 = DIRECTION ( 'NONE',  ( 6.133173666733481170E-15, 0.7071067811865414665, -0.7071067811865536790 ) ) ;
#1845 = ORIENTED_EDGE ( 'NONE', *, *, #1451, .T. ) ;
#1846 = LINE ( 'NONE', #2454, #362 ) ;
#1847 = DIRECTION ( 'NONE',  ( 0.000000000000000000, -0.000000000000000000, -1.000000000000000000 ) ) ;
#1848 = VECTOR ( 'NONE', #831, 1000.000000000000000 ) ;
#1849 = CARTESIAN_POINT ( 'NONE',  ( 8.949999999999999289, -27.10000000000000142, 16.49999999999999645 ) ) ;
#1850 = DIRECTION ( 'NONE',  ( -1.000000000000000000, 0.000000000000000000, 0.000000000000000000 ) ) ;
#1851 = VERTEX_POINT ( 'NONE', #302 ) ;
#1852 = VECTOR ( 'NONE', #1083, 1000.000000000000114 ) ;
#1853 = CONICAL_SURFACE ( 'NONE', #2319, 2.700000000000001066, 0.7853981633974569387 ) ;
#1854 = CARTESIAN_POINT ( 'NONE',  ( -12.25000000000000000, -26.00000000000000711, 16.69999999999999929 ) ) ;
#1855 = EDGE_CURVE ( 'NONE', #1671, #206, #2408, .T. ) ;
#1856 = VECTOR ( 'NONE', #251, 1000.000000000000000 ) ;
#1857 = LINE ( 'NONE', #1681, #474 ) ;
#1858 = VERTEX_POINT ( 'NONE', #330 ) ;
#1859 = ORIENTED_EDGE ( 'NONE', *, *, #1037, .F. ) ;
#1860 = CARTESIAN_POINT ( 'NONE',  ( -9.150000000000000355, -17.10000000000000142, 16.49999999999999645 ) ) ;
#1861 = ORIENTED_EDGE ( 'NONE', *, *, #332, .T. ) ;
#1862 = ADVANCED_FACE ( 'NONE', ( #2370 ), #184, .T. ) ;
#1863 = CARTESIAN_POINT ( 'NONE',  ( -12.25000000000000000, -20.19999999999999929, 17.30000000000000071 ) ) ;
#1864 = DIRECTION ( 'NONE',  ( 1.000000000000000000, 0.000000000000000000, 0.000000000000000000 ) ) ;
#1865 = FACE_OUTER_BOUND ( 'NONE', #2060, .T. ) ;
#1866 = EDGE_CURVE ( 'NONE', #1617, #1664, #768, .T. ) ;
#1867 = AXIS2_PLACEMENT_3D ( 'NONE', #35, #1468, #2471 ) ;
#1868 = COLOUR_RGB ( '',0.7764705882352941346, 0.7568627450980391913, 0.7372549019607843590 ) ;
#1869 = DIRECTION ( 'NONE',  ( -0.000000000000000000, -0.000000000000000000, 1.000000000000000000 ) ) ;
#1870 = CARTESIAN_POINT ( 'NONE',  ( -9.150000000000002132, -17.10000000000000142, 17.30000000000000071 ) ) ;
#1871 = EDGE_LOOP ( 'NONE', ( #2265, #1507, #960, #282 ) ) ;
#1872 = FACE_OUTER_BOUND ( 'NONE', #1449, .T. ) ;
#1873 = ORIENTED_EDGE ( 'NONE', *, *, #2061, .T. ) ;
#1874 = ORIENTED_EDGE ( 'NONE', *, *, #2556, .T. ) ;
#1875 = CARTESIAN_POINT ( 'NONE',  ( 3.189999999997001012, -27.55999999999999517, 17.29999999999999716 ) ) ;
#1876 = DIRECTION ( 'NONE',  ( -0.000000000000000000, -0.000000000000000000, 1.000000000000000000 ) ) ;
#1877 = VECTOR ( 'NONE', #435, 1000.000000000000000 ) ;
#1878 = ADVANCED_FACE ( 'NONE', ( #173 ), #554, .F. ) ;
#1879 = DIRECTION ( 'NONE',  ( 0.000000000000000000, -0.7071067811865414665, -0.7071067811865536790 ) ) ;
#1880 = CARTESIAN_POINT ( 'NONE',  ( -12.25000000000000000, -20.19999999999999929, 16.69999999999999929 ) ) ;
#1881 = VECTOR ( 'NONE', #1549, 1000.000000000000000 ) ;
#1882 = AXIS2_PLACEMENT_3D ( 'NONE', #267, #510, #451 ) ;
#1883 = CARTESIAN_POINT ( 'NONE',  ( 12.25000000000000000, -20.19999999999999574, 16.49999999999999645 ) ) ;
#1884 =( NAMED_UNIT ( * ) PLANE_ANGLE_UNIT ( ) SI_UNIT ( $, .RADIAN. ) );
#1885 = ORIENTED_EDGE ( 'NONE', *, *, #1052, .F. ) ;
#1886 = ADVANCED_FACE ( 'NONE', ( #992 ), #1568, .F. ) ;
#1887 = CARTESIAN_POINT ( 'NONE',  ( 9.150000000000002132, -27.10000000000000142, 17.30000000000000071 ) ) ;
#1888 = DIRECTION ( 'NONE',  ( 0.000000000000000000, 0.000000000000000000, 1.000000000000000000 ) ) ;
#1889 = ORIENTED_EDGE ( 'NONE', *, *, #1156, .T. ) ;
#1890 = VERTEX_POINT ( 'NONE', #1962 ) ;
#1891 = CARTESIAN_POINT ( 'NONE',  ( -10.24999999999999822, -20.39999999999999858, 16.49999999999999645 ) ) ;
#1892 = FACE_OUTER_BOUND ( 'NONE', #667, .T. ) ;
#1893 = LINE ( 'NONE', #2054, #1141 ) ;
#1894 = CARTESIAN_POINT ( 'NONE',  ( 3.189999999997001012, -24.19999999999992113, 16.49999999999999645 ) ) ;
#1895 = CIRCLE ( 'NONE', #971, 2.200000000000000622 ) ;
#1896 = EDGE_CURVE ( 'NONE', #1564, #1162, #1556, .T. ) ;
#1897 = EDGE_CURVE ( 'NONE', #541, #162, #982, .T. ) ;
#1898 = CARTESIAN_POINT ( 'NONE',  ( 3.189999999997001012, -25.57999999999989527, 16.69999999999999574 ) ) ;
#1899 = AXIS2_PLACEMENT_3D ( 'NONE', #695, #473, #1715 ) ;
#1900 = DIRECTION ( 'NONE',  ( 1.000000000000000000, 0.000000000000000000, 0.000000000000000000 ) ) ;
#1901 = VERTEX_POINT ( 'NONE', #1180 ) ;
#1902 = EDGE_CURVE ( 'NONE', #883, #936, #1582, .T. ) ;
#1903 = AXIS2_PLACEMENT_3D ( 'NONE', #2460, #632, #1444 ) ;
#1904 = DIRECTION ( 'NONE',  ( 0.000000000000000000, 0.000000000000000000, 1.000000000000000000 ) ) ;
#1905 = VECTOR ( 'NONE', #2359, 1000.000000000000000 ) ;
#1906 = CARTESIAN_POINT ( 'NONE',  ( 12.25000000000000355, -26.00000000000000355, 16.69999999999999929 ) ) ;
#1907 = VERTEX_POINT ( 'NONE', #2394 ) ;
#1908 = ORIENTED_EDGE ( 'NONE', *, *, #995, .F. ) ;
#1909 = CARTESIAN_POINT ( 'NONE',  ( 4.769999999997125428, -27.09999999999874731, 16.49999999999999645 ) ) ;
#1910 = LINE ( 'NONE', #89, #930 ) ;
#1911 = ORIENTED_EDGE ( 'NONE', *, *, #1502, .F. ) ;
#1912 = ORIENTED_EDGE ( 'NONE', *, *, #974, .T. ) ;
#1913 = DIRECTION ( 'NONE',  ( -0.000000000000000000, -0.000000000000000000, -1.000000000000000000 ) ) ;
#1914 = CARTESIAN_POINT ( 'NONE',  ( -8.250000000000000000, -16.19999999999999929, 16.69999999999999929 ) ) ;
#1915 = AXIS2_PLACEMENT_3D ( 'NONE', #2329, #2344, #320 ) ;
#1916 = DIRECTION ( 'NONE',  ( 0.000000000000000000, 0.000000000000000000, 1.000000000000000000 ) ) ;
#1917 = DIRECTION ( 'NONE',  ( 1.000000000000000000, 0.000000000000000000, 0.000000000000000000 ) ) ;
#1918 = ORIENTED_EDGE ( 'NONE', *, *, #2573, .F. ) ;
#1919 = VERTEX_POINT ( 'NONE', #161 ) ;
#1920 = LINE ( 'NONE', #1935, #2447 ) ;
#1921 = DIRECTION ( 'NONE',  ( 0.000000000000000000, 0.000000000000000000, 1.000000000000000000 ) ) ;
#1922 = ORIENTED_EDGE ( 'NONE', *, *, #878, .F. ) ;
#1923 = ORIENTED_EDGE ( 'NONE', *, *, #17, .F. ) ;
#1924 = CARTESIAN_POINT ( 'NONE',  ( -12.25000000000000000, -26.00000000000000711, 16.69999999999999929 ) ) ;
#1925 = AXIS2_PLACEMENT_3D ( 'NONE', #1516, #2087, #905 ) ;
#1926 = AXIS2_PLACEMENT_3D ( 'NONE', #26, #387, #2413 ) ;
#1927 = LINE ( 'NONE', #350, #664 ) ;
#1928 = AXIS2_PLACEMENT_3D ( 'NONE', #143, #1392, #1133 ) ;
#1929 = FACE_OUTER_BOUND ( 'NONE', #281, .T. ) ;
#1930 = CIRCLE ( 'NONE', #1975, 1.100000000000000311 ) ;
#1931 = DIRECTION ( 'NONE',  ( -0.000000000000000000, 0.7071067811865414665, -0.7071067811865536790 ) ) ;
#1932 = ORIENTED_EDGE ( 'NONE', *, *, #1396, .T. ) ;
#1933 = ADVANCED_FACE ( 'NONE', ( #970 ), #2170, .T. ) ;
#1934 = EDGE_CURVE ( 'NONE', #342, #1987, #2382, .T. ) ;
#1935 = CARTESIAN_POINT ( 'NONE',  ( -10.24999999999999822, -20.19999999999999929, 17.30000000000000071 ) ) ;
#1936 = CARTESIAN_POINT ( 'NONE',  ( -10.24999999999999822, -19.09999999999999787, 17.30000000000000071 ) ) ;
#1937 = ORIENTED_EDGE ( 'NONE', *, *, #1430, .F. ) ;
#1938 = ADVANCED_FACE ( 'NONE', ( #1169 ), #357, .T. ) ;
#1939 = ORIENTED_EDGE ( 'NONE', *, *, #2204, .T. ) ;
#1940 = CARTESIAN_POINT ( 'NONE',  ( -8.250000000000001776, -29.10000000000000142, 16.49999999999999645 ) ) ;
#1941 = DIRECTION ( 'NONE',  ( 1.000000000000000000, 0.000000000000000000, 0.000000000000000000 ) ) ;
#1942 = ORIENTED_EDGE ( 'NONE', *, *, #680, .F. ) ;
#1943 = CIRCLE ( 'NONE', #335, 1.379999999999975024 ) ;
#1944 = DIRECTION ( 'NONE',  ( 1.000000000000000000, -7.613206477641161091E-15, -0.000000000000000000 ) ) ;
#1945 = CARTESIAN_POINT ( 'NONE',  ( 10.25000000000000355, -19.09999999999999432, 16.69999999999999929 ) ) ;
#1946 = ORIENTED_EDGE ( 'NONE', *, *, #1480, .T. ) ;
#1947 = AXIS2_PLACEMENT_3D ( 'NONE', #2381, #2182, #1976 ) ;
#1948 = CONICAL_SURFACE ( 'NONE', #805, 1.580000000000026716, 0.7853981633974537191 ) ;
#1949 = DIRECTION ( 'NONE',  ( -0.000000000000000000, -0.000000000000000000, 1.000000000000000000 ) ) ;
#1950 = CARTESIAN_POINT ( 'NONE',  ( -10.25000000000000178, -20.39999999999999858, 17.49999999999999645 ) ) ;
#1951 = AXIS2_PLACEMENT_3D ( 'NONE', #1977, #952, #1785 ) ;
#1952 = ORIENTED_EDGE ( 'NONE', *, *, #482, .T. ) ;
#1953 = ORIENTED_EDGE ( 'NONE', *, *, #443, .T. ) ;
#1954 = DIRECTION ( 'NONE',  ( 1.000000000000000000, 0.000000000000000000, 0.000000000000000000 ) ) ;
#1955 = ADVANCED_FACE ( 'NONE', ( #1138 ), #133, .F. ) ;
#1956 = DIRECTION ( 'NONE',  ( 1.000000000000000000, 0.000000000000000000, 0.000000000000000000 ) ) ;
#1957 = VERTEX_POINT ( 'NONE', #2558 ) ;
#1958 = LINE ( 'NONE', #142, #150 ) ;
#1959 = FACE_OUTER_BOUND ( 'NONE', #2123, .T. ) ;
#1960 = ORIENTED_EDGE ( 'NONE', *, *, #2281, .F. ) ;
#1961 = CARTESIAN_POINT ( 'NONE',  ( -4.770000000002951879, -25.57999999999987750, 16.49999999999999645 ) ) ;
#1962 = CARTESIAN_POINT ( 'NONE',  ( -8.949999999999997513, -29.10000000000000142, 17.49999999999999645 ) ) ;
#1963 = ORIENTED_EDGE ( 'NONE', *, *, #2397, .F. ) ;
#1964 = ORIENTED_EDGE ( 'NONE', *, *, #1373, .T. ) ;
#1965 = DIRECTION ( 'NONE',  ( 1.000000000000000000, 0.000000000000000000, 0.000000000000000000 ) ) ;
#1966 = DIRECTION ( 'NONE',  ( -0.000000000000000000, -0.000000000000000000, 1.000000000000000000 ) ) ;
#1967 = ORIENTED_EDGE ( 'NONE', *, *, #2204, .F. ) ;
#1968 = ORIENTED_EDGE ( 'NONE', *, *, #2441, .F. ) ;
#1969 = AXIS2_PLACEMENT_3D ( 'NONE', #678, #472, #266 ) ;
#1970 = ORIENTED_EDGE ( 'NONE', *, *, #1813, .F. ) ;
#1971 = LINE ( 'NONE', #2389, #1184 ) ;
#1972 = CIRCLE ( 'NONE', #784, 2.700000000000001066 ) ;
#1973 = DIRECTION ( 'NONE',  ( 0.000000000000000000, 0.7071067811865536790, 0.7071067811865414665 ) ) ;
#1974 = ORIENTED_EDGE ( 'NONE', *, *, #482, .F. ) ;
#1975 = AXIS2_PLACEMENT_3D ( 'NONE', #1990, #2355, #2155 ) ;
#1976 = DIRECTION ( 'NONE',  ( 8.384496800554570568E-14, 1.000000000000000000, -0.000000000000000000 ) ) ;
#1977 = CARTESIAN_POINT ( 'NONE',  ( 12.25000000000000000, -23.09999999999999787, 16.49999999999999645 ) ) ;
#1978 = ORIENTED_EDGE ( 'NONE', *, *, #1736, .F. ) ;
#1979 = EDGE_CURVE ( 'NONE', #1907, #710, #1930, .T. ) ;
#1980 = CARTESIAN_POINT ( 'NONE',  ( -12.25000000000000000, -25.80000000000000782, 16.49999999999999645 ) ) ;
#1981 = FACE_OUTER_BOUND ( 'NONE', #2078, .T. ) ;
#1982 = ORIENTED_EDGE ( 'NONE', *, *, #2534, .T. ) ;
#1983 = EDGE_CURVE ( 'NONE', #2547, #978, #1382, .T. ) ;
#1984 = EDGE_CURVE ( 'NONE', #1701, #991, #367, .T. ) ;
#1985 = LINE ( 'NONE', #1165, #1881 ) ;
#1986 = CARTESIAN_POINT ( 'NONE',  ( -12.25000000000000000, -26.00000000000000711, 17.30000000000000071 ) ) ;
#1987 = VERTEX_POINT ( 'NONE', #755 ) ;
#1988 = EDGE_CURVE ( 'NONE', #494, #764, #2393, .T. ) ;
#1989 = AXIS2_PLACEMENT_3D ( 'NONE', #2137, #1751, #1941 ) ;
#1990 = CARTESIAN_POINT ( 'NONE',  ( 10.25000000000000355, -19.09999999999999432, 17.30000000000000071 ) ) ;
#1991 = AXIS2_PLACEMENT_3D ( 'NONE', #429, #2050, #235 ) ;
#1992 = CIRCLE ( 'NONE', #1049, 0.6999999999999992895 ) ;
#1993 = AXIS2_PLACEMENT_3D ( 'NONE', #503, #2374, #1954 ) ;
#1994 = PRESENTATION_STYLE_ASSIGNMENT (( #584 ) ) ;
#1995 = LINE ( 'NONE', #2020, #2458 ) ;
#1996 = ADVANCED_FACE ( 'NONE', ( #2253 ), #2221, .T. ) ;
#1997 = DIRECTION ( 'NONE',  ( -1.000000000000000000, 0.000000000000000000, 0.000000000000000000 ) ) ;
#1998 = ORIENTED_EDGE ( 'NONE', *, *, #1496, .T. ) ;
#1999 = CARTESIAN_POINT ( 'NONE',  ( 9.150000000000003908, -19.09999999999999432, 16.69999999999999929 ) ) ;
#2000 = LINE ( 'NONE', #2011, #1074 ) ;
#2001 = ORIENTED_EDGE ( 'NONE', *, *, #2372, .F. ) ;
#2002 = EDGE_CURVE ( 'NONE', #1664, #1148, #2405, .T. ) ;
#2003 = DIRECTION ( 'NONE',  ( 0.000000000000000000, 0.000000000000000000, -1.000000000000000000 ) ) ;
#2004 = CONICAL_SURFACE ( 'NONE', #2245, 2.200000000000000622, 0.7853981633974500554 ) ;
#2005 = SURFACE_STYLE_FILL_AREA ( #1182 ) ;
#2006 = CARTESIAN_POINT ( 'NONE',  ( -3.190000000002998437, -23.99999999999994671, 17.49999999999999645 ) ) ;
#2007 = ADVANCED_FACE ( 'NONE', ( #439 ), #31, .T. ) ;
#2008 = CARTESIAN_POINT ( 'NONE',  ( -4.770000000002947438, -25.57999999999988106, 17.49999999999999645 ) ) ;
#2009 = ORIENTED_EDGE ( 'NONE', *, *, #243, .F. ) ;
#2010 = FACE_OUTER_BOUND ( 'NONE', #2425, .T. ) ;
#2011 = CARTESIAN_POINT ( 'NONE',  ( -8.250000000000001776, -30.00000000000000000, 17.30000000000000071 ) ) ;
#2012 = ORIENTED_EDGE ( 'NONE', *, *, #1983, .F. ) ;
#2013 = VECTOR ( 'NONE', #1900, 1000.000000000000000 ) ;
#2014 = AXIS2_PLACEMENT_3D ( 'NONE', #2203, #2238, #402 ) ;
#2015 = DIRECTION ( 'NONE',  ( 0.7071067811865566766, 0.000000000000000000, 0.7071067811865383579 ) ) ;
#2016 = ADVANCED_FACE ( 'NONE', ( #1252 ), #234, .F. ) ;
#2017 = VECTOR ( 'NONE', #2337, 1000.000000000000000 ) ;
#2018 = ADVANCED_FACE ( 'NONE', ( #1408 ), #2260, .T. ) ;
#2019 = ORIENTED_EDGE ( 'NONE', *, *, #606, .T. ) ;
#2020 = CARTESIAN_POINT ( 'NONE',  ( -8.950000000000002842, -27.10000000000000497, 16.49999999999999645 ) ) ;
#2021 = EDGE_CURVE ( 'NONE', #453, #448, #1028, .T. ) ;
#2022 = CARTESIAN_POINT ( 'NONE',  ( 8.250000000000000000, -16.19999999999999929, 16.49999999999999645 ) ) ;
#2023 = ORIENTED_EDGE ( 'NONE', *, *, #2282, .F. ) ;
#2024 = CARTESIAN_POINT ( 'NONE',  ( -10.25000000000000178, -27.10000000000000497, 16.49999999999999645 ) ) ;
#2025 = LINE ( 'NONE', #416, #1838 ) ;
#2026 = EDGE_LOOP ( 'NONE', ( #191, #1968, #1911, #254 ) ) ;
#2027 = DIRECTION ( 'NONE',  ( 0.000000000000000000, 1.000000000000000000, 0.000000000000000000 ) ) ;
#2028 = CARTESIAN_POINT ( 'NONE',  ( 3.189999999997001012, -26.17999999999989313, 16.49999999999999645 ) ) ;
#2029 = DIRECTION ( 'NONE',  ( -1.000000000000000000, 0.000000000000000000, 0.000000000000000000 ) ) ;
#2030 = CONICAL_SURFACE ( 'NONE', #1315, 0.6999999999999992895, 0.7853981633974548293 ) ;
#2031 = DIRECTION ( 'NONE',  ( 1.000000000000000000, -8.673617379884043361E-16, 0.000000000000000000 ) ) ;
#2032 = VECTOR ( 'NONE', #1359, 1000.000000000000000 ) ;
#2033 = ORIENTED_EDGE ( 'NONE', *, *, #470, .T. ) ;
#2034 = EDGE_CURVE ( 'NONE', #208, #1890, #2429, .T. ) ;
#2035 = LINE ( 'NONE', #2227, #1077 ) ;
#2036 = CARTESIAN_POINT ( 'NONE',  ( -10.24999999999999822, -19.09999999999999787, 16.49999999999999645 ) ) ;
#2037 = EDGE_LOOP ( 'NONE', ( #247, #601, #666, #1094 ) ) ;
#2038 = DIRECTION ( 'NONE',  ( 0.000000000000000000, 0.000000000000000000, 1.000000000000000000 ) ) ;
#2039 = DIRECTION ( 'NONE',  ( 0.000000000000000000, 0.000000000000000000, 1.000000000000000000 ) ) ;
#2040 = DIRECTION ( 'NONE',  ( -1.000000000000000000, 0.000000000000000000, 0.000000000000000000 ) ) ;
#2041 = VECTOR ( 'NONE', #717, 1000.000000000000000 ) ;
#2042 = DIRECTION ( 'NONE',  ( 1.000000000000000000, 0.000000000000000000, 0.000000000000000000 ) ) ;
#2043 = VERTEX_POINT ( 'NONE', #196 ) ;
#2044 = CARTESIAN_POINT ( 'NONE',  ( -8.950000000000001066, -17.10000000000000142, 16.49999999999999645 ) ) ;
#2045 = DIRECTION ( 'NONE',  ( -1.000000000000000000, 0.000000000000000000, 0.000000000000000000 ) ) ;
#2046 = ORIENTED_EDGE ( 'NONE', *, *, #577, .T. ) ;
#2047 = PRODUCT_DEFINITION_FORMATION_WITH_SPECIFIED_SOURCE ( 'ANY', '', #964, .NOT_KNOWN. ) ;
#2048 = CARTESIAN_POINT ( 'NONE',  ( 10.25000000000000178, -27.10000000000000142, 16.69999999999999929 ) ) ;
#2049 = CONICAL_SURFACE ( 'NONE', #1796, 0.8999999999999980238, 0.7853981633974396193 ) ;
#2050 = DIRECTION ( 'NONE',  ( -0.000000000000000000, -0.000000000000000000, -1.000000000000000000 ) ) ;
#2051 = DIRECTION ( 'NONE',  ( -0.000000000000000000, -0.000000000000000000, -1.000000000000000000 ) ) ;
#2052 = VECTOR ( 'NONE', #1973, 1000.000000000000000 ) ;
#2053 = ADVANCED_FACE ( 'NONE', ( #1007 ), #1835, .T. ) ;
#2054 = CARTESIAN_POINT ( 'NONE',  ( -9.150000000000000355, -17.10000000000000142, 17.30000000000000071 ) ) ;
#2055 = AXIS2_PLACEMENT_3D ( 'NONE', #938, #1761, #1747 ) ;
#2056 = DIRECTION ( 'NONE',  ( 1.000000000000000000, 0.000000000000000000, 0.000000000000000000 ) ) ;
#2057 = ORIENTED_EDGE ( 'NONE', *, *, #2549, .T. ) ;
#2058 = CARTESIAN_POINT ( 'NONE',  ( -12.25000000000000000, -23.10000000000000142, 17.49999999999999645 ) ) ;
#2059 = CARTESIAN_POINT ( 'NONE',  ( 8.250000000000000000, -16.40000000000000213, 17.49999999999999645 ) ) ;
#2060 = EDGE_LOOP ( 'NONE', ( #1604, #1409, #1513, #1720 ) ) ;
#2061 = EDGE_CURVE ( 'NONE', #2076, #2133, #1019, .T. ) ;
#2062 = CARTESIAN_POINT ( 'NONE',  ( -10.25000000000000178, -25.80000000000000071, 17.49999999999999645 ) ) ;
#2063 = VERTEX_POINT ( 'NONE', #1619 ) ;
#2064 = EDGE_CURVE ( 'NONE', #1957, #832, #233, .T. ) ;
#2065 = DIRECTION ( 'NONE',  ( 0.000000000000000000, 0.7071067811865414665, 0.7071067811865536790 ) ) ;
#2066 = CONICAL_SURFACE ( 'NONE', #623, 2.200000000000000622, 0.7853981633974500554 ) ;
#2067 = PLANE ( 'NONE',  #927 ) ;
#2068 = DIRECTION ( 'NONE',  ( 0.7071067811865536790, 0.000000000000000000, 0.7071067811865414665 ) ) ;
#2069 = ADVANCED_FACE ( 'NONE', ( #406 ), #4, .T. ) ;
#2070 = AXIS2_PLACEMENT_3D ( 'NONE', #2081, #1469, #2111 ) ;
#2071 = AXIS2_PLACEMENT_3D ( 'NONE', #1599, #200, #2398 ) ;
#2072 = DIRECTION ( 'NONE',  ( 1.000000000000000000, 0.000000000000000000, 0.000000000000000000 ) ) ;
#2073 = VECTOR ( 'NONE', #2297, 1000.000000000000000 ) ;
#2074 = SHAPE_DEFINITION_REPRESENTATION ( #1702, #1566 ) ;
#2075 = LINE ( 'NONE', #907, #2518 ) ;
#2076 = VERTEX_POINT ( 'NONE', #418 ) ;
#2077 = EDGE_CURVE ( 'NONE', #1330, #1379, #1294, .T. ) ;
#2078 = EDGE_LOOP ( 'NONE', ( #649, #778, #409, #1226 ) ) ;
#2079 = LINE ( 'NONE', #1891, #1198 ) ;
#2080 = DIRECTION ( 'NONE',  ( 1.000000000000000000, 0.000000000000000000, 0.000000000000000000 ) ) ;
#2081 = CARTESIAN_POINT ( 'NONE',  ( 8.250000000000000000, -17.10000000000000142, 16.69999999999999929 ) ) ;
#2082 = LINE ( 'NONE', #252, #210 ) ;
#2083 = EDGE_CURVE ( 'NONE', #1617, #170, #19, .T. ) ;
#2084 = EDGE_CURVE ( 'NONE', #555, #2395, #1846, .T. ) ;
#2085 = CIRCLE ( 'NONE', #1200, 1.580000000000077787 ) ;
#2086 = DIRECTION ( 'NONE',  ( 1.000000000000000000, 0.000000000000000000, 0.000000000000000000 ) ) ;
#2087 = DIRECTION ( 'NONE',  ( -0.000000000000000000, -0.000000000000000000, -1.000000000000000000 ) ) ;
#2088 = DIRECTION ( 'NONE',  ( 1.000000000000000000, 0.000000000000000000, -0.000000000000000000 ) ) ;
#2089 = ORIENTED_EDGE ( 'NONE', *, *, #737, .F. ) ;
#2090 = ORIENTED_EDGE ( 'NONE', *, *, #1373, .F. ) ;
#2091 = MECHANICAL_DESIGN_GEOMETRIC_PRESENTATION_REPRESENTATION (  '', ( #50 ), #856 ) ;
#2092 = LINE ( 'NONE', #271, #1852 ) ;
#2093 = CARTESIAN_POINT ( 'NONE',  ( 4.569999999997000906, -25.57999999999989527, 16.49999999999999645 ) ) ;
#2094 = EDGE_CURVE ( 'NONE', #1128, #405, #640, .T. ) ;
#2095 = ADVANCED_FACE ( 'NONE', ( #1452 ), #1418, .F. ) ;
#2096 = DIRECTION ( 'NONE',  ( -1.000000000000000000, 0.000000000000000000, 0.000000000000000000 ) ) ;
#2097 = CARTESIAN_POINT ( 'NONE',  ( 8.250000000000001776, -30.00000000000000000, 16.49999999999999645 ) ) ;
#2098 = CIRCLE ( 'NONE', #2427, 1.579999999999952998 ) ;
#2099 = VECTOR ( 'NONE', #403, 1000.000000000000000 ) ;
#2100 = EDGE_CURVE ( 'NONE', #170, #490, #2496, .T. ) ;
#2101 = AXIS2_PLACEMENT_3D ( 'NONE', #614, #836, #181 ) ;
#2102 = CARTESIAN_POINT ( 'NONE',  ( -3.190000000002998437, -26.17999999999989313, 17.29999999999999716 ) ) ;
#2103 = ORIENTED_EDGE ( 'NONE', *, *, #603, .F. ) ;
#2104 = CARTESIAN_POINT ( 'NONE',  ( 10.05000000000000071, -23.09999999999999787, 17.49999999999999645 ) ) ;
#2105 = CARTESIAN_POINT ( 'NONE',  ( -12.25000000000000000, -23.10000000000000142, 17.30000000000000071 ) ) ;
#2106 = EDGE_LOOP ( 'NONE', ( #1918, #2023, #1467, #2619 ) ) ;
#2107 = ORIENTED_EDGE ( 'NONE', *, *, #1834, .T. ) ;
#2108 = DIRECTION ( 'NONE',  ( -0.000000000000000000, -0.000000000000000000, -1.000000000000000000 ) ) ;
#2109 = CARTESIAN_POINT ( 'NONE',  ( -4.570000000002948148, -25.57999999999989527, 16.49999999999999645 ) ) ;
#2110 = ORIENTED_EDGE ( 'NONE', *, *, #2416, .T. ) ;
#2111 = DIRECTION ( 'NONE',  ( 1.000000000000000000, 0.000000000000000000, 0.000000000000000000 ) ) ;
#2112 = DIRECTION ( 'NONE',  ( -0.000000000000000000, -0.000000000000000000, -1.000000000000000000 ) ) ;
#2113 = CIRCLE ( 'NONE', #1989, 2.900000000000003464 ) ;
#2114 = LINE ( 'NONE', #1485, #906 ) ;
#2115 = CIRCLE ( 'NONE', #2620, 1.380000000000075611 ) ;
#2116 = PLANE ( 'NONE',  #2211 ) ;
#2117 = LINE ( 'NONE', #894, #321 ) ;
#2118 = ORIENTED_EDGE ( 'NONE', *, *, #496, .T. ) ;
#2119 = VERTEX_POINT ( 'NONE', #869 ) ;
#2120 = CARTESIAN_POINT ( 'NONE',  ( 8.250000000000001776, -30.00000000000000000, 16.69999999999999929 ) ) ;
#2121 = CARTESIAN_POINT ( 'NONE',  ( 11.05000000000000071, -23.09999999999999787, 16.50000000000000000 ) ) ;
#2122 = ORIENTED_EDGE ( 'NONE', *, *, #1601, .T. ) ;
#2123 = EDGE_LOOP ( 'NONE', ( #2292, #90, #2592, #86 ) ) ;
#2124 = DIRECTION ( 'NONE',  ( 1.000000000000000000, 0.000000000000000000, 0.000000000000000000 ) ) ;
#2125 = DIRECTION ( 'NONE',  ( 1.000000000000000000, 0.000000000000000000, 0.000000000000000000 ) ) ;
#2126 = VECTOR ( 'NONE', #2213, 1000.000000000000000 ) ;
#2127 = CARTESIAN_POINT ( 'NONE',  ( -12.25000000000000000, -23.10000000000000142, 16.69999999999999929 ) ) ;
#2128 = LINE ( 'NONE', #280, #747 ) ;
#2129 = ORIENTED_EDGE ( 'NONE', *, *, #2459, .T. ) ;
#2130 = EDGE_CURVE ( 'NONE', #68, #113, #2075, .T. ) ;
#2131 = CARTESIAN_POINT ( 'NONE',  ( -8.250000000000001776, -29.10000000000000142, 16.69999999999999929 ) ) ;
#2132 = CARTESIAN_POINT ( 'NONE',  ( 8.250000000000000000, -17.10000000000000142, 16.69999999999999929 ) ) ;
#2133 = VERTEX_POINT ( 'NONE', #665 ) ;
#2134 = ORIENTED_EDGE ( 'NONE', *, *, #878, .T. ) ;
#2135 = LINE ( 'NONE', #1737, #1524 ) ;
#2136 = CIRCLE ( 'NONE', #998, 1.380000000000025651 ) ;
#2137 = CARTESIAN_POINT ( 'NONE',  ( 12.25000000000000000, -23.09999999999999787, 17.30000000000000071 ) ) ;
#2138 = VECTOR ( 'NONE', #1757, 1000.000000000000000 ) ;
#2139 = CARTESIAN_POINT ( 'NONE',  ( 3.189999999997001012, -27.75999999999999801, 16.49999999999999645 ) ) ;
#2140 = DIRECTION ( 'NONE',  ( -0.000000000000000000, -0.000000000000000000, 1.000000000000000000 ) ) ;
#2141 = ORIENTED_EDGE ( 'NONE', *, *, #1984, .T. ) ;
#2142 = CARTESIAN_POINT ( 'NONE',  ( 14.95000000000000462, -23.09999999999999787, 16.49999999999999645 ) ) ;
#2143 = DIRECTION ( 'NONE',  ( 0.000000000000000000, 1.000000000000000000, 0.000000000000000000 ) ) ;
#2144 = ORIENTED_EDGE ( 'NONE', *, *, #2021, .T. ) ;
#2145 = ADVANCED_FACE ( 'NONE', ( #71 ), #1122, .F. ) ;
#2146 = ORIENTED_EDGE ( 'NONE', *, *, #2481, .F. ) ;
#2147 = DIRECTION ( 'NONE',  ( 0.000000000000000000, 0.000000000000000000, 1.000000000000000000 ) ) ;
#2148 = LINE ( 'NONE', #2332, #796 ) ;
#2149 = ORIENTED_EDGE ( 'NONE', *, *, #1536, .T. ) ;
#2150 = DIRECTION ( 'NONE',  ( 0.000000000000000000, 0.000000000000000000, -1.000000000000000000 ) ) ;
#2151 = DIRECTION ( 'NONE',  ( 1.000000000000000000, 0.000000000000000000, -0.000000000000000000 ) ) ;
#2152 = ORIENTED_EDGE ( 'NONE', *, *, #844, .F. ) ;
#2153 = VECTOR ( 'NONE', #2625, 1000.000000000000000 ) ;
#2154 = DIRECTION ( 'NONE',  ( -1.000000000000000000, 0.000000000000000000, 0.000000000000000000 ) ) ;
#2155 = DIRECTION ( 'NONE',  ( 1.000000000000000000, 0.000000000000000000, 0.000000000000000000 ) ) ;
#2156 = AXIS2_PLACEMENT_3D ( 'NONE', #2325, #514, #886 ) ;
#2157 = ORIENTED_EDGE ( 'NONE', *, *, #1246, .F. ) ;
#2158 = ORIENTED_EDGE ( 'NONE', *, *, #1037, .T. ) ;
#2159 = DIRECTION ( 'NONE',  ( 0.000000000000000000, 0.000000000000000000, -1.000000000000000000 ) ) ;
#2160 = EDGE_CURVE ( 'NONE', #2226, #710, #2117, .T. ) ;
#2161 = CARTESIAN_POINT ( 'NONE',  ( -12.25000000000000000, -23.10000000000000142, 17.49999999999999645 ) ) ;
#2162 = EDGE_LOOP ( 'NONE', ( #299, #2555, #116, #2134 ) ) ;
#2163 = ORIENTED_EDGE ( 'NONE', *, *, #2184, .F. ) ;
#2164 = ORIENTED_EDGE ( 'NONE', *, *, #1496, .F. ) ;
#2165 = CARTESIAN_POINT ( 'NONE',  ( -4.770000000002998952, -26.17999999999989313, 16.49999999999999645 ) ) ;
#2166 = CONICAL_SURFACE ( 'NONE', #306, 1.380000000000025651, 0.7853981633974428389 ) ;
#2167 = LINE ( 'NONE', #1986, #2052 ) ;
#2168 = ORIENTED_EDGE ( 'NONE', *, *, #2252, .T. ) ;
#2169 = DIRECTION ( 'NONE',  ( 1.000000000000000000, 0.000000000000000000, 0.000000000000000000 ) ) ;
#2170 = PLANE ( 'NONE',  #155 ) ;
#2171 = EDGE_LOOP ( 'NONE', ( #1155, #1297, #2118, #417 ) ) ;
#2172 = EDGE_CURVE ( 'NONE', #1823, #1355, #194, .T. ) ;
#2173 = CARTESIAN_POINT ( 'NONE',  ( -4.770000000002948326, -25.57999999999987750, 17.49999999999999645 ) ) ;
#2174 = ADVANCED_FACE ( 'NONE', ( #256 ), #955, .T. ) ;
#2175 = DIRECTION ( 'NONE',  ( 0.000000000000000000, 0.000000000000000000, 1.000000000000000000 ) ) ;
#2176 = ADVANCED_FACE ( 'NONE', ( #1063 ), #1714, .T. ) ;
#2177 = DIRECTION ( 'NONE',  ( -1.000000000000000000, 0.000000000000000000, 0.000000000000000000 ) ) ;
#2178 = DIRECTION ( 'NONE',  ( 0.000000000000000000, 0.7071067811865414665, -0.7071067811865536790 ) ) ;
#2179 = VECTOR ( 'NONE', #593, 1000.000000000000000 ) ;
#2180 = ORIENTED_EDGE ( 'NONE', *, *, #2453, .T. ) ;
#2181 = VECTOR ( 'NONE', #608, 1000.000000000000000 ) ;
#2182 = DIRECTION ( 'NONE',  ( 0.7071067811865536790, -5.928734544509099639E-14, 0.7071067811865414665 ) ) ;
#2183 = CARTESIAN_POINT ( 'NONE',  ( -9.150000000000002132, -27.10000000000000497, 16.49999999999999645 ) ) ;
#2184 = EDGE_CURVE ( 'NONE', #1095, #1919, #699, .T. ) ;
#2185 = CARTESIAN_POINT ( 'NONE',  ( -10.24999999999999822, -20.19999999999999929, 17.30000000000000071 ) ) ;
#2186 = CARTESIAN_POINT ( 'NONE',  ( 3.189999999997001012, -25.57999999999989527, 17.29999999999999716 ) ) ;
#2187 = CARTESIAN_POINT ( 'NONE',  ( 9.150000000000000355, -29.10000000000000142, 16.69999999999999929 ) ) ;
#2188 = ORIENTED_EDGE ( 'NONE', *, *, #523, .F. ) ;
#2189 = ORIENTED_EDGE ( 'NONE', *, *, #1711, .F. ) ;
#2190 = CARTESIAN_POINT ( 'NONE',  ( 3.189999999997001012, -27.55999999999999517, 17.29999999999999716 ) ) ;
#2191 = PLANE ( 'NONE',  #2258 ) ;
#2192 = ORIENTED_EDGE ( 'NONE', *, *, #521, .F. ) ;
#2193 = AXIS2_PLACEMENT_3D ( 'NONE', #2214, #1230, #2410 ) ;
#2194 = ADVANCED_FACE ( 'NONE', ( #1872 ), #1324, .T. ) ;
#2195 = DIRECTION ( 'NONE',  ( 0.000000000000000000, -0.000000000000000000, -1.000000000000000000 ) ) ;
#2196 = CIRCLE ( 'NONE', #887, 1.379999999999950377 ) ;
#2197 = AXIS2_PLACEMENT_3D ( 'NONE', #2449, #1789, #188 ) ;
#2198 = DIRECTION ( 'NONE',  ( 1.000000000000000000, 0.000000000000000000, 0.000000000000000000 ) ) ;
#2199 = VECTOR ( 'NONE', #689, 1000.000000000000000 ) ;
#2200 = CARTESIAN_POINT ( 'NONE',  ( -10.24999999999999822, -19.09999999999999787, 16.49999999999999645 ) ) ;
#2201 = CARTESIAN_POINT ( 'NONE',  ( -3.190000000002998437, -24.19999999999994245, 16.69999999999999574 ) ) ;
#2202 = ORIENTED_EDGE ( 'NONE', *, *, #993, .F. ) ;
#2203 = CARTESIAN_POINT ( 'NONE',  ( -3.190000000002998437, -26.17999999999989313, 16.49999999999999645 ) ) ;
#2204 = EDGE_CURVE ( 'NONE', #638, #1671, #1476, .T. ) ;
#2205 = LINE ( 'NONE', #1603, #404 ) ;
#2206 = ORIENTED_EDGE ( 'NONE', *, *, #2077, .T. ) ;
#2207 = ADVANCED_FACE ( 'NONE', ( #1673 ), #683, .F. ) ;
#2208 = ADVANCED_FACE ( 'NONE', ( #1686 ), #1000, .T. ) ;
#2209 = DIRECTION ( 'NONE',  ( -0.000000000000000000, -0.000000000000000000, 1.000000000000000000 ) ) ;
#2210 = AXIS2_PLACEMENT_3D ( 'NONE', #2200, #793, #571 ) ;
#2211 = AXIS2_PLACEMENT_3D ( 'NONE', #279, #1322, #1836 ) ;
#2212 = ORIENTED_EDGE ( 'NONE', *, *, #2130, .F. ) ;
#2213 = DIRECTION ( 'NONE',  ( -0.7071067811865414665, 0.000000000000000000, 0.7071067811865536790 ) ) ;
#2214 = CARTESIAN_POINT ( 'NONE',  ( 10.25000000000000178, -27.10000000000000142, 17.30000000000000071 ) ) ;
#2215 = VERTEX_POINT ( 'NONE', #475 ) ;
#2216 = DIRECTION ( 'NONE',  ( 1.000000000000000000, 0.000000000000000000, 0.000000000000000000 ) ) ;
#2217 = DIRECTION ( 'NONE',  ( 1.000000000000000000, 0.000000000000000000, 0.000000000000000000 ) ) ;
#2218 = ORIENTED_EDGE ( 'NONE', *, *, #737, .T. ) ;
#2219 = VECTOR ( 'NONE', #1448, 1000.000000000000000 ) ;
#2220 = AXIS2_PLACEMENT_3D ( 'NONE', #536, #1348, #2150 ) ;
#2221 = PLANE ( 'NONE',  #1387 ) ;
#2222 = ORIENTED_EDGE ( 'NONE', *, *, #488, .T. ) ;
#2223 = DIRECTION ( 'NONE',  ( 0.000000000000000000, 0.000000000000000000, -1.000000000000000000 ) ) ;
#2224 = EDGE_CURVE ( 'NONE', #883, #2043, #2128, .T. ) ;
#2225 = CARTESIAN_POINT ( 'NONE',  ( 9.150000000000000355, -29.10000000000000142, 16.49999999999999645 ) ) ;
#2226 = VERTEX_POINT ( 'NONE', #1093 ) ;
#2227 = CARTESIAN_POINT ( 'NONE',  ( 4.569999999997000906, -25.57999999999989882, 17.29999999999999716 ) ) ;
#2228 = DIRECTION ( 'NONE',  ( -1.000000000000000000, 8.384496800554570568E-14, 0.000000000000000000 ) ) ;
#2229 = ORIENTED_EDGE ( 'NONE', *, *, #1855, .T. ) ;
#2230 = VECTOR ( 'NONE', #1545, 1000.000000000000000 ) ;
#2231 = DIRECTION ( 'NONE',  ( 0.000000000000000000, 0.000000000000000000, 1.000000000000000000 ) ) ;
#2232 = CARTESIAN_POINT ( 'NONE',  ( -4.570000000002998775, -26.17999999999989669, 17.29999999999999716 ) ) ;
#2233 = AXIS2_PLACEMENT_3D ( 'NONE', #1578, #1377, #776 ) ;
#2234 = DIRECTION ( 'NONE',  ( -0.7071067811865414665, 6.133173666733449221E-16, -0.7071067811865536790 ) ) ;
#2235 = CIRCLE ( 'NONE', #457, 1.299999999999999156 ) ;
#2236 = FACE_OUTER_BOUND ( 'NONE', #495, .T. ) ;
#2237 = ORIENTED_EDGE ( 'NONE', *, *, #1052, .T. ) ;
#2238 = DIRECTION ( 'NONE',  ( 0.000000000000000000, 0.000000000000000000, 1.000000000000000000 ) ) ;
#2239 = DIRECTION ( 'NONE',  ( -0.000000000000000000, -0.000000000000000000, -1.000000000000000000 ) ) ;
#2240 = ORIENTED_EDGE ( 'NONE', *, *, #1536, .F. ) ;
#2241 = DIRECTION ( 'NONE',  ( 1.000000000000000000, 0.000000000000000000, 0.000000000000000000 ) ) ;
#2242 = EDGE_CURVE ( 'NONE', #1162, #2076, #1554, .T. ) ;
#2243 = CARTESIAN_POINT ( 'NONE',  ( -8.949999999999997513, -17.10000000000000142, 17.49999999999999645 ) ) ;
#2244 = FACE_OUTER_BOUND ( 'NONE', #1587, .T. ) ;
#2245 = AXIS2_PLACEMENT_3D ( 'NONE', #599, #1787, #2396 ) ;
#2246 = DIRECTION ( 'NONE',  ( -0.000000000000000000, -0.000000000000000000, -1.000000000000000000 ) ) ;
#2247 = LINE ( 'NONE', #1623, #1135 ) ;
#2248 = EDGE_CURVE ( 'NONE', #25, #1823, #1716, .T. ) ;
#2249 = ORIENTED_EDGE ( 'NONE', *, *, #1988, .T. ) ;
#2250 = LINE ( 'NONE', #2451, #270 ) ;
#2251 = CARTESIAN_POINT ( 'NONE',  ( 12.25000000000000178, -20.19999999999999574, 17.30000000000000071 ) ) ;
#2252 = EDGE_CURVE ( 'NONE', #1842, #96, #2266, .T. ) ;
#2253 = FACE_OUTER_BOUND ( 'NONE', #201, .T. ) ;
#2254 = ORIENTED_EDGE ( 'NONE', *, *, #542, .F. ) ;
#2255 = CIRCLE ( 'NONE', #1709, 2.200000000000000622 ) ;
#2256 = EDGE_CURVE ( 'NONE', #1659, #1048, #2482, .T. ) ;
#2257 = CARTESIAN_POINT ( 'NONE',  ( 4.569999999997051532, -26.17999999999989313, 16.49999999999999645 ) ) ;
#2258 = AXIS2_PLACEMENT_3D ( 'NONE', #2363, #1931, #2151 ) ;
#2259 = FACE_OUTER_BOUND ( 'NONE', #257, .T. ) ;
#2260 = CONICAL_SURFACE ( 'NONE', #702, 0.9000000000000005773, 0.7853981633974375098 ) ;
#2261 = DIRECTION ( 'NONE',  ( 0.000000000000000000, 0.000000000000000000, -1.000000000000000000 ) ) ;
#2262 = EDGE_CURVE ( 'NONE', #1858, #1044, #325, .T. ) ;
#2263 = DIRECTION ( 'NONE',  ( 1.000000000000000000, 0.000000000000000000, 0.000000000000000000 ) ) ;
#2264 = CARTESIAN_POINT ( 'NONE',  ( 0.000000000000000000, 0.000000000000000000, 0.000000000000000000 ) ) ;
#2265 = ORIENTED_EDGE ( 'NONE', *, *, #1658, .T. ) ;
#2266 = LINE ( 'NONE', #2525, #2349 ) ;
#2267 = ORIENTED_EDGE ( 'NONE', *, *, #769, .F. ) ;
#2268 = ORIENTED_EDGE ( 'NONE', *, *, #48, .T. ) ;
#2269 = ADVANCED_FACE ( 'NONE', ( #1959 ), #1339, .T. ) ;
#2270 = DIRECTION ( 'NONE',  ( 1.000000000000000000, 0.000000000000000000, 0.000000000000000000 ) ) ;
#2271 = LINE ( 'NONE', #498, #720 ) ;
#2272 = AXIS2_PLACEMENT_3D ( 'NONE', #1828, #2601, #1010 ) ;
#2273 = CARTESIAN_POINT ( 'NONE',  ( 9.150000000000002132, -27.10000000000000142, 16.69999999999999929 ) ) ;
#2274 = PLANE ( 'NONE',  #1648 ) ;
#2275 = AXIS2_PLACEMENT_3D ( 'NONE', #343, #1746, #1760 ) ;
#2276 = VECTOR ( 'NONE', #1850, 1000.000000000000000 ) ;
#2277 = DIRECTION ( 'NONE',  ( -8.384496800554570568E-14, -1.000000000000000000, 0.000000000000000000 ) ) ;
#2278 = AXIS2_PLACEMENT_3D ( 'NONE', #1299, #1084, #1493 ) ;
#2279 = CARTESIAN_POINT ( 'NONE',  ( -12.25000000000000000, -23.10000000000000142, 17.49999999999999645 ) ) ;
#2280 = ORIENTED_EDGE ( 'NONE', *, *, #722, .F. ) ;
#2281 = EDGE_CURVE ( 'NONE', #616, #208, #966, .T. ) ;
#2282 = EDGE_CURVE ( 'NONE', #2338, #1811, #1383, .T. ) ;
#2283 = CARTESIAN_POINT ( 'NONE',  ( 9.150000000000000355, -29.10000000000000142, 16.49999999999999645 ) ) ;
#2284 = ORIENTED_EDGE ( 'NONE', *, *, #2331, .T. ) ;
#2285 = ORIENTED_EDGE ( 'NONE', *, *, #125, .F. ) ;
#2286 = EDGE_CURVE ( 'NONE', #1987, #2348, #2167, .T. ) ;
#2287 = DIRECTION ( 'NONE',  ( 1.000000000000000000, 0.000000000000000000, 0.000000000000000000 ) ) ;
#2288 = DIRECTION ( 'NONE',  ( 0.000000000000000000, 0.7071067811865536790, -0.7071067811865414665 ) ) ;
#2289 = CARTESIAN_POINT ( 'NONE',  ( 8.250000000000001776, -29.10000000000000142, 16.49999999999999645 ) ) ;
#2290 = CARTESIAN_POINT ( 'NONE',  ( -12.25000000000000000, -23.10000000000000142, 16.50000000000000000 ) ) ;
#2291 = DIRECTION ( 'NONE',  ( 1.000000000000000000, 0.000000000000000000, 0.000000000000000000 ) ) ;
#2292 = ORIENTED_EDGE ( 'NONE', *, *, #2556, .F. ) ;
#2293 = DIRECTION ( 'NONE',  ( -1.000000000000000000, 0.000000000000000000, 0.000000000000000000 ) ) ;
#2294 = ORIENTED_EDGE ( 'NONE', *, *, #2084, .T. ) ;
#2295 = ORIENTED_EDGE ( 'NONE', *, *, #1407, .T. ) ;
#2296 = DIRECTION ( 'NONE',  ( -0.000000000000000000, -0.000000000000000000, 1.000000000000000000 ) ) ;
#2297 = DIRECTION ( 'NONE',  ( -1.000000000000000000, 7.613206477641161091E-15, 0.000000000000000000 ) ) ;
#2298 = ORIENTED_EDGE ( 'NONE', *, *, #1983, .T. ) ;
#2299 = CARTESIAN_POINT ( 'NONE',  ( -3.190000000002998437, -25.57999999999989527, 16.49999999999999645 ) ) ;
#2300 = CARTESIAN_POINT ( 'NONE',  ( 10.25000000000000178, -26.00000000000000355, 16.49999999999999645 ) ) ;
#2301 = ADVANCED_FACE ( 'NONE', ( #537 ), #573, .T. ) ;
#2302 = VECTOR ( 'NONE', #2178, 1000.000000000000000 ) ;
#2303 = AXIS2_PLACEMENT_3D ( 'NONE', #246, #2417, #1605 ) ;
#2304 = LINE ( 'NONE', #692, #1593 ) ;
#2305 = DIRECTION ( 'NONE',  ( 1.000000000000000000, 0.000000000000000000, 0.000000000000000000 ) ) ;
#2306 = FACE_OUTER_BOUND ( 'NONE', #634, .T. ) ;
#2307 = CARTESIAN_POINT ( 'NONE',  ( 8.250000000000001776, -29.10000000000000142, 17.49999999999999645 ) ) ;
#2308 = ORIENTED_EDGE ( 'NONE', *, *, #867, .F. ) ;
#2309 = VERTEX_POINT ( 'NONE', #1150 ) ;
#2310 = DIRECTION ( 'NONE',  ( 1.000000000000000000, 0.000000000000000000, 0.000000000000000000 ) ) ;
#2311 = PLANE ( 'NONE',  #2156 ) ;
#2312 = ORIENTED_EDGE ( 'NONE', *, *, #877, .T. ) ;
#2313 = ORIENTED_EDGE ( 'NONE', *, *, #1161, .T. ) ;
#2314 = CARTESIAN_POINT ( 'NONE',  ( -10.24999999999999822, -20.39999999999999858, 16.49999999999999645 ) ) ;
#2315 = VECTOR ( 'NONE', #1765, 1000.000000000000000 ) ;
#2316 = CARTESIAN_POINT ( 'NONE',  ( -3.190000000002998437, -25.57999999999989527, 16.49999999999999645 ) ) ;
#2317 = AXIS2_PLACEMENT_3D ( 'NONE', #2508, #2039, #1092 ) ;
#2318 = CIRCLE ( 'NONE', #291, 0.9000000000000005773 ) ;
#2319 = AXIS2_PLACEMENT_3D ( 'NONE', #557, #2159, #122 ) ;
#2320 = VECTOR ( 'NONE', #2502, 1000.000000000000000 ) ;
#2321 = CARTESIAN_POINT ( 'NONE',  ( 12.25000000000000355, -26.00000000000000355, 16.69999999999999929 ) ) ;
#2322 = CARTESIAN_POINT ( 'NONE',  ( 10.25000000000000355, -19.09999999999999432, 17.49999999999999645 ) ) ;
#2323 = EDGE_LOOP ( 'NONE', ( #2158, #2361, #1885, #2328 ) ) ;
#2324 = LINE ( 'NONE', #2339, #1099 ) ;
#2325 = CARTESIAN_POINT ( 'NONE',  ( 9.150000000000003908, -19.09999999999999432, 16.69999999999999929 ) ) ;
#2326 = ADVANCED_FACE ( 'NONE', ( #169 ), #1245, .F. ) ;
#2327 = EDGE_LOOP ( 'NONE', ( #2110, #512, #1908, #1923 ) ) ;
#2328 = ORIENTED_EDGE ( 'NONE', *, *, #485, .F. ) ;
#2329 = CARTESIAN_POINT ( 'NONE',  ( 10.25000000000000178, -27.10000000000000142, 17.49999999999999645 ) ) ;
#2330 = PRODUCT_DEFINITION_CONTEXT ( 'detailed design', #1501, 'design' ) ;
#2331 = EDGE_CURVE ( 'NONE', #490, #2309, #777, .T. ) ;
#2332 = CARTESIAN_POINT ( 'NONE',  ( 9.150000000000003908, -19.09999999999999432, 17.30000000000000071 ) ) ;
#2333 = VECTOR ( 'NONE', #1800, 1000.000000000000000 ) ;
#2334 = CIRCLE ( 'NONE', #2422, 0.9000000000000014655 ) ;
#2335 = CARTESIAN_POINT ( 'NONE',  ( 10.25000000000000178, -26.00000000000000355, 16.49999999999999645 ) ) ;
#2336 = EDGE_CURVE ( 'NONE', #2480, #655, #115, .T. ) ;
#2337 = DIRECTION ( 'NONE',  ( 0.000000000000000000, -0.7071067811865536790, 0.7071067811865414665 ) ) ;
#2338 = VERTEX_POINT ( 'NONE', #2584 ) ;
#2339 = CARTESIAN_POINT ( 'NONE',  ( -10.25000000000000178, -29.79999999999999716, 17.49999999999999645 ) ) ;
#2340 = DIRECTION ( 'NONE',  ( 0.7071067811865536790, 0.000000000000000000, -0.7071067811865414665 ) ) ;
#2341 = VERTEX_POINT ( 'NONE', #1366 ) ;
#2342 = VERTEX_POINT ( 'NONE', #1349 ) ;
#2343 = VERTEX_POINT ( 'NONE', #1727 ) ;
#2344 = DIRECTION ( 'NONE',  ( -0.000000000000000000, -0.000000000000000000, -1.000000000000000000 ) ) ;
#2345 = CIRCLE ( 'NONE', #1925, 1.379999999999950377 ) ;
#2346 = VECTOR ( 'NONE', #2583, 1000.000000000000000 ) ;
#2347 = LINE ( 'NONE', #721, #2315 ) ;
#2348 = VERTEX_POINT ( 'NONE', #354 ) ;
#2349 = VECTOR ( 'NONE', #709, 1000.000000000000000 ) ;
#2350 = ADVANCED_FACE ( 'NONE', ( #1768 ), #2191, .F. ) ;
#2351 = FACE_OUTER_BOUND ( 'NONE', #2469, .T. ) ;
#2352 = CARTESIAN_POINT ( 'NONE',  ( -4.570000000002948148, -25.57999999999989527, 16.49999999999999645 ) ) ;
#2353 = EDGE_LOOP ( 'NONE', ( #1635, #1300, #2589, #838 ) ) ;
#2354 = CARTESIAN_POINT ( 'NONE',  ( -3.190000000002998437, -25.57999999999989527, 17.29999999999999716 ) ) ;
#2355 = DIRECTION ( 'NONE',  ( 0.000000000000000000, 0.000000000000000000, 1.000000000000000000 ) ) ;
#2356 = ORIENTED_EDGE ( 'NONE', *, *, #1329, .F. ) ;
#2357 = EDGE_CURVE ( 'NONE', #153, #1832, #948, .T. ) ;
#2358 = ORIENTED_EDGE ( 'NONE', *, *, #1239, .F. ) ;
#2359 = DIRECTION ( 'NONE',  ( 0.000000000000000000, 0.7071067811865414665, 0.7071067811865536790 ) ) ;
#2360 = CARTESIAN_POINT ( 'NONE',  ( 12.25000000000000000, -23.09999999999999787, 16.50000000000000000 ) ) ;
#2361 = ORIENTED_EDGE ( 'NONE', *, *, #1451, .F. ) ;
#2362 = DIRECTION ( 'NONE',  ( 0.000000000000000000, 0.7071067811865536790, -0.7071067811865414665 ) ) ;
#2363 = CARTESIAN_POINT ( 'NONE',  ( -10.25000000000000178, -29.79999999999999716, 17.49999999999999645 ) ) ;
#2364 = ORIENTED_EDGE ( 'NONE', *, *, #176, .T. ) ;
#2365 = EDGE_CURVE ( 'NONE', #2437, #1753, #1166, .T. ) ;
#2366 = VECTOR ( 'NONE', #160, 1000.000000000000000 ) ;
#2367 = AXIS2_PLACEMENT_3D ( 'NONE', #1802, #399, #2042 ) ;
#2368 = EDGE_CURVE ( 'NONE', #1355, #508, #158, .T. ) ;
#2369 = CARTESIAN_POINT ( 'NONE',  ( 14.45000000000000107, -23.09999999999999787, 17.49999999999999645 ) ) ;
#2370 = FACE_OUTER_BOUND ( 'NONE', #2171, .T. ) ;
#2371 = EDGE_LOOP ( 'NONE', ( #286, #1706, #1142, #1414 ) ) ;
#2372 = EDGE_CURVE ( 'NONE', #303, #715, #763, .T. ) ;
#2373 = ORIENTED_EDGE ( 'NONE', *, *, #974, .F. ) ;
#2374 = DIRECTION ( 'NONE',  ( 0.000000000000000000, 0.000000000000000000, 1.000000000000000000 ) ) ;
#2375 = CARTESIAN_POINT ( 'NONE',  ( 12.25000000000000000, -20.19999999999999574, 16.69999999999999929 ) ) ;
#2376 = ORIENTED_EDGE ( 'NONE', *, *, #15, .F. ) ;
#2377 = ORIENTED_EDGE ( 'NONE', *, *, #1553, .F. ) ;
#2378 = DIRECTION ( 'NONE',  ( 0.000000000000000000, 0.7071067811865536790, 0.7071067811865414665 ) ) ;
#2379 = DIRECTION ( 'NONE',  ( 0.000000000000000000, 0.000000000000000000, 1.000000000000000000 ) ) ;
#2380 = ORIENTED_EDGE ( 'NONE', *, *, #572, .F. ) ;
#2381 = CARTESIAN_POINT ( 'NONE',  ( -4.570000000002948148, -25.57999999999989527, 17.29999999999999716 ) ) ;
#2382 = LINE ( 'NONE', #1195, #1840 ) ;
#2383 = CARTESIAN_POINT ( 'NONE',  ( -8.250000000000001776, -29.10000000000000142, 16.49999999999999645 ) ) ;
#2384 = DIRECTION ( 'NONE',  ( -0.000000000000000000, -0.000000000000000000, -1.000000000000000000 ) ) ;
#2385 = DIRECTION ( 'NONE',  ( 1.000000000000000000, 0.000000000000000000, 0.000000000000000000 ) ) ;
#2386 = EDGE_LOOP ( 'NONE', ( #1591, #2009, #2511, #704 ) ) ;
#2387 = AXIS2_PLACEMENT_3D ( 'NONE', #1497, #2505, #265 ) ;
#2388 = ORIENTED_EDGE ( 'NONE', *, *, #775, .T. ) ;
#2389 = CARTESIAN_POINT ( 'NONE',  ( 10.25000000000000178, -26.00000000000000355, 17.30000000000000071 ) ) ;
#2390 = CARTESIAN_POINT ( 'NONE',  ( 8.250000000000001776, -30.00000000000000000, 16.69999999999999929 ) ) ;
#2391 = VECTOR ( 'NONE', #1563, 1000.000000000000000 ) ;
#2392 = ORIENTED_EDGE ( 'NONE', *, *, #2064, .F. ) ;
#2393 = CIRCLE ( 'NONE', #2303, 0.7000000000000027311 ) ;
#2394 = CARTESIAN_POINT ( 'NONE',  ( 9.150000000000003908, -19.09999999999999432, 17.30000000000000071 ) ) ;
#2395 = VERTEX_POINT ( 'NONE', #1178 ) ;
#2396 = DIRECTION ( 'NONE',  ( 1.000000000000000000, 0.000000000000000000, 0.000000000000000000 ) ) ;
#2397 = EDGE_CURVE ( 'NONE', #2226, #543, #232, .T. ) ;
#2398 = DIRECTION ( 'NONE',  ( 0.000000000000000000, 0.000000000000000000, 1.000000000000000000 ) ) ;
#2399 = EDGE_CURVE ( 'NONE', #1564, #2412, #1534, .T. ) ;
#2400 = ADVANCED_FACE ( 'NONE', ( #130 ), #2553, .F. ) ;
#2401 = DIRECTION ( 'NONE',  ( -7.613206477641161091E-15, -1.000000000000000000, 0.000000000000000000 ) ) ;
#2402 = LINE ( 'NONE', #193, #1423 ) ;
#2403 = ORIENTED_EDGE ( 'NONE', *, *, #1626, .T. ) ;
#2404 = VECTOR ( 'NONE', #677, 1000.000000000000000 ) ;
#2405 = LINE ( 'NONE', #1428, #1173 ) ;
#2406 = AXIS2_PLACEMENT_3D ( 'NONE', #1435, #225, #1644 ) ;
#2407 = ORIENTED_EDGE ( 'NONE', *, *, #1352, .F. ) ;
#2408 = CIRCLE ( 'NONE', #1018, 0.8999999999999980238 ) ;
#2409 = FACE_OUTER_BOUND ( 'NONE', #1748, .T. ) ;
#2410 = DIRECTION ( 'NONE',  ( 1.000000000000000000, 0.000000000000000000, 0.000000000000000000 ) ) ;
#2411 = ORIENTED_EDGE ( 'NONE', *, *, #381, .F. ) ;
#2412 = VERTEX_POINT ( 'NONE', #2616 ) ;
#2413 = DIRECTION ( 'NONE',  ( 0.000000000000000000, -1.000000000000000000, 0.000000000000000000 ) ) ;
#2414 = LINE ( 'NONE', #625, #1170 ) ;
#2415 = ORIENTED_EDGE ( 'NONE', *, *, #2530, .F. ) ;
#2416 = EDGE_CURVE ( 'NONE', #154, #153, #2414, .T. ) ;
#2417 = DIRECTION ( 'NONE',  ( -0.000000000000000000, -0.000000000000000000, -1.000000000000000000 ) ) ;
#2418 = EDGE_LOOP ( 'NONE', ( #526, #787, #91, #2285 ) ) ;
#2419 = CARTESIAN_POINT ( 'NONE',  ( -8.250000000000001776, -30.00000000000000000, 17.30000000000000071 ) ) ;
#2420 = LINE ( 'NONE', #986, #450 ) ;
#2421 = ORIENTED_EDGE ( 'NONE', *, *, #392, .F. ) ;
#2422 = AXIS2_PLACEMENT_3D ( 'NONE', #1825, #1595, #5 ) ;
#2423 = DIRECTION ( 'NONE',  ( -0.000000000000000000, -0.000000000000000000, 1.000000000000000000 ) ) ;
#2424 = CARTESIAN_POINT ( 'NONE',  ( 4.569999999997000906, -25.57999999999989527, 16.69999999999999574 ) ) ;
#2425 = EDGE_LOOP ( 'NONE', ( #1735, #1953, #2249, #177, #1932, #799, #522, #2465, #1654, #2149, #924, #2403, #1427, #714, #2313, #1952, #618, #1364, #562, #2597, #913 ) ) ;
#2426 =( GEOMETRIC_REPRESENTATION_CONTEXT ( 3 ) GLOBAL_UNCERTAINTY_ASSIGNED_CONTEXT ( ( #559 ) ) GLOBAL_UNIT_ASSIGNED_CONTEXT ( ( #55, #1884, #82 ) ) REPRESENTATION_CONTEXT ( 'NONE', 'WORKASPACE' ) );
#2427 = AXIS2_PLACEMENT_3D ( 'NONE', #2316, #94, #2086 ) ;
#2428 = VECTOR ( 'NONE', #2468, 1000.000000000000000 ) ;
#2429 = LINE ( 'NONE', #628, #576 ) ;
#2430 = AXIS2_PLACEMENT_3D ( 'NONE', #1631, #1217, #1238 ) ;
#2431 = ORIENTED_EDGE ( 'NONE', *, *, #876, .F. ) ;
#2432 = CARTESIAN_POINT ( 'NONE',  ( 12.25000000000000000, -23.09999999999999787, 16.50000000000000000 ) ) ;
#2433 = FACE_OUTER_BOUND ( 'NONE', #1207, .T. ) ;
#2434 = ORIENTED_EDGE ( 'NONE', *, *, #949, .T. ) ;
#2435 = DIRECTION ( 'NONE',  ( -0.000000000000000000, -0.7071067811865536790, 0.7071067811865414665 ) ) ;
#2436 = CARTESIAN_POINT ( 'NONE',  ( -10.25000000000000178, -26.00000000000000711, 16.69999999999999929 ) ) ;
#2437 = VERTEX_POINT ( 'NONE', #2424 ) ;
#2438 = AXIS2_PLACEMENT_3D ( 'NONE', #165, #2175, #361 ) ;
#2439 = CARTESIAN_POINT ( 'NONE',  ( -8.950000000000001066, -17.10000000000000142, 16.49999999999999645 ) ) ;
#2440 = ADVANCED_FACE ( 'NONE', ( #219, #1616, #990, #604 ), #790, .T. ) ;
#2441 = EDGE_CURVE ( 'NONE', #685, #358, #958, .T. ) ;
#2442 = EDGE_CURVE ( 'NONE', #1250, #1003, #2205, .T. ) ;
#2443 = CARTESIAN_POINT ( 'NONE',  ( -8.250000000000001776, -30.00000000000000000, 16.69999999999999929 ) ) ;
#2444 = CIRCLE ( 'NONE', #1991, 1.579999999999949445 ) ;
#2445 = DIRECTION ( 'NONE',  ( 0.000000000000000000, -0.7071067811865414665, 0.7071067811865536790 ) ) ;
#2446 = EDGE_CURVE ( 'NONE', #96, #1506, #615, .T. ) ;
#2447 = VECTOR ( 'NONE', #2544, 1000.000000000000000 ) ;
#2448 = LINE ( 'NONE', #846, #1438 ) ;
#2449 = CARTESIAN_POINT ( 'NONE',  ( -8.250000000000000000, -17.10000000000000142, 16.49999999999999645 ) ) ;
#2450 = VERTEX_POINT ( 'NONE', #389 ) ;
#2451 = CARTESIAN_POINT ( 'NONE',  ( -10.25000000000000178, -25.80000000000000426, 17.49999999999999645 ) ) ;
#2452 = CARTESIAN_POINT ( 'NONE',  ( -10.25000000000000178, -26.00000000000000711, 16.69999999999999929 ) ) ;
#2453 = EDGE_CURVE ( 'NONE', #2215, #1662, #2402, .T. ) ;
#2454 = CARTESIAN_POINT ( 'NONE',  ( 4.769999999997049933, -26.17999999999989313, 17.49999999999999645 ) ) ;
#2455 = ORIENTED_EDGE ( 'NONE', *, *, #2282, .T. ) ;
#2456 = EDGE_CURVE ( 'NONE', #710, #2412, #1426, .T. ) ;
#2457 = LINE ( 'NONE', #284, #1474 ) ;
#2458 = VECTOR ( 'NONE', #410, 1000.000000000000000 ) ;
#2459 = EDGE_CURVE ( 'NONE', #342, #2510, #636, .T. ) ;
#2460 = CARTESIAN_POINT ( 'NONE',  ( 8.250000000000001776, -29.10000000000000142, 16.69999999999999929 ) ) ;
#2461 = CARTESIAN_POINT ( 'NONE',  ( -8.250000000000001776, -29.10000000000000142, 17.30000000000000071 ) ) ;
#2462 = EDGE_LOOP ( 'NONE', ( #2364, #1561, #1023, #1580 ) ) ;
#2463 = DIRECTION ( 'NONE',  ( 1.000000000000000000, 0.000000000000000000, 0.000000000000000000 ) ) ;
#2464 = EDGE_LOOP ( 'NONE', ( #1754, #1171, #1937, #2376 ) ) ;
#2465 = ORIENTED_EDGE ( 'NONE', *, *, #1271, .T. ) ;
#2466 = PRODUCT_RELATED_PRODUCT_CATEGORY ( 'part', '', ( #964 ) ) ;
#2467 = EDGE_CURVE ( 'NONE', #638, #1617, #2025, .T. ) ;
#2468 = DIRECTION ( 'NONE',  ( 0.000000000000000000, 0.000000000000000000, 1.000000000000000000 ) ) ;
#2469 = EDGE_LOOP ( 'NONE', ( #2298, #2585, #312, #1251 ) ) ;
#2470 = VECTOR ( 'NONE', #1944, 1000.000000000000000 ) ;
#2471 = DIRECTION ( 'NONE',  ( 1.000000000000000000, 0.000000000000000000, 0.000000000000000000 ) ) ;
#2472 = AXIS2_PLACEMENT_3D ( 'NONE', #2307, #2509, #2293 ) ;
#2473 = CARTESIAN_POINT ( 'NONE',  ( 15.15000000000000391, -23.09999999999999787, 16.69999999999999929 ) ) ;
#2474 = DIRECTION ( 'NONE',  ( 0.000000000000000000, 1.000000000000000000, -0.000000000000000000 ) ) ;
#2475 = EDGE_CURVE ( 'NONE', #543, #2547, #1215, .T. ) ;
#2476 = ADVANCED_FACE ( 'NONE', ( #1439 ), #1223, .F. ) ;
#2477 = DIRECTION ( 'NONE',  ( -1.000000000000000000, 0.000000000000000000, 0.000000000000000000 ) ) ;
#2478 = LINE ( 'NONE', #693, #2562 ) ;
#2479 = ORIENTED_EDGE ( 'NONE', *, *, #963, .F. ) ;
#2480 = VERTEX_POINT ( 'NONE', #1822 ) ;
#2481 = EDGE_CURVE ( 'NONE', #141, #1662, #1, .T. ) ;
#2482 = LINE ( 'NONE', #1520, #2138 ) ;
#2483 = ORIENTED_EDGE ( 'NONE', *, *, #2606, .F. ) ;
#2484 = VERTEX_POINT ( 'NONE', #1026 ) ;
#2485 = CYLINDRICAL_SURFACE ( 'NONE', #547, 1.100000000000000311 ) ;
#2486 = PLANE ( 'NONE',  #1187 ) ;
#2487 = CARTESIAN_POINT ( 'NONE',  ( 4.769999999997127205, -27.09999999999874731, 16.49999999999999645 ) ) ;
#2488 = CARTESIAN_POINT ( 'NONE',  ( 8.250000000000001776, -29.10000000000000142, 17.49999999999999645 ) ) ;
#2489 = AXIS2_PLACEMENT_3D ( 'NONE', #2299, #690, #1494 ) ;
#2490 = VECTOR ( 'NONE', #2068, 1000.000000000000000 ) ;
#2491 = CARTESIAN_POINT ( 'NONE',  ( 8.250000000000001776, -29.10000000000000142, 16.69999999999999929 ) ) ;
#2492 = AXIS2_PLACEMENT_3D ( 'NONE', #2588, #1369, #2143 ) ;
#2493 = CARTESIAN_POINT ( 'NONE',  ( 3.189999999997001012, -24.19999999999992113, 16.69999999999999574 ) ) ;
#2494 = ORIENTED_EDGE ( 'NONE', *, *, #2100, .T. ) ;
#2495 = CARTESIAN_POINT ( 'NONE',  ( 10.25000000000000178, -26.00000000000000355, 16.69999999999999929 ) ) ;
#2496 = LINE ( 'NONE', #1906, #1036 ) ;
#2497 = ORIENTED_EDGE ( 'NONE', *, *, #1738, .F. ) ;
#2498 = ORIENTED_EDGE ( 'NONE', *, *, #542, .T. ) ;
#2499 = EDGE_CURVE ( 'NONE', #1325, #1095, #1831, .T. ) ;
#2500 = CARTESIAN_POINT ( 'NONE',  ( 3.189999999997001012, -23.99999999999994671, 17.49999999999999645 ) ) ;
#2501 = CARTESIAN_POINT ( 'NONE',  ( 3.189999999997001012, -27.55999999999999517, 16.49999999999999645 ) ) ;
#2502 = DIRECTION ( 'NONE',  ( 0.000000000000000000, 0.7071067811865414665, -0.7071067811865536790 ) ) ;
#2503 = AXIS2_PLACEMENT_3D ( 'NONE', #872, #466, #1067 ) ;
#2504 = FACE_OUTER_BOUND ( 'NONE', #1419, .T. ) ;
#2505 = DIRECTION ( 'NONE',  ( 0.000000000000000000, 0.000000000000000000, -1.000000000000000000 ) ) ;
#2506 = DIRECTION ( 'NONE',  ( 0.000000000000000000, 0.000000000000000000, 1.000000000000000000 ) ) ;
#2507 = EDGE_LOOP ( 'NONE', ( #1477, #575, #255, #1528 ) ) ;
#2508 = CARTESIAN_POINT ( 'NONE',  ( 10.25000000000000355, -19.09999999999999432, 17.30000000000000071 ) ) ;
#2509 = DIRECTION ( 'NONE',  ( 0.000000000000000000, 0.000000000000000000, -1.000000000000000000 ) ) ;
#2510 = VERTEX_POINT ( 'NONE', #2436 ) ;
#2511 = ORIENTED_EDGE ( 'NONE', *, *, #69, .F. ) ;
#2512 = CARTESIAN_POINT ( 'NONE',  ( 12.25000000000000000, -20.19999999999999574, 16.69999999999999929 ) ) ;
#2513 = LINE ( 'NONE', #1068, #380 ) ;
#2514 = ORIENTED_EDGE ( 'NONE', *, *, #125, .T. ) ;
#2515 = VERTEX_POINT ( 'NONE', #1203 ) ;
#2516 = DIRECTION ( 'NONE',  ( -0.000000000000000000, -0.7071067811865536790, -0.7071067811865414665 ) ) ;
#2517 = AXIS2_PLACEMENT_3D ( 'NONE', #2322, #493, #1465 ) ;
#2518 = VECTOR ( 'NONE', #1663, 1000.000000000000000 ) ;
#2519 = ORIENTED_EDGE ( 'NONE', *, *, #293, .F. ) ;
#2520 = DIRECTION ( 'NONE',  ( -0.000000000000000000, -0.000000000000000000, 1.000000000000000000 ) ) ;
#2521 = DIRECTION ( 'NONE',  ( -1.000000000000000000, 0.000000000000000000, 0.000000000000000000 ) ) ;
#2522 = ORIENTED_EDGE ( 'NONE', *, *, #470, .F. ) ;
#2523 = EDGE_CURVE ( 'NONE', #1112, #1262, #228, .T. ) ;
#2524 = CARTESIAN_POINT ( 'NONE',  ( -9.150000000000002132, -17.10000000000000142, 16.49999999999999645 ) ) ;
#2525 = CARTESIAN_POINT ( 'NONE',  ( 10.05000000000000071, -23.09999999999999787, 17.49999999999999645 ) ) ;
#2526 = ORIENTED_EDGE ( 'NONE', *, *, #775, .F. ) ;
#2527 = CARTESIAN_POINT ( 'NONE',  ( -10.25000000000000178, -20.40000000000000213, 17.49999999999999645 ) ) ;
#2528 = DIRECTION ( 'NONE',  ( 0.000000000000000000, 0.000000000000000000, 1.000000000000000000 ) ) ;
#2529 = ORIENTED_EDGE ( 'NONE', *, *, #1788, .F. ) ;
#2530 = EDGE_CURVE ( 'NONE', #2338, #1901, #1651, .T. ) ;
#2531 = ORIENTED_EDGE ( 'NONE', *, *, #2331, .F. ) ;
#2532 = DIRECTION ( 'NONE',  ( 0.000000000000000000, 0.000000000000000000, -1.000000000000000000 ) ) ;
#2533 = CIRCLE ( 'NONE', #1770, 2.900000000000003464 ) ;
#2534 = EDGE_CURVE ( 'NONE', #1832, #2343, #2000, .T. ) ;
#2535 = DIRECTION ( 'NONE',  ( -0.000000000000000000, -0.000000000000000000, 1.000000000000000000 ) ) ;
#2536 = VECTOR ( 'NONE', #259, 1000.000000000000000 ) ;
#2537 = EDGE_LOOP ( 'NONE', ( #73, #2188 ) ) ;
#2538 = AXIS2_PLACEMENT_3D ( 'NONE', #92, #2516, #1484 ) ;
#2539 = AXIS2_PLACEMENT_3D ( 'NONE', #1526, #467, #1509 ) ;
#2540 = CARTESIAN_POINT ( 'NONE',  ( 12.25000000000000000, -23.09999999999999787, 16.49999999999999645 ) ) ;
#2541 = DIRECTION ( 'NONE',  ( 0.000000000000000000, 0.000000000000000000, -1.000000000000000000 ) ) ;
#2542 = ORIENTED_EDGE ( 'NONE', *, *, #603, .T. ) ;
#2543 = EDGE_CURVE ( 'NONE', #159, #745, #2345, .T. ) ;
#2544 = DIRECTION ( 'NONE',  ( 0.000000000000000000, -0.7071067811865536790, 0.7071067811865414665 ) ) ;
#2545 = DIRECTION ( 'NONE',  ( -1.000000000000000000, 0.000000000000000000, 0.000000000000000000 ) ) ;
#2546 = ORIENTED_EDGE ( 'NONE', *, *, #381, .T. ) ;
#2547 = VERTEX_POINT ( 'NONE', #864 ) ;
#2548 = FACE_OUTER_BOUND ( 'NONE', #1100, .T. ) ;
#2549 = EDGE_CURVE ( 'NONE', #2510, #68, #2478, .T. ) ;
#2550 = DIRECTION ( 'NONE',  ( 1.000000000000000000, 0.000000000000000000, 0.000000000000000000 ) ) ;
#2551 = AXIS2_PLACEMENT_3D ( 'NONE', #2186, #370, #1410 ) ;
#2552 = CARTESIAN_POINT ( 'NONE',  ( 4.569999999997000906, -25.57999999999989527, 17.29999999999999716 ) ) ;
#2553 = PLANE ( 'NONE',  #1079 ) ;
#2554 = EDGE_CURVE ( 'NONE', #383, #541, #1712, .T. ) ;
#2555 = ORIENTED_EDGE ( 'NONE', *, *, #2456, .T. ) ;
#2556 = EDGE_CURVE ( 'NONE', #25, #2348, #1206, .T. ) ;
#2557 = DIRECTION ( 'NONE',  ( -0.7071067811865414665, 0.000000000000000000, -0.7071067811865536790 ) ) ;
#2558 = CARTESIAN_POINT ( 'NONE',  ( -8.949999999999999289, -19.09999999999999787, 16.49999999999999645 ) ) ;
#2559 = ORIENTED_EDGE ( 'NONE', *, *, #2077, .F. ) ;
#2560 = VERTEX_POINT ( 'NONE', #2059 ) ;
#2561 = CARTESIAN_POINT ( 'NONE',  ( -9.150000000000002132, -27.10000000000000497, 17.30000000000000071 ) ) ;
#2562 = VECTOR ( 'NONE', #491, 1000.000000000000000 ) ;
#2563 = AXIS2_PLACEMENT_3D ( 'NONE', #2024, #1821, #2626 ) ;
#2564 = DIRECTION ( 'NONE',  ( 0.000000000000000000, 0.000000000000000000, -1.000000000000000000 ) ) ;
#2565 = ORIENTED_EDGE ( 'NONE', *, *, #1070, .F. ) ;
#2566 = ADVANCED_FACE ( 'NONE', ( #1277 ), #780, .T. ) ;
#2567 = AXIS2_PLACEMENT_3D ( 'NONE', #1627, #1191, #2217 ) ;
#2568 = EDGE_CURVE ( 'NONE', #1728, #1558, #241, .T. ) ;
#2569 = ORIENTED_EDGE ( 'NONE', *, *, #2336, .T. ) ;
#2570 = DIRECTION ( 'NONE',  ( 0.000000000000000000, 0.000000000000000000, 1.000000000000000000 ) ) ;
#2571 = CARTESIAN_POINT ( 'NONE',  ( -8.250000000000001776, -30.00000000000000000, 16.49999999999999645 ) ) ;
#2572 = ORIENTED_EDGE ( 'NONE', *, *, #328, .T. ) ;
#2573 = EDGE_CURVE ( 'NONE', #1811, #589, #1857, .T. ) ;
#2574 = CARTESIAN_POINT ( 'NONE',  ( 10.25000000000000178, -27.10000000000000142, 16.49999999999999645 ) ) ;
#2575 = DIRECTION ( 'NONE',  ( 0.000000000000000000, 0.000000000000000000, 1.000000000000000000 ) ) ;
#2576 = ORIENTED_EDGE ( 'NONE', *, *, #1784, .T. ) ;
#2577 = ORIENTED_EDGE ( 'NONE', *, *, #2453, .F. ) ;
#2578 = PLANE ( 'NONE',  #985 ) ;
#2579 = CARTESIAN_POINT ( 'NONE',  ( -8.949999999999999289, -19.09999999999999787, 16.49999999999999645 ) ) ;
#2580 = EDGE_LOOP ( 'NONE', ( #2295, #548, #2, #972 ) ) ;
#2581 = ORIENTED_EDGE ( 'NONE', *, *, #408, .F. ) ;
#2582 = CONICAL_SURFACE ( 'NONE', #627, 2.900000000000003464, 0.7853981633974396193 ) ;
#2583 = DIRECTION ( 'NONE',  ( 0.000000000000000000, -1.000000000000000000, 0.000000000000000000 ) ) ;
#2584 = CARTESIAN_POINT ( 'NONE',  ( -11.05000000000000071, -23.10000000000000142, 16.50000000000000000 ) ) ;
#2585 = ORIENTED_EDGE ( 'NONE', *, *, #651, .T. ) ;
#2586 = VECTOR ( 'NONE', #366, 1000.000000000000000 ) ;
#2587 = CARTESIAN_POINT ( 'NONE',  ( 12.25000000000000000, -20.39999999999999858, 17.49999999999999645 ) ) ;
#2588 = CARTESIAN_POINT ( 'NONE',  ( 8.949999999999999289, -27.10000000000000497, 17.49999999999999645 ) ) ;
#2589 = ORIENTED_EDGE ( 'NONE', *, *, #1814, .F. ) ;
#2590 = DIRECTION ( 'NONE',  ( 1.000000000000000000, 0.000000000000000000, 0.000000000000000000 ) ) ;
#2591 = CARTESIAN_POINT ( 'NONE',  ( 8.250000000000001776, -29.80000000000000071, 16.49999999999999645 ) ) ;
#2592 = ORIENTED_EDGE ( 'NONE', *, *, #999, .F. ) ;
#2593 = ORIENTED_EDGE ( 'NONE', *, *, #392, .T. ) ;
#2594 = CARTESIAN_POINT ( 'NONE',  ( 10.25000000000000355, -20.19999999999999574, 16.69999999999999929 ) ) ;
#2595 = VECTOR ( 'NONE', #212, 1000.000000000000000 ) ;
#2596 = DIRECTION ( 'NONE',  ( -0.000000000000000000, -0.000000000000000000, -1.000000000000000000 ) ) ;
#2597 = ORIENTED_EDGE ( 'NONE', *, *, #49, .T. ) ;
#2598 = CARTESIAN_POINT ( 'NONE',  ( -12.25000000000000000, -26.00000000000000711, 16.49999999999999645 ) ) ;
#2599 = VERTEX_POINT ( 'NONE', #295 ) ;
#2600 = DIRECTION ( 'NONE',  ( -1.000000000000000000, 0.000000000000000000, 0.000000000000000000 ) ) ;
#2601 = DIRECTION ( 'NONE',  ( -0.000000000000000000, -0.000000000000000000, -1.000000000000000000 ) ) ;
#2602 = CIRCLE ( 'NONE', #478, 1.299999999999999156 ) ;
#2603 = CARTESIAN_POINT ( 'NONE',  ( 12.25000000000000355, -25.80000000000000071, 17.49999999999999645 ) ) ;
#2604 = DIRECTION ( 'NONE',  ( -8.384496800554570568E-14, -1.000000000000000000, 0.000000000000000000 ) ) ;
#2605 = EDGE_LOOP ( 'NONE', ( #1621, #1393, #1795, #83 ) ) ;
#2606 = EDGE_CURVE ( 'NONE', #1758, #555, #1486, .T. ) ;
#2607 = VECTOR ( 'NONE', #1639, 1000.000000000000000 ) ;
#2608 = DIRECTION ( 'NONE',  ( -0.7071067811865474617, 0.000000000000000000, -0.7071067811865474617 ) ) ;
#2609 =( NAMED_UNIT ( * ) PLANE_ANGLE_UNIT ( ) SI_UNIT ( $, .RADIAN. ) );
#2610 = FACE_OUTER_BOUND ( 'NONE', #679, .T. ) ;
#2611 = DIRECTION ( 'NONE',  ( 0.000000000000000000, 0.000000000000000000, 1.000000000000000000 ) ) ;
#2612 = VERTEX_POINT ( 'NONE', #1870 ) ;
#2613 = ADVANCED_FACE ( 'NONE', ( #43 ), #851, .T. ) ;
#2614 = VERTEX_POINT ( 'NONE', #2493 ) ;
#2615 = FACE_OUTER_BOUND ( 'NONE', #1371, .T. ) ;
#2616 = CARTESIAN_POINT ( 'NONE',  ( 12.25000000000000000, -20.19999999999999574, 17.30000000000000071 ) ) ;
#2617 = ORIENTED_EDGE ( 'NONE', *, *, #157, .T. ) ;
#2618 = DIRECTION ( 'NONE',  ( 1.000000000000000000, -0.000000000000000000, 0.000000000000000000 ) ) ;
#2619 = ORIENTED_EDGE ( 'NONE', *, *, #588, .T. ) ;
#2620 = AXIS2_PLACEMENT_3D ( 'NONE', #47, #2108, #1241 ) ;
#2621 = VECTOR ( 'NONE', #1286, 1000.000000000000000 ) ;
#2622 = DIRECTION ( 'NONE',  ( -0.000000000000000000, -0.000000000000000000, -1.000000000000000000 ) ) ;
#2623 = VECTOR ( 'NONE', #2528, 1000.000000000000000 ) ;
#2624 = FACE_OUTER_BOUND ( 'NONE', #939, .T. ) ;
#2625 = DIRECTION ( 'NONE',  ( -0.7071067811865383579, 0.000000000000000000, -0.7071067811865567876 ) ) ;
#2626 = DIRECTION ( 'NONE',  ( 1.000000000000000000, 0.000000000000000000, -0.000000000000000000 ) ) ;
ENDSEC;
END-ISO-10303-21;
