ISO-10303-21;
HEADER;
FILE_DESCRIPTION (( 'STEP AP214' ),
    '1' );
FILE_NAME ('01 - FSB - 1002 - Lens.STEP',
    '2026-09-14T20:17:27',
    ( '' ),
    ( '' ),
    'SwSTEP 2.0',
    'SolidWorks 2025',
    '' );
FILE_SCHEMA (( 'AUTOMOTIVE_DESIGN' ));
ENDSEC;

DATA;
#1 = CARTESIAN_POINT ( 'NONE',  ( 3.735172737399429118E-15, -30.50000000000001421, 2.242885789999995882 ) ) ;
#2 = DIRECTION ( 'NONE',  ( 0.000000000000000000, -1.000000000000000000, -2.275047181608926658E-16 ) ) ;
#3 = ORIENTED_EDGE ( 'NONE', *, *, #890, .T. ) ;
#4 = AXIS2_PLACEMENT_3D ( 'NONE', #615, #82, #666 ) ;
#5 = LINE ( 'NONE', #1493, #1233 ) ;
#6 = VECTOR ( 'NONE', #198, 1000.000000000000000 ) ;
#7 = LINE ( 'NONE', #1613, #1121 ) ;
#8 = CARTESIAN_POINT ( 'NONE',  ( 29.49540526411094987, -9.540496229539478179, -1.376505881674843318E-15 ) ) ;
#9 = AXIS2_PLACEMENT_3D ( 'NONE', #1471, #1759, #158 ) ;
#10 = EDGE_CURVE ( 'NONE', #490, #778, #1187, .T. ) ;
#11 = CARTESIAN_POINT ( 'NONE',  ( 2.658250153803581650, -30.38393829179825190, 5.242885789999996327 ) ) ;
#12 = CARTESIAN_POINT ( 'NONE',  ( -9.540496229539581208, -29.49540526411091435, -3.541144286081909131E-15 ) ) ;
#13 = EDGE_CURVE ( 'NONE', #1651, #45, #362, .T. ) ;
#14 = DIRECTION ( 'NONE',  ( 0.000000000000000000, 1.442803234293912154E-16, -1.000000000000000000 ) ) ;
#15 = DIRECTION ( 'NONE',  ( -0.9563047559630384331, 0.2923717047227268329, 0.000000000000000000 ) ) ;
#16 = CARTESIAN_POINT ( 'NONE',  ( -2.203379218825961772, -30.92159633683304421, -3.746915595326368083E-15 ) ) ;
#17 = B_SPLINE_CURVE_WITH_KNOTS ( 'NONE', 3,
 ( #1333, #1013, #1601, #1606, #293, #1459, #150, #1235, #1089, #836 ),
 .UNSPECIFIED., .F., .F.,
 ( 4, 2, 2, 2, 4 ),
 ( 1.734723475976807094E-18, 0.0002342475147185525924, 0.0004684950294371034501, 0.0007027425441556542536, 0.0009369900588742051655 ),
 .UNSPECIFIED. ) ;
#18 = ADVANCED_FACE ( 'NONE', ( #1084 ), #1347, .F. ) ;
#19 = APPLICATION_CONTEXT ( 'automotive_design' ) ;
#20 = CARTESIAN_POINT ( 'NONE',  ( -31.66023444818481636, -1.587310519706933931, 3.442885790000000057 ) ) ;
#21 = CARTESIAN_POINT ( 'NONE',  ( -9.386617258095391492, -29.01967292114138175, 5.242885789999998103 ) ) ;
#22 = VECTOR ( 'NONE', #764, 1000.000000000000000 ) ;
#23 = EDGE_LOOP ( 'NONE', ( #665, #382, #908, #1515, #1868 ) ) ;
#24 = EDGE_CURVE ( 'NONE', #978, #1003, #1521, .T. ) ;
#25 = ADVANCED_FACE ( 'NONE', ( #1814 ), #358, .F. ) ;
#26 = AXIS2_PLACEMENT_3D ( 'NONE', #392, #1132, #1720 ) ;
#27 = FACE_OUTER_BOUND ( 'NONE', #125, .T. ) ;
#28 = CARTESIAN_POINT ( 'NONE',  ( 0.000000000000000000, -7.564452574845592915E-16, 5.242885790000000767 ) ) ;
#29 = DIRECTION ( 'NONE',  ( 0.000000000000000000, 1.442803234293912154E-16, -1.000000000000000000 ) ) ;
#30 = ORIENTED_EDGE ( 'NONE', *, *, #1259, .T. ) ;
#31 = DIRECTION ( 'NONE',  ( 0.000000000000000000, 1.000000000000000000, 1.421904488505578915E-16 ) ) ;
#32 = ADVANCED_FACE ( 'NONE', ( #178 ), #1175, .F. ) ;
#33 = CONICAL_SURFACE ( 'NONE', #1228, 31.70000000000001350, 0.7853981633974481680 ) ;
#34 = CARTESIAN_POINT ( 'NONE',  ( -29.49540526411101382, 9.540496229539272122, 1.376505881674813538E-15 ) ) ;
#35 = ORIENTED_EDGE ( 'NONE', *, *, #681, .F. ) ;
#36 = CARTESIAN_POINT ( 'NONE',  ( -9.062343851558063434, -29.64159111647228428, 4.042885789999994373 ) ) ;
#37 = DIRECTION ( 'NONE',  ( 0.000000000000000000, -1.000000000000000000, -1.504886296194390346E-16 ) ) ;
#38 = ORIENTED_EDGE ( 'NONE', *, *, #681, .T. ) ;
#39 = CIRCLE ( 'NONE', #624, 30.50000000000001421 ) ;
#40 = CONICAL_SURFACE ( 'NONE', #1026, 31.70000000000001350, 0.7853981633974481680 ) ;
#41 = DIRECTION ( 'NONE',  ( -0.000000000000000000, 1.442803234293911661E-16, -1.000000000000000000 ) ) ;
#42 = EDGE_CURVE ( 'NONE', #990, #1491, #917, .T. ) ;
#43 = EDGE_CURVE ( 'NONE', #1224, #1829, #1340, .T. ) ;
#44 = CARTESIAN_POINT ( 'NONE',  ( -30.38393829179828032, 2.658250153803262350, 2.242885790000000767 ) ) ;
#45 = VERTEX_POINT ( 'NONE', #1200 ) ;
#46 = CARTESIAN_POINT ( 'NONE',  ( 9.386617258095391492, 29.01967292114138530, 4.852344922074430622E-15 ) ) ;
#47 = CIRCLE ( 'NONE', #1464, 30.50000000000001421 ) ;
#48 = ORIENTED_EDGE ( 'NONE', *, *, #1083, .T. ) ;
#49 = AXIS2_PLACEMENT_3D ( 'NONE', #1552, #1231, #1572 ) ;
#50 = CYLINDRICAL_SURFACE ( 'NONE', #1855, 0.5000000000000004441 ) ;
#51 = EDGE_CURVE ( 'NONE', #1166, #946, #1223, .T. ) ;
#52 = CIRCLE ( 'NONE', #323, 30.50000000000001421 ) ;
#53 = EDGE_LOOP ( 'NONE', ( #1689, #928, #1126, #1376 ) ) ;
#54 = ORIENTED_EDGE ( 'NONE', *, *, #1826, .F. ) ;
#55 = DIRECTION ( 'NONE',  ( -0.000000000000000000, 1.442803234293912154E-16, -1.000000000000000000 ) ) ;
#56 = DIRECTION ( 'NONE',  ( -0.000000000000000000, 1.442803234293912154E-16, -1.000000000000000000 ) ) ;
#57 = VERTEX_POINT ( 'NONE', #775 ) ;
#58 = EDGE_CURVE ( 'NONE', #1875, #709, #845, .T. ) ;
#59 = DIRECTION ( 'NONE',  ( -0.000000000000000000, 1.442803234293912154E-16, -1.000000000000000000 ) ) ;
#60 = EDGE_LOOP ( 'NONE', ( #691, #1319, #1232, #1352, #113, #278 ) ) ;
#61 = FILL_AREA_STYLE ('',( #1822 ) ) ;
#62 = CARTESIAN_POINT ( 'NONE',  ( 31.70000000000001350, 1.101832177660157193E-13, 3.442885790000000501 ) ) ;
#63 = AXIS2_PLACEMENT_3D ( 'NONE', #1535, #1831, #327 ) ;
#64 = EDGE_LOOP ( 'NONE', ( #1646, #1399, #855 ) ) ;
#65 = DIRECTION ( 'NONE',  ( -0.000000000000000000, 1.442803234293912154E-16, -1.000000000000000000 ) ) ;
#66 = CARTESIAN_POINT ( 'NONE',  ( 29.01967292114142083, -9.386617258095292016, -1.354304173905894076E-15 ) ) ;
#67 = ORIENTED_EDGE ( 'NONE', *, *, #717, .T. ) ;
#68 = ORIENTED_EDGE ( 'NONE', *, *, #805, .T. ) ;
#69 = CIRCLE ( 'NONE', #1806, 0.5000000000000004441 ) ;
#70 = CARTESIAN_POINT ( 'NONE',  ( -9.540496229539581208, -29.49540526411091435, -4.255606611186890497E-15 ) ) ;
#71 = EDGE_CURVE ( 'NONE', #1833, #1603, #594, .T. ) ;
#72 = VERTEX_POINT ( 'NONE', #1782 ) ;
#73 = CARTESIAN_POINT ( 'NONE',  ( 30.81203885079171911, 2.299031132645495301, 2.638049296521283171 ) ) ;
#74 = CARTESIAN_POINT ( 'NONE',  ( 29.18307917891966596, -9.146626779111537431, 5.160025777387885704 ) ) ;
#75 = VERTEX_POINT ( 'NONE', #338 ) ;
#76 = AXIS2_PLACEMENT_3D ( 'NONE', #1465, #465, #1039 ) ;
#77 = EDGE_CURVE ( 'NONE', #705, #564, #470, .T. ) ;
#78 = DIRECTION ( 'NONE',  ( 0.000000000000000000, 1.000000000000000000, 1.368078451085809518E-16 ) ) ;
#79 = LINE ( 'NONE', #160, #418 ) ;
#80 = ORIENTED_EDGE ( 'NONE', *, *, #1826, .T. ) ;
#81 = VERTEX_POINT ( 'NONE', #1510 ) ;
#82 = DIRECTION ( 'NONE',  ( 0.000000000000000000, 1.442803234293912154E-16, -1.000000000000000000 ) ) ;
#83 = CARTESIAN_POINT ( 'NONE',  ( -2.762837045100770883, -31.57937192950834770, 4.042885789999994373 ) ) ;
#84 = ORIENTED_EDGE ( 'NONE', *, *, #1139, .T. ) ;
#85 = CARTESIAN_POINT ( 'NONE',  ( 0.000000000000000000, -6.938893903907229955E-15, 43.29999999999999005 ) ) ;
#86 = DIRECTION ( 'NONE',  ( 0.2923717047227368804, 0.9563047559630354355, 1.379759594874117062E-16 ) ) ;
#87 = EDGE_LOOP ( 'NONE', ( #1697, #573, #879, #1350, #1524 ) ) ;
#88 = EDGE_CURVE ( 'NONE', #420, #640, #922, .T. ) ;
#89 = CIRCLE ( 'NONE', #1520, 31.70000000000001350 ) ;
#90 = DIRECTION ( 'NONE',  ( -0.000000000000000000, 1.442803234293912154E-16, -1.000000000000000000 ) ) ;
#91 = DIRECTION ( 'NONE',  ( 1.000000000000000000, 1.047444401652940007E-14, 0.000000000000000000 ) ) ;
#92 = DIRECTION ( 'NONE',  ( 0.000000000000000000, -1.442803234293912154E-16, 1.000000000000000000 ) ) ;
#93 = VERTEX_POINT ( 'NONE', #1357 ) ;
#94 = EDGE_CURVE ( 'NONE', #978, #1386, #1414, .T. ) ;
#95 = EDGE_CURVE ( 'NONE', #1047, #413, #941, .T. ) ;
#96 = VERTEX_POINT ( 'NONE', #1774 ) ;
#97 = PLANE ( 'NONE',  #348 ) ;
#98 = FACE_OUTER_BOUND ( 'NONE', #139, .T. ) ;
#99 = CARTESIAN_POINT ( 'NONE',  ( -2.658250153803581650, 30.38393829179825190, 2.242885790000004764 ) ) ;
#100 = VERTEX_POINT ( 'NONE', #1044 ) ;
#101 = VECTOR ( 'NONE', #226, 1000.000000000000000 ) ;
#102 = ORIENTED_EDGE ( 'NONE', *, *, #122, .T. ) ;
#103 = DIRECTION ( 'NONE',  ( -4.849139922522269093E-33, -1.442803234293912401E-16, 1.000000000000000000 ) ) ;
#104 = LINE ( 'NONE', #1378, #1897 ) ;
#105 = FACE_OUTER_BOUND ( 'NONE', #1590, .T. ) ;
#106 = VERTEX_POINT ( 'NONE', #906 ) ;
#107 = VECTOR ( 'NONE', #1792, 1000.000000000000000 ) ;
#108 = VERTEX_POINT ( 'NONE', #1852 ) ;
#109 = EDGE_CURVE ( 'NONE', #1609, #1894, #1069, .T. ) ;
#110 = DIRECTION ( 'NONE',  ( 0.000000000000000000, 1.442803234293912154E-16, -1.000000000000000000 ) ) ;
#111 = DIRECTION ( 'NONE',  ( 1.000000000000000000, 0.000000000000000000, 0.000000000000000000 ) ) ;
#112 = CARTESIAN_POINT ( 'NONE',  ( -31.70000000000001350, -3.325366159992938047E-13, 3.442885790000000501 ) ) ;
#113 = ORIENTED_EDGE ( 'NONE', *, *, #1135, .T. ) ;
#114 = VECTOR ( 'NONE', #1602, 1000.000000000000114 ) ;
#115 = EDGE_LOOP ( 'NONE', ( #1100, #1388, #1805, #1691 ) ) ;
#116 = CARTESIAN_POINT ( 'NONE',  ( 0.000000000000000000, -7.564452574845589957E-16, 5.242885789999998103 ) ) ;
#117 = FACE_OUTER_BOUND ( 'NONE', #1269, .T. ) ;
#118 = CARTESIAN_POINT ( 'NONE',  ( -2.179770321986755022, -30.42201085363068458, 2.242885789999995882 ) ) ;
#119 = ORIENTED_EDGE ( 'NONE', *, *, #1157, .F. ) ;
#120 = ORIENTED_EDGE ( 'NONE', *, *, #10, .F. ) ;
#121 = LINE ( 'NONE', #275, #157 ) ;
#122 = EDGE_CURVE ( 'NONE', #1119, #72, #1124, .T. ) ;
#123 = DIRECTION ( 'NONE',  ( 0.000000000000000000, -1.000000000000000000, -1.504886296194390346E-16 ) ) ;
#124 = ORIENTED_EDGE ( 'NONE', *, *, #1773, .T. ) ;
#125 = EDGE_LOOP ( 'NONE', ( #503, #436, #38, #1506 ) ) ;
#126 = AXIS2_PLACEMENT_3D ( 'NONE', #437, #1016, #669 ) ;
#127 = DIRECTION ( 'NONE',  ( -0.000000000000000000, 1.442803234293912154E-16, -1.000000000000000000 ) ) ;
#128 = EDGE_LOOP ( 'NONE', ( #1299, #1538, #626, #985 ) ) ;
#129 = VECTOR ( 'NONE', #1400, 1000.000000000000000 ) ;
#130 = CYLINDRICAL_SURFACE ( 'NONE', #1432, 0.5000000000000004441 ) ;
#131 = CARTESIAN_POINT ( 'NONE',  ( 29.64159111647230915, -9.062343851557958629, 4.746918310342258529 ) ) ;
#132 = EDGE_CURVE ( 'NONE', #1551, #703, #1712, .T. ) ;
#133 = CARTESIAN_POINT ( 'NONE',  ( -29.58803837274124504, 9.045971134722853080, 4.802917972999170004 ) ) ;
#134 = CLOSED_SHELL ( 'NONE', ( #944, #1596, #1396, #1523, #617, #598, #934, #526, #1434, #411, #755, #539, #1120, #1454, #162, #1562, #1846, #567, #438, #1890, #310, #330, #1008, #960, #1152, #1787, #1229, #1453, #1245, #1885, #1222, #768, #484, #283, #456, #246, #1379, #1311, #659, #1776, #596, #18, #1899, #1146, #1634, #1201, #25, #1051, #1038, #834, #32, #1470, #1483, #798, #427, #423, #751 ) ) ;
#135 = VERTEX_POINT ( 'NONE', #981 ) ;
#136 = CARTESIAN_POINT ( 'NONE',  ( 0.000000000000000000, -6.247338004492639996E-15, 43.29999999999999716 ) ) ;
#137 = AXIS2_PLACEMENT_3D ( 'NONE', #989, #292, #251 ) ;
#138 = LINE ( 'NONE', #576, #314 ) ;
#139 = EDGE_LOOP ( 'NONE', ( #480, #1397, #1365, #67, #375, #1663, #1062, #996 ) ) ;
#140 = EDGE_CURVE ( 'NONE', #1386, #335, #1579, .T. ) ;
#141 = CARTESIAN_POINT ( 'NONE',  ( -1.942162209765897485, 31.23733867171855039, 3.038288956892657655 ) ) ;
#142 = CYLINDRICAL_SURFACE ( 'NONE', #1496, 31.70000000000001350 ) ;
#143 = ORIENTED_EDGE ( 'NONE', *, *, #1536, .F. ) ;
#144 = DIRECTION ( 'NONE',  ( 0.000000000000000000, -1.000000000000000000, -1.442803234293912154E-16 ) ) ;
#145 = AXIS2_PLACEMENT_3D ( 'NONE', #1351, #502, #1078 ) ;
#146 = CARTESIAN_POINT ( 'NONE',  ( -1.942162209765898151, 31.23733867171855039, 4.447482623107350541 ) ) ;
#147 = ORIENTED_EDGE ( 'NONE', *, *, #77, .F. ) ;
#148 = ADVANCED_BREP_SHAPE_REPRESENTATION ( '01 - FSB - 1002 - Lens', ( #1174, #582 ), #1052 ) ;
#149 = FACE_OUTER_BOUND ( 'NONE', #1513, .T. ) ;
#150 = CARTESIAN_POINT ( 'NONE',  ( -9.139579103769817081, -29.18798574206337904, 5.157493197080714076 ) ) ;
#151 = DIRECTION ( 'NONE',  ( -1.000000000000000000, -3.491481338843133355E-15, 0.000000000000000000 ) ) ;
#152 = ORIENTED_EDGE ( 'NONE', *, *, #393, .T. ) ;
#153 = SHAPE_DEFINITION_REPRESENTATION ( #1261, #148 ) ;
#154 = AXIS2_PLACEMENT_3D ( 'NONE', #1591, #1156, #1417 ) ;
#155 = EDGE_CURVE ( 'NONE', #848, #57, #820, .T. ) ;
#156 = AXIS2_PLACEMENT_3D ( 'NONE', #493, #1659, #1225 ) ;
#157 = VECTOR ( 'NONE', #1272, 1000.000000000000114 ) ;
#158 = DIRECTION ( 'NONE',  ( 0.000000000000000000, 1.000000000000000000, 1.421904488505578915E-16 ) ) ;
#159 = CARTESIAN_POINT ( 'NONE',  ( 0.000000000000000000, -9.571514979970377377E-15, 75.00000000000000000 ) ) ;
#160 = CARTESIAN_POINT ( 'NONE',  ( -2.762837045100770883, -31.57937192950834770, -4.556281995686501854E-15 ) ) ;
#161 = VECTOR ( 'NONE', #1692, 1000.000000000000000 ) ;
#162 = ADVANCED_FACE ( 'NONE', ( #117 ), #1687, .T. ) ;
#163 = CARTESIAN_POINT ( 'NONE',  ( 29.49540526411094987, -9.540496229539478179, -6.620435565698618534E-16 ) ) ;
#164 = AXIS2_PLACEMENT_3D ( 'NONE', #758, #784, #1633 ) ;
#165 = PLANE ( 'NONE',  #929 ) ;
#166 = SURFACE_STYLE_USAGE ( .BOTH. , #1080 ) ;
#167 = CONICAL_SURFACE ( 'NONE', #1270, 31.70000000000001350, 0.7853981633974481680 ) ;
#168 = CIRCLE ( 'NONE', #1327, 31.70000000000001350 ) ;
#169 = CARTESIAN_POINT ( 'NONE',  ( 0.000000000000000000, 30.50000000000001421, 4.400549864596433858E-15 ) ) ;
#170 = DIRECTION ( 'NONE',  ( 0.000000000000000000, -1.000000000000000000, -1.442803234293909196E-16 ) ) ;
#171 = CARTESIAN_POINT ( 'NONE',  ( 30.38393829179824124, 2.658250153803686899, 5.242885790000000767 ) ) ;
#172 = DIRECTION ( 'NONE',  ( 0.2923717047227368804, 0.9563047559630354355, 0.000000000000000000 ) ) ;
#173 = AXIS2_PLACEMENT_3D ( 'NONE', #426, #378, #1295 ) ;
#174 = CARTESIAN_POINT ( 'NONE',  ( 1.942162209765897929, -31.23733867171855039, 3.038288956892648329 ) ) ;
#175 = CARTESIAN_POINT ( 'NONE',  ( 30.92159633683305486, -2.203379218825854746, 3.965580587751885587E-16 ) ) ;
#176 = FACE_OUTER_BOUND ( 'NONE', #1077, .T. ) ;
#177 = ORIENTED_EDGE ( 'NONE', *, *, #1485, .F. ) ;
#178 = FACE_OUTER_BOUND ( 'NONE', #521, .T. ) ;
#179 = EDGE_CURVE ( 'NONE', #57, #1393, #104, .T. ) ;
#180 = CONICAL_SURFACE ( 'NONE', #1257, 31.70000000000001350, 0.7853981633974481680 ) ;
#181 = DIRECTION ( 'NONE',  ( -1.000000000000000000, -3.491481338843133355E-15, 0.000000000000000000 ) ) ;
#182 = ORIENTED_EDGE ( 'NONE', *, *, #140, .T. ) ;
#183 = CARTESIAN_POINT ( 'NONE',  ( -2.203379218825961772, -30.42159633683304421, -3.674775433611672808E-15 ) ) ;
#184 = CARTESIAN_POINT ( 'NONE',  ( 30.48589027785845929, -2.459045450062365301, 2.327722804879793106 ) ) ;
#185 = ORIENTED_EDGE ( 'NONE', *, *, #277, .T. ) ;
#186 = DIRECTION ( 'NONE',  ( 0.000000000000000000, 1.442803234293912154E-16, -1.000000000000000000 ) ) ;
#187 = AXIS2_PLACEMENT_3D ( 'NONE', #28, #909, #1667 ) ;
#188 = EDGE_CURVE ( 'NONE', #1346, #685, #1544, .T. ) ;
#189 = FACE_OUTER_BOUND ( 'NONE', #1573, .T. ) ;
#190 = ORIENTED_EDGE ( 'NONE', *, *, #273, .F. ) ;
#191 = CARTESIAN_POINT ( 'NONE',  ( 31.66023444818482346, 1.587310519706744749, 2.290176751661642278E-16 ) ) ;
#192 = EDGE_LOOP ( 'NONE', ( #143, #224, #1415, #871, #949, #1726, #815, #819, #1871, #840, #389, #1694, #1155, #1791, #719, #1534, #1058, #1015, #828, #1140, #1206, #1431, #647, #800, #958, #807, #636, #915 ) ) ;
#193 = DIRECTION ( 'NONE',  ( 0.000000000000000000, 1.000000000000000000, 2.188925521737295475E-16 ) ) ;
#194 = B_SPLINE_CURVE_WITH_KNOTS ( 'NONE', 3,
 ( #873, #1451, #146, #729 ),
 .UNSPECIFIED., .F., .F.,
 ( 4, 4 ),
 ( 1.230461996105164704E-17, 0.002053251952071876493 ),
 .UNSPECIFIED. ) ;
#195 = ORIENTED_EDGE ( 'NONE', *, *, #562, .F. ) ;
#196 = AXIS2_PLACEMENT_3D ( 'NONE', #34, #914, #1503 ) ;
#197 = AXIS2_PLACEMENT_3D ( 'NONE', #12, #1768, #883 ) ;
#198 = DIRECTION ( 'NONE',  ( -1.540743955509788682E-33, 1.442803234293911908E-16, -1.000000000000000000 ) ) ;
#199 = CIRCLE ( 'NONE', #173, 31.70000000000001350 ) ;
#200 = DIRECTION ( 'NONE',  ( -0.000000000000000000, 1.442803234293912154E-16, -1.000000000000000000 ) ) ;
#201 = ORIENTED_EDGE ( 'NONE', *, *, #1756, .F. ) ;
#202 = DIRECTION ( 'NONE',  ( -7.476811721556218265E-33, -1.442803234293912401E-16, 1.000000000000000000 ) ) ;
#203 = VECTOR ( 'NONE', #1389, 1000.000000000000000 ) ;
#204 = ORIENTED_EDGE ( 'NONE', *, *, #1627, .T. ) ;
#205 = CIRCLE ( 'NONE', #1287, 34.99999999999999289 ) ;
#206 = CARTESIAN_POINT ( 'NONE',  ( 2.203379218825961772, 30.92159633683304421, 4.461377920431349449E-15 ) ) ;
#207 = VERTEX_POINT ( 'NONE', #1095 ) ;
#208 = CARTESIAN_POINT ( 'NONE',  ( 0.000000000000000000, 35.00000000000000000, 5.049811320028692910E-15 ) ) ;
#209 = ORIENTED_EDGE ( 'NONE', *, *, #1273, .T. ) ;
#210 = EDGE_CURVE ( 'NONE', #93, #1603, #556, .T. ) ;
#211 = ORIENTED_EDGE ( 'NONE', *, *, #1392, .T. ) ;
#212 = CARTESIAN_POINT ( 'NONE',  ( 9.062343851558063434, 29.64159111647228428, 4.276698353246390365E-15 ) ) ;
#213 = ORIENTED_EDGE ( 'NONE', *, *, #1411, .F. ) ;
#214 = DIRECTION ( 'NONE',  ( 0.000000000000000000, 1.442803234293912154E-16, -1.000000000000000000 ) ) ;
#215 = CARTESIAN_POINT ( 'NONE',  ( 9.386617258095391492, 29.01967292114138530, 5.242885790000006097 ) ) ;
#216 = ORIENTED_EDGE ( 'NONE', *, *, #898, .F. ) ;
#217 = CARTESIAN_POINT ( 'NONE',  ( 0.000000000000000000, -3.236042871963856698E-16, 2.242885790000000323 ) ) ;
#218 = CARTESIAN_POINT ( 'NONE',  ( 9.062343851558063434, 29.64159111647228428, 4.042885790000003254 ) ) ;
#219 = ORIENTED_EDGE ( 'NONE', *, *, #1320, .T. ) ;
#220 = EDGE_LOOP ( 'NONE', ( #1721, #1636, #265, #622, #854, #119 ) ) ;
#221 = CARTESIAN_POINT ( 'NONE',  ( 30.41718248068016095, -2.247530332639427364, 2.242885790000000323 ) ) ;
#222 = EDGE_CURVE ( 'NONE', #1047, #1704, #52, .T. ) ;
#223 = CARTESIAN_POINT ( 'NONE',  ( 9.268183039710775617, 30.31486076402823215, 4.373837915750955027E-15 ) ) ;
#224 = ORIENTED_EDGE ( 'NONE', *, *, #1748, .T. ) ;
#225 = CARTESIAN_POINT ( 'NONE',  ( 9.268183039710775617, 30.31486076402823215, 4.042885790000003254 ) ) ;
#226 = DIRECTION ( 'NONE',  ( -0.2923717047227368804, -0.9563047559630354355, -1.379759594874118541E-16 ) ) ;
#227 = ORIENTED_EDGE ( 'NONE', *, *, #350, .T. ) ;
#228 = DIRECTION ( 'NONE',  ( -0.000000000000000000, 1.442803234293912154E-16, -1.000000000000000000 ) ) ;
#229 = EDGE_CURVE ( 'NONE', #45, #943, #954, .T. ) ;
#230 = CARTESIAN_POINT ( 'NONE',  ( 3.735172737399429118E-15, -30.50000000000001421, -4.400549864596433858E-15 ) ) ;
#231 = EDGE_CURVE ( 'NONE', #1808, #106, #1267, .T. ) ;
#232 = CARTESIAN_POINT ( 'NONE',  ( -30.31486076402832808, 9.268183039710457649, 4.042885790000000590 ) ) ;
#233 = ORIENTED_EDGE ( 'NONE', *, *, #1598, .T. ) ;
#234 = ORIENTED_EDGE ( 'NONE', *, *, #645, .F. ) ;
#235 = CARTESIAN_POINT ( 'NONE',  ( 0.000000000000000000, -4.967406753116552171E-16, 3.442885790000000501 ) ) ;
#236 = VERTEX_POINT ( 'NONE', #675 ) ;
#237 = DIRECTION ( 'NONE',  ( -0.06162841671621948486, -0.7044160264027584661, -0.7071067811865477948 ) ) ;
#238 = DIRECTION ( 'NONE',  ( 0.000000000000000000, 1.000000000000000000, 1.442803234293912154E-16 ) ) ;
#239 = VECTOR ( 'NONE', #103, 1000.000000000000000 ) ;
#240 = EDGE_LOOP ( 'NONE', ( #585, #1258, #965 ) ) ;
#241 = CIRCLE ( 'NONE', #156, 30.50000000000001421 ) ;
#242 = CARTESIAN_POINT ( 'NONE',  ( -1.587310519706609524, 31.66023444818483057, 4.567948866034460729E-15 ) ) ;
#243 = CIRCLE ( 'NONE', #1316, 30.50000000000001421 ) ;
#244 = CARTESIAN_POINT ( 'NONE',  ( 0.000000000000000000, 31.70000000000000639, 4.573686252711702518E-15 ) ) ;
#245 = DIRECTION ( 'NONE',  ( 0.000000000000000000, 1.000000000000000000, 1.486905836551549325E-16 ) ) ;
#246 = ADVANCED_FACE ( 'NONE', ( #385 ), #1642, .F. ) ;
#247 = ORIENTED_EDGE ( 'NONE', *, *, #122, .F. ) ;
#248 = ORIENTED_EDGE ( 'NONE', *, *, #1244, .F. ) ;
#249 = CARTESIAN_POINT ( 'NONE',  ( 4.286263797015736496E-15, -35.00000000000000000, -4.286263797015735707E-15 ) ) ;
#250 = CARTESIAN_POINT ( 'NONE',  ( 0.000000000000000000, -6.938893903907229955E-15, 43.29999999999999005 ) ) ;
#251 = DIRECTION ( 'NONE',  ( 0.000000000000000000, -1.000000000000000000, -1.442803234293909196E-16 ) ) ;
#252 = ORIENTED_EDGE ( 'NONE', *, *, #1802, .F. ) ;
#253 = CIRCLE ( 'NONE', #1472, 30.50000000000001421 ) ;
#254 = ORIENTED_EDGE ( 'NONE', *, *, #449, .F. ) ;
#255 = FACE_OUTER_BOUND ( 'NONE', #552, .T. ) ;
#256 = CARTESIAN_POINT ( 'NONE',  ( 30.38393829179824124, 2.658250153803686899, 5.242885790000000767 ) ) ;
#257 = CARTESIAN_POINT ( 'NONE',  ( 0.000000000000000000, -5.833088693692896456E-16, 4.042885789999998813 ) ) ;
#258 = VERTEX_POINT ( 'NONE', #687 ) ;
#259 = EDGE_CURVE ( 'NONE', #984, #1346, #1563, .T. ) ;
#260 = VERTEX_POINT ( 'NONE', #131 ) ;
#261 = DIRECTION ( 'NONE',  ( -0.000000000000000000, 1.442803234293912154E-16, -1.000000000000000000 ) ) ;
#262 = EDGE_CURVE ( 'NONE', #1781, #207, #716, .T. ) ;
#263 = CARTESIAN_POINT ( 'NONE',  ( 0.000000000000000000, 0.000000000000000000, 0.000000000000000000 ) ) ;
#264 = CARTESIAN_POINT ( 'NONE',  ( -30.38393829179822347, -2.658250153803900062, 2.242885789999999879 ) ) ;
#265 = ORIENTED_EDGE ( 'NONE', *, *, #1440, .T. ) ;
#266 = ORIENTED_EDGE ( 'NONE', *, *, #1842, .T. ) ;
#267 = DIRECTION ( 'NONE',  ( 0.000000000000000000, 1.000000000000000000, 1.442803234293912154E-16 ) ) ;
#268 = AXIS2_PLACEMENT_3D ( 'NONE', #881, #589, #453 ) ;
#269 = CARTESIAN_POINT ( 'NONE',  ( 9.055149842965542817, 29.36004835752022757, 5.018195708968765878 ) ) ;
#270 = ORIENTED_EDGE ( 'NONE', *, *, #1598, .F. ) ;
#271 = B_SPLINE_CURVE_WITH_KNOTS ( 'NONE', 3,
 ( #1708, #977, #708, #1001 ),
 .UNSPECIFIED., .F., .F.,
 ( 4, 4 ),
 ( 9.697399036122160616E-19, 0.002053251952071870421 ),
 .UNSPECIFIED. ) ;
#272 = CARTESIAN_POINT ( 'NONE',  ( 31.70000000000001350, 1.101832177660157193E-13, 3.442885790000000501 ) ) ;
#273 = EDGE_CURVE ( 'NONE', #1704, #462, #826, .T. ) ;
#274 = EDGE_LOOP ( 'NONE', ( #1677, #1461, #637, #1861 ) ) ;
#275 = CARTESIAN_POINT ( 'NONE',  ( 2.762837045100770883, 31.57937192950834770, 4.556281995686501854E-15 ) ) ;
#276 = CARTESIAN_POINT ( 'NONE',  ( -31.57937192950837613, 2.762837045100439592, 4.042885789999998813 ) ) ;
#277 = EDGE_CURVE ( 'NONE', #1133, #943, #243, .T. ) ;
#278 = ORIENTED_EDGE ( 'NONE', *, *, #51, .T. ) ;
#279 = CARTESIAN_POINT ( 'NONE',  ( -29.64159111647237665, 9.062343851557752572, 4.042885790000000590 ) ) ;
#280 = CARTESIAN_POINT ( 'NONE',  ( 0.000000000000000000, -4.967406753116552171E-16, 3.442885790000000501 ) ) ;
#281 = ORIENTED_EDGE ( 'NONE', *, *, #923, .T. ) ;
#282 = DIRECTION ( 'NONE',  ( 0.000000000000000000, 1.000000000000000000, 1.641694141302971421E-16 ) ) ;
#283 = ADVANCED_FACE ( 'NONE', ( #1296 ), #1790, .F. ) ;
#284 = DIRECTION ( 'NONE',  ( 0.000000000000000000, 1.000000000000000000, 1.442803234293909196E-16 ) ) ;
#285 = ORIENTED_EDGE ( 'NONE', *, *, #1739, .F. ) ;
#286 = DIRECTION ( 'NONE',  ( 0.000000000000000000, 1.442803234293912154E-16, -1.000000000000000000 ) ) ;
#287 = VECTOR ( 'NONE', #951, 1000.000000000000114 ) ;
#288 = CARTESIAN_POINT ( 'NONE',  ( 0.000000000000000000, 30.50000000000001776, 5.242885790000004320 ) ) ;
#289 = ORIENTED_EDGE ( 'NONE', *, *, #923, .F. ) ;
#290 =( LENGTH_UNIT ( ) NAMED_UNIT ( * ) SI_UNIT ( .MILLI., .METRE. ) );
#291 = EDGE_CURVE ( 'NONE', #946, #1224, #1718, .T. ) ;
#292 = DIRECTION ( 'NONE',  ( -0.000000000000000000, 1.442803234293912154E-16, -1.000000000000000000 ) ) ;
#293 = CARTESIAN_POINT ( 'NONE',  ( -9.055149842965541040, -29.36004835752024533, 5.018195708968748114 ) ) ;
#294 = CIRCLE ( 'NONE', #1542, 30.50000000000001066 ) ;
#295 = CARTESIAN_POINT ( 'NONE',  ( 0.000000000000000000, -6.938893903907229955E-15, 43.29999999999999005 ) ) ;
#296 = ORIENTED_EDGE ( 'NONE', *, *, #1244, .T. ) ;
#297 = EDGE_CURVE ( 'NONE', #640, #403, #121, .T. ) ;
#298 = VECTOR ( 'NONE', #931, 1000.000000000000000 ) ;
#299 = AXIS2_PLACEMENT_3D ( 'NONE', #728, #740, #603 ) ;
#300 = CARTESIAN_POINT ( 'NONE',  ( 1.942162209765898817, -31.23733867171855039, 4.447482623107340771 ) ) ;
#301 = CARTESIAN_POINT ( 'NONE',  ( 30.87801846545922757, -2.701476567871727852, -3.897699129494538330E-16 ) ) ;
#302 = CARTESIAN_POINT ( 'NONE',  ( -2.167840844328769556, -30.42286091204541876, -4.389420212037296596E-15 ) ) ;
#303 = PRODUCT_DEFINITION ( 'UNKNOWN', '', #1638, #1437 ) ;
#304 = AXIS2_PLACEMENT_3D ( 'NONE', #1546, #412, #1688 ) ;
#305 = AXIS2_PLACEMENT_3D ( 'NONE', #830, #968, #1405 ) ;
#306 = CARTESIAN_POINT ( 'NONE',  ( 0.000000000000000000, -9.600082711450312947E-32, 6.653771271970055286E-16 ) ) ;
#307 = CARTESIAN_POINT ( 'NONE',  ( 0.000000000000000000, -1.630367076110522133E-15, 11.29999598946283967 ) ) ;
#308 = APPLICATION_PROTOCOL_DEFINITION ( 'draft international standard', 'automotive_design', 1998, #19 ) ;
#309 = AXIS2_PLACEMENT_3D ( 'NONE', #319, #499, #769 ) ;
#310 = ADVANCED_FACE ( 'NONE', ( #1436 ), #1141, .T. ) ;
#311 = DIRECTION ( 'NONE',  ( -0.000000000000000000, 1.442803234293912154E-16, -1.000000000000000000 ) ) ;
#312 = CARTESIAN_POINT ( 'NONE',  ( 2.701476567871834877, 30.87801846545921336, 2.738853269657739897 ) ) ;
#313 = CARTESIAN_POINT ( 'NONE',  ( 2.167840844328769112, 30.42286091204541520, 2.242885790000004764 ) ) ;
#314 = VECTOR ( 'NONE', #1878, 1000.000000000000000 ) ;
#315 = EDGE_CURVE ( 'NONE', #1020, #1133, #706, .T. ) ;
#316 = STYLED_ITEM ( 'NONE', ( #611 ), #1174 ) ;
#317 = PLANE ( 'NONE',  #897 ) ;
#318 = CARTESIAN_POINT ( 'NONE',  ( 3.882130353297111770E-15, -31.70000000000001350, 11.29999598946283434 ) ) ;
#319 = CARTESIAN_POINT ( 'NONE',  ( 0.000000000000000000, -4.967406753116552171E-16, 3.442885790000000501 ) ) ;
#320 = EDGE_CURVE ( 'NONE', #736, #1498, #1286, .T. ) ;
#321 = DIRECTION ( 'NONE',  ( -0.9961946980917457672, 0.08715574274765473806, 0.000000000000000000 ) ) ;
#322 = VECTOR ( 'NONE', #1185, 1000.000000000000000 ) ;
#323 = AXIS2_PLACEMENT_3D ( 'NONE', #217, #518, #91 ) ;
#324 = PLANE ( 'NONE',  #1737 ) ;
#325 = VERTEX_POINT ( 'NONE', #1123 ) ;
#326 = DIRECTION ( 'NONE',  ( 0.000000000000000000, -1.000000000000000000, -1.421904488505578915E-16 ) ) ;
#327 = DIRECTION ( 'NONE',  ( 0.000000000000000000, 1.000000000000000000, 1.442803234293909196E-16 ) ) ;
#328 = EDGE_LOOP ( 'NONE', ( #1203, #533, #371, #407 ) ) ;
#329 = CARTESIAN_POINT ( 'NONE',  ( 2.701476567871834877, 30.87801846545921336, 4.042885790000003254 ) ) ;
#330 = ADVANCED_FACE ( 'NONE', ( #1884 ), #394, .F. ) ;
#331 = CARTESIAN_POINT ( 'NONE',  ( 0.000000000000000000, -3.236042871963856698E-16, 2.242885790000000323 ) ) ;
#332 = EDGE_LOOP ( 'NONE', ( #1012, #773, #289, #147 ) ) ;
#333 = DIRECTION ( 'NONE',  ( 0.000000000000000000, -1.000000000000000000, -1.442803234293911168E-16 ) ) ;
#334 = DIRECTION ( 'NONE',  ( -0.000000000000000000, 1.442803234293912154E-16, -1.000000000000000000 ) ) ;
#335 = VERTEX_POINT ( 'NONE', #555 ) ;
#336 = ORIENTED_EDGE ( 'NONE', *, *, #967, .T. ) ;
#337 = AXIS2_PLACEMENT_3D ( 'NONE', #1653, #487, #1644 ) ;
#338 = CARTESIAN_POINT ( 'NONE',  ( -30.87801846545924178, 2.701476567871511136, 2.738853269657735456 ) ) ;
#339 = CARTESIAN_POINT ( 'NONE',  ( 0.000000000000000000, -5.833088693692896456E-16, 4.042885789999998813 ) ) ;
#340 = VERTEX_POINT ( 'NONE', #856 ) ;
#341 = LINE ( 'NONE', #607, #650 ) ;
#342 = ORIENTED_EDGE ( 'NONE', *, *, #1554, .F. ) ;
#343 = FACE_OUTER_BOUND ( 'NONE', #788, .T. ) ;
#344 = DIRECTION ( 'NONE',  ( -0.000000000000000000, 1.442803234293912154E-16, -1.000000000000000000 ) ) ;
#345 = ORIENTED_EDGE ( 'NONE', *, *, #1288, .F. ) ;
#346 = EDGE_CURVE ( 'NONE', #1569, #1119, #882, .T. ) ;
#347 = CIRCLE ( 'NONE', #1425, 30.50000000000001421 ) ;
#348 = AXIS2_PLACEMENT_3D ( 'NONE', #1115, #1043, #910 ) ;
#349 = DIRECTION ( 'NONE',  ( 0.000000000000000000, -1.000000000000000000, -1.442803234293909196E-16 ) ) ;
#350 = EDGE_CURVE ( 'NONE', #655, #1354, #47, .T. ) ;
#351 = ORIENTED_EDGE ( 'NONE', *, *, #449, .T. ) ;
#352 = CARTESIAN_POINT ( 'NONE',  ( 31.57937192950835481, -2.762837045100661193, 4.042885789999998813 ) ) ;
#353 = ORIENTED_EDGE ( 'NONE', *, *, #634, .F. ) ;
#354 = DIRECTION ( 'NONE',  ( 0.000000000000000000, -1.000000000000000000, -1.504886296194390346E-16 ) ) ;
#355 = CIRCLE ( 'NONE', #1896, 30.50000000000001066 ) ;
#356 = CARTESIAN_POINT ( 'NONE',  ( -30.38393829179828032, 2.658250153803261906, 5.242885790000000767 ) ) ;
#357 = ORIENTED_EDGE ( 'NONE', *, *, #361, .F. ) ;
#358 = PLANE ( 'NONE',  #496 ) ;
#359 = DIRECTION ( 'NONE',  ( 0.000000000000000000, 1.000000000000000000, 1.442803234293912401E-16 ) ) ;
#360 = ORIENTED_EDGE ( 'NONE', *, *, #77, .T. ) ;
#361 = EDGE_CURVE ( 'NONE', #703, #564, #628, .T. ) ;
#362 = CIRCLE ( 'NONE', #1679, 30.50000000000001066 ) ;
#363 = ORIENTED_EDGE ( 'NONE', *, *, #1799, .T. ) ;
#364 = LINE ( 'NONE', #947, #591 ) ;
#365 = CARTESIAN_POINT ( 'NONE',  ( 29.64159111647231626, -9.062343851557960406, -1.307517901931136404E-15 ) ) ;
#366 = VECTOR ( 'NONE', #1835, 999.9999999999998863 ) ;
#367 = VERTEX_POINT ( 'NONE', #1723 ) ;
#368 = PLANE ( 'NONE',  #1672 ) ;
#369 = CARTESIAN_POINT ( 'NONE',  ( -31.57937192950837613, 2.762837045100439592, 4.042885789999999702 ) ) ;
#370 = EDGE_CURVE ( 'NONE', #135, #520, #1253, .T. ) ;
#371 = ORIENTED_EDGE ( 'NONE', *, *, #1545, .F. ) ;
#372 = CARTESIAN_POINT ( 'NONE',  ( 3.735172737399429118E-15, -30.50000000000001421, -4.400549864596433858E-15 ) ) ;
#373 = DIRECTION ( 'NONE',  ( -0.000000000000000000, 1.442803234293912154E-16, -1.000000000000000000 ) ) ;
#374 = CARTESIAN_POINT ( 'NONE',  ( -2.527297535138340212, -30.53605815661911649, 2.383328160306349641 ) ) ;
#375 = ORIENTED_EDGE ( 'NONE', *, *, #723, .T. ) ;
#376 = ORIENTED_EDGE ( 'NONE', *, *, #262, .T. ) ;
#377 = CARTESIAN_POINT ( 'NONE',  ( 2.701476567871834877, 30.87801846545921336, 4.455090491055168801E-15 ) ) ;
#378 = DIRECTION ( 'NONE',  ( -0.000000000000000000, 1.442803234293912154E-16, -1.000000000000000000 ) ) ;
#379 = ORIENTED_EDGE ( 'NONE', *, *, #361, .T. ) ;
#380 = CARTESIAN_POINT ( 'NONE',  ( 0.000000000000000000, -6.938893903907229955E-15, 43.29999999999999005 ) ) ;
#381 = CARTESIAN_POINT ( 'NONE',  ( 0.000000000000000000, -5.833088693692896456E-16, 4.042885789999998813 ) ) ;
#382 = ORIENTED_EDGE ( 'NONE', *, *, #273, .T. ) ;
#383 = EDGE_CURVE ( 'NONE', #1256, #655, #1838, .T. ) ;
#384 = CARTESIAN_POINT ( 'NONE',  ( -30.38393829179822347, -2.658250153803900506, 5.242885790000000767 ) ) ;
#385 = FACE_OUTER_BOUND ( 'NONE', #87, .T. ) ;
#386 = VECTOR ( 'NONE', #1238, 1000.000000000000000 ) ;
#387 = CARTESIAN_POINT ( 'NONE',  ( -31.66023444818481636, -1.587310519706933931, 4.042885789999998813 ) ) ;
#388 = EDGE_LOOP ( 'NONE', ( #932, #495, #926, #296 ) ) ;
#389 = ORIENTED_EDGE ( 'NONE', *, *, #1773, .F. ) ;
#390 = DIRECTION ( 'NONE',  ( -0.6762095778224090914, 0.2067380150365106528, -0.7071067811865494601 ) ) ;
#391 = DIRECTION ( 'NONE',  ( -1.000000000000000000, 0.000000000000000000, 0.000000000000000000 ) ) ;
#392 = CARTESIAN_POINT ( 'NONE',  ( 0.000000000000000000, 0.000000000000000000, 0.000000000000000000 ) ) ;
#393 = EDGE_CURVE ( 'NONE', #1808, #847, #1618, .T. ) ;
#394 = CONICAL_SURFACE ( 'NONE', #1558, 30.50000000000001421, 0.7853981633974476129 ) ;
#395 = EDGE_LOOP ( 'NONE', ( #1103, #835, #1381, #1681 ) ) ;
#396 =( GEOMETRIC_REPRESENTATION_CONTEXT ( 3 ) GLOBAL_UNCERTAINTY_ASSIGNED_CONTEXT ( ( #667 ) ) GLOBAL_UNIT_ASSIGNED_CONTEXT ( ( #1809, #1527, #1626 ) ) REPRESENTATION_CONTEXT ( 'NONE', 'WORKASPACE' ) );
#397 = ORIENTED_EDGE ( 'NONE', *, *, #132, .F. ) ;
#398 = DIRECTION ( 'NONE',  ( -0.000000000000000000, 1.442803234293912154E-16, -1.000000000000000000 ) ) ;
#399 = DIRECTION ( 'NONE',  ( -0.000000000000000000, 1.442803234293912154E-16, -1.000000000000000000 ) ) ;
#400 = LINE ( 'NONE', #982, #921 ) ;
#401 = ORIENTED_EDGE ( 'NONE', *, *, #1392, .F. ) ;
#402 = EDGE_CURVE ( 'NONE', #367, #1555, #865, .T. ) ;
#403 = VERTEX_POINT ( 'NONE', #541 ) ;
#404 = DIRECTION ( 'NONE',  ( -0.000000000000000000, 1.442803234293912154E-16, -1.000000000000000000 ) ) ;
#405 = CARTESIAN_POINT ( 'NONE',  ( 0.000000000000000000, -6.938893903907229955E-15, 43.29999999999999005 ) ) ;
#406 = CARTESIAN_POINT ( 'NONE',  ( -29.18798574206345720, 9.139579103769522206, 5.157493197080716740 ) ) ;
#407 = ORIENTED_EDGE ( 'NONE', *, *, #1641, .F. ) ;
#408 = VECTOR ( 'NONE', #1260, 1000.000000000000114 ) ;
#409 = ORIENTED_EDGE ( 'NONE', *, *, #743, .T. ) ;
#410 = CARTESIAN_POINT ( 'NONE',  ( 0.000000000000000000, 0.000000000000000000, 0.000000000000000000 ) ) ;
#411 = ADVANCED_FACE ( 'NONE', ( #255 ), #1699, .F. ) ;
#412 = DIRECTION ( 'NONE',  ( 0.000000000000000000, 1.442803234293912154E-16, -1.000000000000000000 ) ) ;
#413 = VERTEX_POINT ( 'NONE', #384 ) ;
#414 = VECTOR ( 'NONE', #507, 1000.000000000000000 ) ;
#415 = ORIENTED_EDGE ( 'NONE', *, *, #579, .T. ) ;
#416 = DIRECTION ( 'NONE',  ( 0.000000000000000000, 1.442803234293912154E-16, -1.000000000000000000 ) ) ;
#417 = CARTESIAN_POINT ( 'NONE',  ( 0.000000000000000000, -4.967406753116552171E-16, 3.442885790000000501 ) ) ;
#418 = VECTOR ( 'NONE', #1318, 1000.000000000000114 ) ;
#419 = B_SPLINE_CURVE_WITH_KNOTS ( 'NONE', 3,
 ( #1753, #174, #1028, #738 ),
 .UNSPECIFIED., .F., .F.,
 ( 4, 4 ),
 ( 0.000000000000000000, 0.002053251952071863482 ),
 .UNSPECIFIED. ) ;
#420 = VERTEX_POINT ( 'NONE', #686 ) ;
#421 = CYLINDRICAL_SURFACE ( 'NONE', #154, 35.00000000000000000 ) ;
#422 = AXIS2_PLACEMENT_3D ( 'NONE', #1192, #1363, #1516 ) ;
#423 = ADVANCED_FACE ( 'NONE', ( #574 ), #993, .T. ) ;
#424 = SPHERICAL_SURFACE ( 'NONE', #746, 30.50000000000001066 ) ;
#425 = ORIENTED_EDGE ( 'NONE', *, *, #1240, .T. ) ;
#426 = CARTESIAN_POINT ( 'NONE',  ( 0.000000000000000000, -4.967406753116552171E-16, 3.442885790000000501 ) ) ;
#427 = ADVANCED_FACE ( 'NONE', ( #966 ), #1732, .T. ) ;
#428 = DIRECTION ( 'NONE',  ( 0.000000000000000000, 0.7071067811865473507, 0.7071067811865477948 ) ) ;
#429 = UNCERTAINTY_MEASURE_WITH_UNIT (LENGTH_MEASURE( 1.000000000000000082E-05 ), #290, 'distance_accuracy_value', 'NONE');
#430 = APPLICATION_CONTEXT ( 'automotive_design' ) ;
#431 = CARTESIAN_POINT ( 'NONE',  ( 30.38393829179824124, 2.658250153803687343, 2.242885790000000767 ) ) ;
#432 = ORIENTED_EDGE ( 'NONE', *, *, #1168, .T. ) ;
#433 = CONICAL_SURFACE ( 'NONE', #511, 31.70000000000001350, 0.7853988286276539776 ) ;
#434 = CARTESIAN_POINT ( 'NONE',  ( 0.000000000000000000, 35.00000000000000000, 5.813358843041649324E-15 ) ) ;
#435 = CARTESIAN_POINT ( 'NONE',  ( 29.49540526411094987, -9.040496229539478179, -5.899033948551661840E-16 ) ) ;
#436 = ORIENTED_EDGE ( 'NONE', *, *, #402, .T. ) ;
#437 = CARTESIAN_POINT ( 'NONE',  ( -31.57937192950837613, 2.762837045100439592, 4.042885789999998813 ) ) ;
#438 = ADVANCED_FACE ( 'NONE', ( #843 ), #421, .T. ) ;
#439 = DIRECTION ( 'NONE',  ( -0.000000000000000000, 1.442803234293912154E-16, -1.000000000000000000 ) ) ;
#440 = EDGE_CURVE ( 'NONE', #1879, #568, #1866, .T. ) ;
#441 = EDGE_CURVE ( 'NONE', #490, #1728, #1292, .T. ) ;
#442 = DIRECTION ( 'NONE',  ( 1.000000000000000000, 3.491481338843133355E-15, 0.000000000000000000 ) ) ;
#443 = CARTESIAN_POINT ( 'NONE',  ( 9.038660741759560580, 29.53286253328561273, 4.857824611754025135 ) ) ;
#444 = ORIENTED_EDGE ( 'NONE', *, *, #1607, .T. ) ;
#445 = DIRECTION ( 'NONE',  ( 0.000000000000000000, 0.000000000000000000, 1.000000000000000000 ) ) ;
#446 = VECTOR ( 'NONE', #399, 1000.000000000000000 ) ;
#447 = CARTESIAN_POINT ( 'NONE',  ( 0.000000000000000000, 31.69999999999999929, 43.30000000000000426 ) ) ;
#448 = CARTESIAN_POINT ( 'NONE',  ( 2.167840844328769112, 30.42286091204541520, 2.242885790000004764 ) ) ;
#449 = EDGE_CURVE ( 'NONE', #524, #1073, #1877, .T. ) ;
#450 = VECTOR ( 'NONE', #1343, 999.9999999999998863 ) ;
#451 = DIRECTION ( 'NONE',  ( 0.000000000000000000, 1.442803234293912154E-16, -1.000000000000000000 ) ) ;
#452 = AXIS2_PLACEMENT_3D ( 'NONE', #307, #590, #1621 ) ;
#453 = DIRECTION ( 'NONE',  ( 0.000000000000000000, -1.000000000000000000, -2.275047181608926658E-16 ) ) ;
#454 = DIRECTION ( 'NONE',  ( 0.000000000000000000, -1.000000000000000000, -1.442803234293912154E-16 ) ) ;
#455 = DIRECTION ( 'NONE',  ( 0.000000000000000000, 1.000000000000000000, 2.275047181608926658E-16 ) ) ;
#456 = ADVANCED_FACE ( 'NONE', ( #953 ), #1543, .F. ) ;
#457 = CIRCLE ( 'NONE', #477, 30.50000000000001421 ) ;
#458 = PRODUCT_CONTEXT ( 'NONE', #430, 'mechanical' ) ;
#459 = CIRCLE ( 'NONE', #1639, 30.50000000000001421 ) ;
#460 = DIRECTION ( 'NONE',  ( 0.2923717047227268884, 0.9563047559630385441, 1.379759594874122979E-16 ) ) ;
#461 = CARTESIAN_POINT ( 'NONE',  ( 0.000000000000000000, -30.50000000000001421, -3.686087539491452493E-15 ) ) ;
#462 = VERTEX_POINT ( 'NONE', #610 ) ;
#463 = CARTESIAN_POINT ( 'NONE',  ( 9.268183039710775617, 30.31486076402823215, 4.042885790000003254 ) ) ;
#464 = EDGE_CURVE ( 'NONE', #1199, #420, #992, .T. ) ;
#465 = DIRECTION ( 'NONE',  ( 0.7660444431189774583, -0.6427876096865400291, -9.274160422197927493E-17 ) ) ;
#466 = EDGE_CURVE ( 'NONE', #72, #108, #1706, .T. ) ;
#467 = DIRECTION ( 'NONE',  ( 0.000000000000000000, 1.442803234293912154E-16, -1.000000000000000000 ) ) ;
#468 = CARTESIAN_POINT ( 'NONE',  ( 31.57937192950835481, -2.762837045100661193, 3.442885790000000057 ) ) ;
#469 = VECTOR ( 'NONE', #1164, 999.9999999999998863 ) ;
#470 = LINE ( 'NONE', #208, #414 ) ;
#471 = DIRECTION ( 'NONE',  ( -0.000000000000000000, 1.442803234293912154E-16, -1.000000000000000000 ) ) ;
#472 = ORIENTED_EDGE ( 'NONE', *, *, #1065, .T. ) ;
#473 = PLANE ( 'NONE',  #145 ) ;
#474 = CARTESIAN_POINT ( 'NONE',  ( -31.70000000000001350, -3.325366159992938047E-13, 3.442885790000000501 ) ) ;
#475 = VERTEX_POINT ( 'NONE', #20 ) ;
#476 = CARTESIAN_POINT ( 'NONE',  ( -2.203379218825961772, -30.92159633683304421, -3.746915595326368083E-15 ) ) ;
#477 = AXIS2_PLACEMENT_3D ( 'NONE', #1647, #614, #1059 ) ;
#478 = AXIS2_PLACEMENT_3D ( 'NONE', #1442, #228, #1851 ) ;
#479 = DIRECTION ( 'NONE',  ( 0.000000000000000000, 1.442803234293912401E-16, -1.000000000000000000 ) ) ;
#480 = ORIENTED_EDGE ( 'NONE', *, *, #1599, .F. ) ;
#481 = LINE ( 'NONE', #1795, #1764 ) ;
#482 = EDGE_CURVE ( 'NONE', #1744, #1386, #1183, .T. ) ;
#483 = DIRECTION ( 'NONE',  ( 0.000000000000000000, 1.442803234293912154E-16, -1.000000000000000000 ) ) ;
#484 = ADVANCED_FACE ( 'NONE', ( #747 ), #40, .F. ) ;
#485 = EDGE_LOOP ( 'NONE', ( #1435, #1600, #684, #506, #1407, #68, #1452, #1305 ) ) ;
#486 = ORIENTED_EDGE ( 'NONE', *, *, #1074, .T. ) ;
#487 = DIRECTION ( 'NONE',  ( 0.000000000000000000, 1.442803234293912401E-16, -1.000000000000000000 ) ) ;
#488 = CIRCLE ( 'NONE', #1064, 31.70000000000001350 ) ;
#489 = CYLINDRICAL_SURFACE ( 'NONE', #1180, 31.70000000000001350 ) ;
#490 = VERTEX_POINT ( 'NONE', #1 ) ;
#491 = PLANE ( 'NONE',  #1518 ) ;
#492 = EDGE_LOOP ( 'NONE', ( #1403, #1836, #1841, #1091, #1271, #697, #796, #1581 ) ) ;
#493 = CARTESIAN_POINT ( 'NONE',  ( 0.000000000000000000, -9.600082711450312947E-32, 6.653771271970055286E-16 ) ) ;
#494 = CARTESIAN_POINT ( 'NONE',  ( 29.40743449888499583, -9.040496229538897310, 4.977205051751739440 ) ) ;
#495 = ORIENTED_EDGE ( 'NONE', *, *, #880, .T. ) ;
#496 = AXIS2_PLACEMENT_3D ( 'NONE', #1334, #497, #321 ) ;
#497 = DIRECTION ( 'NONE',  ( 0.08715574274765475193, 0.9961946980917458783, 1.437312932393218796E-16 ) ) ;
#498 = B_SPLINE_CURVE_WITH_KNOTS ( 'NONE', 3,
 ( #1682, #801, #73, #656 ),
 .UNSPECIFIED., .F., .F.,
 ( 4, 4 ),
 ( 0.000000000000000000, 0.002053251952071849604 ),
 .UNSPECIFIED. ) ;
#499 = DIRECTION ( 'NONE',  ( 0.000000000000000000, 1.442803234293912154E-16, -1.000000000000000000 ) ) ;
#500 = ORIENTED_EDGE ( 'NONE', *, *, #645, .T. ) ;
#501 = CIRCLE ( 'NONE', #422, 34.99999999999999289 ) ;
#502 = DIRECTION ( 'NONE',  ( -0.9961946980917455452, 0.08715574274765820750, 1.257485875236094564E-17 ) ) ;
#503 = ORIENTED_EDGE ( 'NONE', *, *, #1767, .T. ) ;
#504 = DIRECTION ( 'NONE',  ( 0.000000000000000000, 1.442803234293912401E-16, -1.000000000000000000 ) ) ;
#505 = CARTESIAN_POINT ( 'NONE',  ( 31.57937192950835481, -2.762837045100660749, -3.986230224498256903E-16 ) ) ;
#506 = ORIENTED_EDGE ( 'NONE', *, *, #1157, .T. ) ;
#507 = DIRECTION ( 'NONE',  ( -0.000000000000000000, 1.442803234293912154E-16, -1.000000000000000000 ) ) ;
#508 = EDGE_CURVE ( 'NONE', #1082, #559, #7, .T. ) ;
#509 = CARTESIAN_POINT ( 'NONE',  ( 30.92159633683305486, -2.203379218825854746, -3.179042663297936944E-16 ) ) ;
#510 = ORIENTED_EDGE ( 'NONE', *, *, #1876, .F. ) ;
#511 = AXIS2_PLACEMENT_3D ( 'NONE', #811, #1595, #282 ) ;
#512 = ORIENTED_EDGE ( 'NONE', *, *, #1011, .T. ) ;
#513 = DIRECTION ( 'NONE',  ( -0.000000000000000000, 1.442803234293912154E-16, -1.000000000000000000 ) ) ;
#514 = DIRECTION ( 'NONE',  ( 0.06162841671621948486, 0.7044160264027586882, -0.7071067811865475727 ) ) ;
#515 = EDGE_LOOP ( 'NONE', ( #266, #204, #1252, #1246 ) ) ;
#516 = DIRECTION ( 'NONE',  ( -1.000000000000000000, -3.491481338843133355E-15, -5.176899690512889973E-31 ) ) ;
#517 = ORIENTED_EDGE ( 'NONE', *, *, #1607, .F. ) ;
#518 = DIRECTION ( 'NONE',  ( 0.000000000000000000, 1.442803234293912154E-16, -1.000000000000000000 ) ) ;
#519 = CARTESIAN_POINT ( 'NONE',  ( -30.42286091204543652, 2.167840844328450256, 3.127767781631533706E-16 ) ) ;
#520 = VERTEX_POINT ( 'NONE', #1761 ) ;
#521 = EDGE_LOOP ( 'NONE', ( #35, #920, #979, #1291, #631 ) ) ;
#522 = LINE ( 'NONE', #474, #161 ) ;
#523 = CARTESIAN_POINT ( 'NONE',  ( 0.000000000000000000, -4.967406753116552171E-16, 3.442885790000000501 ) ) ;
#524 = VERTEX_POINT ( 'NONE', #1031 ) ;
#525 = DIRECTION ( 'NONE',  ( 0.000000000000000000, 1.000000000000000000, 1.442803234293909196E-16 ) ) ;
#526 = ADVANCED_FACE ( 'NONE', ( #877 ), #1665, .T. ) ;
#527 = CARTESIAN_POINT ( 'NONE',  ( -30.87801846545924178, 2.701476567871511580, 3.897699129494236590E-16 ) ) ;
#528 = ORIENTED_EDGE ( 'NONE', *, *, #1326, .T. ) ;
#529 = DIRECTION ( 'NONE',  ( 0.000000000000000000, 1.000000000000000000, 1.421904488505578915E-16 ) ) ;
#530 = DIRECTION ( 'NONE',  ( 1.000000000000000000, 0.000000000000000000, -0.000000000000000000 ) ) ;
#531 = CYLINDRICAL_SURFACE ( 'NONE', #1032, 35.00000000000000000 ) ;
#532 = VERTEX_POINT ( 'NONE', #1171 ) ;
#533 = ORIENTED_EDGE ( 'NONE', *, *, #1440, .F. ) ;
#534 = DIRECTION ( 'NONE',  ( 0.000000000000000000, -1.442803234293912154E-16, 1.000000000000000000 ) ) ;
#535 = CIRCLE ( 'NONE', #894, 0.5000000000000004441 ) ;
#536 = LINE ( 'NONE', #1845, #129 ) ;
#537 = CYLINDRICAL_SURFACE ( 'NONE', #1752, 0.5000000000000004441 ) ;
#538 = ORIENTED_EDGE ( 'NONE', *, *, #1135, .F. ) ;
#539 = ADVANCED_FACE ( 'NONE', ( #872 ), #888, .F. ) ;
#540 = EDGE_LOOP ( 'NONE', ( #696, #1079, #54, #254 ) ) ;
#541 = CARTESIAN_POINT ( 'NONE',  ( 2.762837045100770883, 31.57937192950834770, 4.556281995686501854E-15 ) ) ;
#542 = DIRECTION ( 'NONE',  ( 0.000000000000000000, -1.000000000000000000, -1.442803234293909196E-16 ) ) ;
#543 = VECTOR ( 'NONE', #1655, 1000.000000000000000 ) ;
#544 = CARTESIAN_POINT ( 'NONE',  ( -2.649777615227434602, -30.66668551348110583, 2.523747280267928161 ) ) ;
#545 = CIRCLE ( 'NONE', #197, 0.5000000000000004441 ) ;
#546 = ORIENTED_EDGE ( 'NONE', *, *, #761, .T. ) ;
#547 = ORIENTED_EDGE ( 'NONE', *, *, #575, .F. ) ;
#548 = DIRECTION ( 'NONE',  ( -1.257485875236096721E-17, -5.490301900694287086E-19, 1.000000000000000000 ) ) ;
#549 = B_SPLINE_CURVE_WITH_KNOTS ( 'NONE', 3,
 ( #846, #1828, #1584, #1125, #374, #544, #1085, #1840 ),
 .UNSPECIFIED., .F., .F.,
 ( 4, 2, 2, 4 ),
 ( 3.525495620972410419E-05, 0.0002619460314766792705, 0.0004886371067436344300, 0.0009420192572775386774 ),
 .UNSPECIFIED. ) ;
#550 = DIRECTION ( 'NONE',  ( 0.000000000000000000, -1.442803234293912154E-16, 1.000000000000000000 ) ) ;
#551 = CARTESIAN_POINT ( 'NONE',  ( -30.87801846545924178, 2.701476567871511136, 2.738853269657735456 ) ) ;
#552 = EDGE_LOOP ( 'NONE', ( #342, #1428, #1220, #444, #1731, #528, #999, #190, #1848, #1741, #500, #1530, #1568, #227, #874, #1830, #1134, #1796, #1650 ) ) ;
#553 = CIRCLE ( 'NONE', #905, 30.50000000000001421 ) ;
#554 = ORIENTED_EDGE ( 'NONE', *, *, #1139, .F. ) ;
#555 = CARTESIAN_POINT ( 'NONE',  ( -9.268183039710775617, -30.31486076402823215, 4.042885789999994373 ) ) ;
#556 = LINE ( 'NONE', #1724, #886 ) ;
#557 = FACE_OUTER_BOUND ( 'NONE', #128, .T. ) ;
#558 = VERTEX_POINT ( 'NONE', #159 ) ;
#559 = VERTEX_POINT ( 'NONE', #301 ) ;
#560 = DIRECTION ( 'NONE',  ( 0.000000000000000000, 1.000000000000000000, 1.421904488505578915E-16 ) ) ;
#561 = CARTESIAN_POINT ( 'NONE',  ( 1.587310519706609746, -31.66023444818483057, 4.042885789999994373 ) ) ;
#562 = EDGE_CURVE ( 'NONE', #258, #325, #545, .T. ) ;
#563 = CIRCLE ( 'NONE', #1408, 30.50000000000001421 ) ;
#564 = VERTEX_POINT ( 'NONE', #434 ) ;
#565 = CARTESIAN_POINT ( 'NONE',  ( 0.000000000000000000, -7.564452574845592915E-16, 5.242885790000000767 ) ) ;
#566 = CARTESIAN_POINT ( 'NONE',  ( -29.64159111647238731, 9.062343851557754348, 4.746918310342247871 ) ) ;
#567 = ADVANCED_FACE ( 'NONE', ( #1749, #1625 ), #165, .F. ) ;
#568 = VERTEX_POINT ( 'NONE', #1482 ) ;
#569 = CARTESIAN_POINT ( 'NONE',  ( 29.59415851521799823, -9.047842250053120594, 4.796518190462636611 ) ) ;
#570 = CARTESIAN_POINT ( 'NONE',  ( 0.000000000000000000, -5.833088693692896456E-16, 4.042885789999998813 ) ) ;
#571 = CARTESIAN_POINT ( 'NONE',  ( -29.04426779038725215, 9.310579741977683454, 5.242885789999996327 ) ) ;
#572 = CIRCLE ( 'NONE', #187, 30.50000000000001421 ) ;
#573 = ORIENTED_EDGE ( 'NONE', *, *, #776, .T. ) ;
#574 = FACE_OUTER_BOUND ( 'NONE', #1585, .T. ) ;
#575 = EDGE_CURVE ( 'NONE', #709, #1082, #1322, .T. ) ;
#576 = CARTESIAN_POINT ( 'NONE',  ( -9.386617258095395044, -29.01967292114138885, -4.186967794877425882E-15 ) ) ;
#577 = ORIENTED_EDGE ( 'NONE', *, *, #1501, .F. ) ;
#578 = PLANE ( 'NONE',  #126 ) ;
#579 = EDGE_CURVE ( 'NONE', #990, #848, #1892, .T. ) ;
#580 = EDGE_CURVE ( 'NONE', #340, #1212, #17, .T. ) ;
#581 = DIRECTION ( 'NONE',  ( -0.000000000000000000, 1.442803234293912154E-16, -1.000000000000000000 ) ) ;
#582 = AXIS2_PLACEMENT_3D ( 'NONE', #1462, #445, #765 ) ;
#583 = CARTESIAN_POINT ( 'NONE',  ( -2.762837045100770883, -31.57937192950834770, 4.042885789999994373 ) ) ;
#584 = DIRECTION ( 'NONE',  ( 0.000000000000000000, -1.000000000000000000, -1.504886296194390346E-16 ) ) ;
#585 = ORIENTED_EDGE ( 'NONE', *, *, #1178, .F. ) ;
#586 = VECTOR ( 'NONE', #428, 1000.000000000000000 ) ;
#587 = DIRECTION ( 'NONE',  ( 0.000000000000000000, 1.442803234293912154E-16, -1.000000000000000000 ) ) ;
#588 = EDGE_CURVE ( 'NONE', #1249, #1082, #1870, .T. ) ;
#589 = DIRECTION ( 'NONE',  ( -1.000000000000000000, -0.000000000000000000, 0.000000000000000000 ) ) ;
#590 = DIRECTION ( 'NONE',  ( -0.000000000000000000, 1.442803234293912154E-16, -1.000000000000000000 ) ) ;
#591 = VECTOR ( 'NONE', #1632, 1000.000000000000000 ) ;
#592 = DIRECTION ( 'NONE',  ( 0.000000000000000000, -1.442803234293912154E-16, 1.000000000000000000 ) ) ;
#593 = ORIENTED_EDGE ( 'NONE', *, *, #776, .F. ) ;
#594 = CIRCLE ( 'NONE', #994, 0.5000000000000004441 ) ;
#595 = LINE ( 'NONE', #169, #1002 ) ;
#596 = ADVANCED_FACE ( 'NONE', ( #772 ), #97, .F. ) ;
#597 = CARTESIAN_POINT ( 'NONE',  ( 2.691718312359856924, 30.76648109457359581, 2.626889844135330776 ) ) ;
#598 = ADVANCED_FACE ( 'NONE', ( #1345 ), #625, .F. ) ;
#599 = CARTESIAN_POINT ( 'NONE',  ( 9.103215304414636222, 29.24506949031070491, 5.113797969554465084 ) ) ;
#600 = MECHANICAL_DESIGN_GEOMETRIC_PRESENTATION_REPRESENTATION (  '', ( #316 ), #396 ) ;
#601 = CARTESIAN_POINT ( 'NONE',  ( 2.299031132645383835, -30.81203885079169424, 4.847722283478744565 ) ) ;
#602 = EDGE_CURVE ( 'NONE', #106, #520, #837, .T. ) ;
#603 = DIRECTION ( 'NONE',  ( 0.000000000000000000, 1.000000000000000000, 1.641694141302971421E-16 ) ) ;
#604 = FACE_OUTER_BOUND ( 'NONE', #730, .T. ) ;
#605 = EDGE_CURVE ( 'NONE', #108, #72, #987, .T. ) ;
#606 = CARTESIAN_POINT ( 'NONE',  ( -30.31486076402832808, 9.268183039710457649, 4.042885790000000590 ) ) ;
#607 = CARTESIAN_POINT ( 'NONE',  ( 29.64159111647231626, -9.062343851557960406, 4.042885789999997037 ) ) ;
#608 = AXIS2_PLACEMENT_3D ( 'NONE', #1230, #1366, #31 ) ;
#609 = EDGE_CURVE ( 'NONE', #1207, #1086, #364, .T. ) ;
#610 = CARTESIAN_POINT ( 'NONE',  ( -30.42286091204543652, 2.167840844328449812, 2.242885790000000767 ) ) ;
#611 = PRESENTATION_STYLE_ASSIGNMENT (( #166 ) ) ;
#612 = DIRECTION ( 'NONE',  ( 0.000000000000000000, 1.000000000000000000, 1.368078451085810011E-16 ) ) ;
#613 = CARTESIAN_POINT ( 'NONE',  ( -31.66023444818481636, -1.587310519706933931, 3.442885790000000057 ) ) ;
#614 = DIRECTION ( 'NONE',  ( -0.000000000000000000, 1.442803234293912154E-16, -1.000000000000000000 ) ) ;
#615 = CARTESIAN_POINT ( 'NONE',  ( 0.000000000000000000, -5.833088693692896456E-16, 4.042885789999998813 ) ) ;
#616 = ORIENTED_EDGE ( 'NONE', *, *, #88, .T. ) ;
#617 = ADVANCED_FACE ( 'NONE', ( #176 ), #1101, .T. ) ;
#618 = AXIS2_PLACEMENT_3D ( 'NONE', #257, #1406, #1815 ) ;
#619 = CARTESIAN_POINT ( 'NONE',  ( -31.66023444818481636, -1.587310519706933487, -2.290176751661913942E-16 ) ) ;
#620 = EDGE_CURVE ( 'NONE', #1704, #970, #522, .T. ) ;
#621 = CARTESIAN_POINT ( 'NONE',  ( 0.000000000000000000, -7.564452574845594887E-16, 5.242885790000000767 ) ) ;
#622 = ORIENTED_EDGE ( 'NONE', *, *, #1411, .T. ) ;
#623 = DIRECTION ( 'NONE',  ( 0.000000000000000000, 1.442803234293912154E-16, -1.000000000000000000 ) ) ;
#624 = AXIS2_PLACEMENT_3D ( 'NONE', #621, #479, #777 ) ;
#625 = CONICAL_SURFACE ( 'NONE', #741, 31.70000000000001350, 0.7853981633974481680 ) ;
#626 = ORIENTED_EDGE ( 'NONE', *, *, #1617, .F. ) ;
#627 = CARTESIAN_POINT ( 'NONE',  ( 0.000000000000000000, -6.247338004492638418E-15, 43.29999999999999005 ) ) ;
#628 = CIRCLE ( 'NONE', #732, 35.00000000000000000 ) ;
#629 = VECTOR ( 'NONE', #548, 1000.000000000000000 ) ;
#630 = CARTESIAN_POINT ( 'NONE',  ( 29.49540526411569985, -9.040496229531528982, 4.893096426527890230 ) ) ;
#631 = ORIENTED_EDGE ( 'NONE', *, *, #259, .T. ) ;
#632 = CARTESIAN_POINT ( 'NONE',  ( -29.49540526411101382, 9.540496229539272122, 2.090968206779795298E-15 ) ) ;
#633 = ORIENTED_EDGE ( 'NONE', *, *, #1616, .T. ) ;
#634 = EDGE_CURVE ( 'NONE', #524, #106, #488, .T. ) ;
#635 = DIRECTION ( 'NONE',  ( -0.000000000000000000, 1.442803234293912154E-16, -1.000000000000000000 ) ) ;
#636 = ORIENTED_EDGE ( 'NONE', *, *, #1767, .F. ) ;
#637 = ORIENTED_EDGE ( 'NONE', *, *, #1616, .F. ) ;
#638 = EDGE_LOOP ( 'NONE', ( #30, #616, #770, #937 ) ) ;
#639 = CARTESIAN_POINT ( 'NONE',  ( -9.268183039710775617, -30.31486076402823215, -4.373837915750955027E-15 ) ) ;
#640 = VERTEX_POINT ( 'NONE', #377 ) ;
#641 = CARTESIAN_POINT ( 'NONE',  ( -31.66023444818481636, -1.587310519706933265, -2.290176751661913942E-16 ) ) ;
#642 = ORIENTED_EDGE ( 'NONE', *, *, #482, .F. ) ;
#643 = CARTESIAN_POINT ( 'NONE',  ( 0.000000000000000000, -7.564452574845594887E-16, 5.242885790000000767 ) ) ;
#644 = LINE ( 'NONE', #964, #1458 ) ;
#645 = EDGE_CURVE ( 'NONE', #413, #860, #253, .T. ) ;
#646 = ORIENTED_EDGE ( 'NONE', *, *, #42, .F. ) ;
#647 = ORIENTED_EDGE ( 'NONE', *, *, #1034, .T. ) ;
#648 = CYLINDRICAL_SURFACE ( 'NONE', #1150, 0.5000000000000000000 ) ;
#649 = ORIENTED_EDGE ( 'NONE', *, *, #1371, .F. ) ;
#650 = VECTOR ( 'NONE', #202, 1000.000000000000000 ) ;
#651 = VERTEX_POINT ( 'NONE', #1198 ) ;
#652 = CARTESIAN_POINT ( 'NONE',  ( 0.000000000000000000, -4.967406753116552171E-16, 3.442885790000000501 ) ) ;
#653 = CIRCLE ( 'NONE', #1076, 0.5000000000000004441 ) ;
#654 = LINE ( 'NONE', #352, #757 ) ;
#655 = VERTEX_POINT ( 'NONE', #959 ) ;
#656 = CARTESIAN_POINT ( 'NONE',  ( 30.38393829179824124, 2.658250153803687343, 2.242885790000000767 ) ) ;
#657 = CARTESIAN_POINT ( 'NONE',  ( -2.658250153803581650, 30.38393829179825190, 5.242885790000004320 ) ) ;
#658 = ORIENTED_EDGE ( 'NONE', *, *, #924, .F. ) ;
#659 = ADVANCED_FACE ( 'NONE', ( #1549 ), #1798, .F. ) ;
#660 = CARTESIAN_POINT ( 'NONE',  ( 9.540496229539579431, 29.49540526411091435, 4.970068936291872651E-15 ) ) ;
#661 = B_SPLINE_CURVE_WITH_KNOTS ( 'NONE', 3,
 ( #839, #1017, #1457, #1263, #695, #1275, #1860, #551 ),
 .UNSPECIFIED., .F., .F.,
 ( 4, 2, 2, 4 ),
 ( 0.000000000000000000, 0.0002355048143193838020, 0.0004710096286387676040, 0.0009420192572775401953 ),
 .UNSPECIFIED. ) ;
#662 = DIRECTION ( 'NONE',  ( 0.000000000000000000, 1.000000000000000000, 1.504886296194390346E-16 ) ) ;
#663 = ORIENTED_EDGE ( 'NONE', *, *, #109, .F. ) ;
#664 = EDGE_CURVE ( 'NONE', #490, #790, #1780, .T. ) ;
#665 = ORIENTED_EDGE ( 'NONE', *, *, #620, .F. ) ;
#666 = DIRECTION ( 'NONE',  ( 0.000000000000000000, -1.000000000000000000, -1.368078451085809518E-16 ) ) ;
#667 = UNCERTAINTY_MEASURE_WITH_UNIT (LENGTH_MEASURE( 1.000000000000000082E-05 ), #1809, 'distance_accuracy_value', 'NONE');
#668 = CIRCLE ( 'NONE', #1620, 30.50000000000001421 ) ;
#669 = DIRECTION ( 'NONE',  ( 0.9961946980917464334, -0.08715574274764777141, 0.000000000000000000 ) ) ;
#670 = EDGE_LOOP ( 'NONE', ( #1441, #1816, #1862, #1370, #793 ) ) ;
#671 = CARTESIAN_POINT ( 'NONE',  ( 0.000000000000000000, -4.967406753116552171E-16, 3.442885790000000501 ) ) ;
#672 = FACE_OUTER_BOUND ( 'NONE', #1265, .T. ) ;
#673 = ORIENTED_EDGE ( 'NONE', *, *, #1307, .F. ) ;
#674 = CARTESIAN_POINT ( 'NONE',  ( 0.000000000000000000, -1.101648835740199164E-31, 7.635475230129567097E-16 ) ) ;
#675 = CARTESIAN_POINT ( 'NONE',  ( 29.01967292114141728, -9.386617258095292016, -6.889270467088884488E-16 ) ) ;
#676 = FACE_OUTER_BOUND ( 'NONE', #332, .T. ) ;
#677 = ORIENTED_EDGE ( 'NONE', *, *, #94, .T. ) ;
#678 = ORIENTED_EDGE ( 'NONE', *, *, #1307, .T. ) ;
#679 = DIRECTION ( 'NONE',  ( 0.000000000000000000, 1.442803234293912154E-16, -1.000000000000000000 ) ) ;
#680 = CONICAL_SURFACE ( 'NONE', #1662, 31.69999999999999929, 0.7853981633974426169 ) ;
#681 = EDGE_CURVE ( 'NONE', #1555, #1346, #1844, .T. ) ;
#682 = CARTESIAN_POINT ( 'NONE',  ( 0.000000000000000000, 0.000000000000000000, 0.000000000000000000 ) ) ;
#683 = CARTESIAN_POINT ( 'NONE',  ( 29.14124083696296807, -9.182851346503051460, 5.189100968033349304 ) ) ;
#684 = ORIENTED_EDGE ( 'NONE', *, *, #1802, .T. ) ;
#685 = VERTEX_POINT ( 'NONE', #1565 ) ;
#686 = CARTESIAN_POINT ( 'NONE',  ( 2.701476567871834877, 30.87801846545921336, 2.738853269657739897 ) ) ;
#687 = CARTESIAN_POINT ( 'NONE',  ( -9.386617258095391492, -29.01967292114138175, -3.521590667680418776E-15 ) ) ;
#688 = AXIS2_PLACEMENT_3D ( 'NONE', #1571, #1839, #78 ) ;
#689 = LINE ( 'NONE', #66, #1715 ) ;
#690 = ORIENTED_EDGE ( 'NONE', *, *, #1664, .F. ) ;
#691 = ORIENTED_EDGE ( 'NONE', *, *, #1499, .F. ) ;
#692 = DIRECTION ( 'NONE',  ( -0.000000000000000000, 1.442803234293912154E-16, -1.000000000000000000 ) ) ;
#693 = CIRCLE ( 'NONE', #1438, 0.5000000000000004441 ) ;
#694 = LINE ( 'NONE', #1859, #1561 ) ;
#695 = CARTESIAN_POINT ( 'NONE',  ( -30.52496207247178717, 2.514215278065257575, 2.371189081616468908 ) ) ;
#696 = ORIENTED_EDGE ( 'NONE', *, *, #1587, .F. ) ;
#697 = ORIENTED_EDGE ( 'NONE', *, *, #891, .T. ) ;
#698 = DIRECTION ( 'NONE',  ( -0.000000000000000000, 1.442803234293912154E-16, -1.000000000000000000 ) ) ;
#699 = CARTESIAN_POINT ( 'NONE',  ( 31.66023444818482346, 1.587310519706744305, 4.042885789999998813 ) ) ;
#700 = CIRCLE ( 'NONE', #1025, 31.70000000000001350 ) ;
#701 = LINE ( 'NONE', #519, #1746 ) ;
#702 = VECTOR ( 'NONE', #1018, 1000.000000000000000 ) ;
#703 = VERTEX_POINT ( 'NONE', #249 ) ;
#704 = EDGE_CURVE ( 'NONE', #403, #1883, #1727, .T. ) ;
#705 = VERTEX_POINT ( 'NONE', #1191 ) ;
#706 = LINE ( 'NONE', #986, #629 ) ;
#707 = VECTOR ( 'NONE', #514, 1000.000000000000000 ) ;
#708 = CARTESIAN_POINT ( 'NONE',  ( -31.23733867171853262, -1.942162209766221004, 4.447482623107348765 ) ) ;
#709 = VERTEX_POINT ( 'NONE', #468 ) ;
#710 = CIRCLE ( 'NONE', #49, 30.50000000000001421 ) ;
#711 = ORIENTED_EDGE ( 'NONE', *, *, #967, .F. ) ;
#712 = CARTESIAN_POINT ( 'NONE',  ( 0.000000000000000000, -7.564452574845595873E-16, 5.242885790000002544 ) ) ;
#713 = CARTESIAN_POINT ( 'NONE',  ( 0.000000000000000000, -4.967406753116552171E-16, 3.442885790000000501 ) ) ;
#714 = EDGE_LOOP ( 'NONE', ( #1751, #376, #270, #80 ) ) ;
#715 = DIRECTION ( 'NONE',  ( 0.000000000000000000, 1.000000000000000000, 1.442803234293909196E-16 ) ) ;
#716 = LINE ( 'NONE', #1881, #586 ) ;
#717 = EDGE_CURVE ( 'NONE', #970, #952, #1142, .T. ) ;
#718 = CARTESIAN_POINT ( 'NONE',  ( -29.24506949031079373, 9.103215304414334241, 5.113797969554457090 ) ) ;
#719 = ORIENTED_EDGE ( 'NONE', *, *, #891, .F. ) ;
#720 = DIRECTION ( 'NONE',  ( -0.000000000000000000, 1.442803234293912154E-16, -1.000000000000000000 ) ) ;
#721 = LINE ( 'NONE', #302, #1456 ) ;
#722 = ORIENTED_EDGE ( 'NONE', *, *, #1186, .T. ) ;
#723 = EDGE_CURVE ( 'NONE', #952, #100, #1645, .T. ) ;
#724 = DIRECTION ( 'NONE',  ( 0.9961946980917455452, -0.08715574274765820750, -1.257485875236094564E-17 ) ) ;
#725 = CARTESIAN_POINT ( 'NONE',  ( 2.658250153803581650, -30.38393829179825190, 2.242885789999995882 ) ) ;
#726 = AXIS2_PLACEMENT_3D ( 'NONE', #1750, #451, #584 ) ;
#727 = VERTEX_POINT ( 'NONE', #639 ) ;
#728 = CARTESIAN_POINT ( 'NONE',  ( 0.000000000000000000, -1.630367076110522133E-15, 11.29999598946283967 ) ) ;
#729 = CARTESIAN_POINT ( 'NONE',  ( -1.587310519706609302, 31.66023444818483057, 4.042885790000003254 ) ) ;
#730 = EDGE_LOOP ( 'NONE', ( #3, #1717, #1575, #363 ) ) ;
#731 = SPHERICAL_SURFACE ( 'NONE', #268, 30.50000000000001066 ) ;
#732 = AXIS2_PLACEMENT_3D ( 'NONE', #674, #720, #267 ) ;
#733 = CARTESIAN_POINT ( 'NONE',  ( 2.646776394877224270, 30.65863222174426639, 2.515449107417202512 ) ) ;
#734 = AXIS2_PLACEMENT_3D ( 'NONE', #85, #1374, #930 ) ;
#735 = DIRECTION ( 'NONE',  ( 0.000000000000000000, 1.000000000000000000, 1.442803234293909196E-16 ) ) ;
#736 = VERTEX_POINT ( 'NONE', #630 ) ;
#737 = AXIS2_PLACEMENT_3D ( 'NONE', #570, #1000, #1872 ) ;
#738 = CARTESIAN_POINT ( 'NONE',  ( 2.658250153803581650, -30.38393829179825190, 2.242885789999995882 ) ) ;
#739 = EDGE_CURVE ( 'NONE', #809, #1781, #563, .T. ) ;
#740 = DIRECTION ( 'NONE',  ( -0.000000000000000000, 1.442803234293912154E-16, -1.000000000000000000 ) ) ;
#741 = AXIS2_PLACEMENT_3D ( 'NONE', #652, #810, #37 ) ;
#742 = CYLINDRICAL_SURFACE ( 'NONE', #998, 0.5000000000000004441 ) ;
#743 = EDGE_CURVE ( 'NONE', #57, #1166, #1762, .T. ) ;
#744 = AXIS2_PLACEMENT_3D ( 'NONE', #1075, #1063, #1492 ) ;
#745 = DIRECTION ( 'NONE',  ( -0.000000000000000000, 1.442803234293912154E-16, -1.000000000000000000 ) ) ;
#746 = AXIS2_PLACEMENT_3D ( 'NONE', #295, #1033, #2 ) ;
#747 = FACE_OUTER_BOUND ( 'NONE', #1006, .T. ) ;
#748 = DIRECTION ( 'NONE',  ( -0.2923717047227368804, -0.9563047559630354355, 0.000000000000000000 ) ) ;
#749 = VECTOR ( 'NONE', #471, 1000.000000000000000 ) ;
#750 = APPLICATION_PROTOCOL_DEFINITION ( 'draft international standard', 'automotive_design', 1998, #430 ) ;
#751 = ADVANCED_FACE ( 'NONE', ( #1783 ), #1341, .T. ) ;
#752 = DIRECTION ( 'NONE',  ( 0.9563047559630364347, -0.2923717047227335497, 0.000000000000000000 ) ) ;
#753 = DIRECTION ( 'NONE',  ( 0.000000000000000000, 1.442803234293912401E-16, -1.000000000000000000 ) ) ;
#754 = DIRECTION ( 'NONE',  ( -1.437312932393217316E-16, -1.568551821817527080E-16, 1.000000000000000000 ) ) ;
#755 = ADVANCED_FACE ( 'NONE', ( #189 ), #925, .F. ) ;
#756 = DIRECTION ( 'NONE',  ( 0.000000000000000000, -1.000000000000000000, -1.421904488505578915E-16 ) ) ;
#757 = VECTOR ( 'NONE', #1236, 1000.000000000000000 ) ;
#758 = CARTESIAN_POINT ( 'NONE',  ( 0.000000000000000000, -4.967406753116552171E-16, 3.442885790000000501 ) ) ;
#759 = FACE_OUTER_BOUND ( 'NONE', #64, .T. ) ;
#760 = LINE ( 'NONE', #641, #1610 ) ;
#761 = EDGE_CURVE ( 'NONE', #848, #1879, #39, .T. ) ;
#762 = CARTESIAN_POINT ( 'NONE',  ( 30.65863222174428060, -2.646776394877117689, 2.515449107417199848 ) ) ;
#763 = ORIENTED_EDGE ( 'NONE', *, *, #1034, .F. ) ;
#764 = DIRECTION ( 'NONE',  ( -0.000000000000000000, 1.442803234293912154E-16, -1.000000000000000000 ) ) ;
#765 = DIRECTION ( 'NONE',  ( 1.000000000000000000, 0.000000000000000000, 0.000000000000000000 ) ) ;
#766 = AXIS2_PLACEMENT_3D ( 'NONE', #1823, #1401, #516 ) ;
#767 = EDGE_CURVE ( 'NONE', #952, #75, #1349, .T. ) ;
#768 = ADVANCED_FACE ( 'NONE', ( #1793 ), #489, .F. ) ;
#769 = DIRECTION ( 'NONE',  ( 1.000000000000000000, 1.047444401652940007E-14, 0.000000000000000000 ) ) ;
#770 = ORIENTED_EDGE ( 'NONE', *, *, #297, .T. ) ;
#771 = LINE ( 'NONE', #318, #450 ) ;
#772 = FACE_OUTER_BOUND ( 'NONE', #540, .T. ) ;
#773 = ORIENTED_EDGE ( 'NONE', *, *, #132, .T. ) ;
#774 = AXIS2_PLACEMENT_3D ( 'NONE', #1361, #1495, #1048 ) ;
#775 = CARTESIAN_POINT ( 'NONE',  ( 31.66023444818482346, 1.587310519706744305, 4.042885789999998813 ) ) ;
#776 = EDGE_CURVE ( 'NONE', #1781, #1199, #347, .T. ) ;
#777 = DIRECTION ( 'NONE',  ( -1.000000000000000000, -3.491481338843133355E-15, 0.000000000000000000 ) ) ;
#778 = VERTEX_POINT ( 'NONE', #1670 ) ;
#779 = CARTESIAN_POINT ( 'NONE',  ( 29.49540526411094987, -9.540496229539478179, -6.620435565698618534E-16 ) ) ;
#780 = ORIENTED_EDGE ( 'NONE', *, *, #466, .T. ) ;
#781 = VECTOR ( 'NONE', #754, 1000.000000000000000 ) ;
#782 = CARTESIAN_POINT ( 'NONE',  ( 0.000000000000000000, 31.70000000000001350, 11.29999598946284500 ) ) ;
#783 = ORIENTED_EDGE ( 'NONE', *, *, #1195, .T. ) ;
#784 = DIRECTION ( 'NONE',  ( 0.000000000000000000, 1.442803234293912401E-16, -1.000000000000000000 ) ) ;
#785 = AXIS2_PLACEMENT_3D ( 'NONE', #263, #1719, #1707 ) ;
#786 = EDGE_CURVE ( 'NONE', #75, #903, #1797, .T. ) ;
#787 = DIRECTION ( 'NONE',  ( 0.000000000000000000, 1.000000000000000000, 1.442803234293912154E-16 ) ) ;
#788 = EDGE_LOOP ( 'NONE', ( #1843, #1148, #409, #538 ) ) ;
#789 = DIRECTION ( 'NONE',  ( 1.000000000000000000, 1.047444401652940007E-14, 0.000000000000000000 ) ) ;
#790 = VERTEX_POINT ( 'NONE', #1528 ) ;
#791 = CARTESIAN_POINT ( 'NONE',  ( -2.762837045100770883, -31.57937192950834770, 3.442885789999995616 ) ) ;
#792 = LINE ( 'NONE', #505, #1511 ) ;
#793 = ORIENTED_EDGE ( 'NONE', *, *, #602, .T. ) ;
#794 = CARTESIAN_POINT ( 'NONE',  ( 0.000000000000000000, -5.833088693692896456E-16, 4.042885789999998813 ) ) ;
#795 = SPHERICAL_SURFACE ( 'NONE', #1113, 31.70000000000000639 ) ;
#796 = ORIENTED_EDGE ( 'NONE', *, *, #291, .F. ) ;
#797 = VERTEX_POINT ( 'NONE', #1353 ) ;
#798 = ADVANCED_FACE ( 'NONE', ( #672 ), #50, .T. ) ;
#799 = LINE ( 'NONE', #1167, #707 ) ;
#800 = ORIENTED_EDGE ( 'NONE', *, *, #1186, .F. ) ;
#801 = CARTESIAN_POINT ( 'NONE',  ( 31.23733867171854683, 1.942162209766030712, 3.038288956892657211 ) ) ;
#802 = DIRECTION ( 'NONE',  ( 0.9961946980917457672, -0.08715574274765472418, -1.257485875235994107E-17 ) ) ;
#803 = ORIENTED_EDGE ( 'NONE', *, *, #1473, .T. ) ;
#804 = CARTESIAN_POINT ( 'NONE',  ( 4.286263797015736496E-15, -35.00000000000000000, -5.049811320028692910E-15 ) ) ;
#805 = EDGE_CURVE ( 'NONE', #1086, #727, #700, .T. ) ;
#806 = DIRECTION ( 'NONE',  ( 2.692927325379131607E-34, -1.442803234293912154E-16, 1.000000000000000000 ) ) ;
#807 = ORIENTED_EDGE ( 'NONE', *, *, #1756, .T. ) ;
#808 = CIRCLE ( 'NONE', #1886, 0.5000000000000000000 ) ;
#809 = VERTEX_POINT ( 'NONE', #99 ) ;
#810 = DIRECTION ( 'NONE',  ( 0.000000000000000000, -1.442803234293912154E-16, 1.000000000000000000 ) ) ;
#811 = CARTESIAN_POINT ( 'NONE',  ( 0.000000000000000000, -1.630367076110522133E-15, 11.29999598946283967 ) ) ;
#812 = ORIENTED_EDGE ( 'NONE', *, *, #1676, .F. ) ;
#813 = CARTESIAN_POINT ( 'NONE',  ( -2.203379218825961772, -30.92159633683304421, -4.461377920431349449E-15 ) ) ;
#814 = DIRECTION ( 'NONE',  ( -0.000000000000000000, 1.442803234293912154E-16, -1.000000000000000000 ) ) ;
#815 = ORIENTED_EDGE ( 'NONE', *, *, #1477, .F. ) ;
#816 = DIRECTION ( 'NONE',  ( 0.000000000000000000, 1.000000000000000000, 1.421904488505578915E-16 ) ) ;
#817 = CARTESIAN_POINT ( 'NONE',  ( 2.762837045100770883, 31.57937192950834770, 4.042885790000004143 ) ) ;
#818 = CARTESIAN_POINT ( 'NONE',  ( 2.762837045100770883, 31.57937192950834770, 3.442885790000004942 ) ) ;
#819 = ORIENTED_EDGE ( 'NONE', *, *, #71, .T. ) ;
#820 = B_SPLINE_CURVE_WITH_KNOTS ( 'NONE', 3,
 ( #256, #1418, #844, #699 ),
 .UNSPECIFIED., .F., .F.,
 ( 4, 4 ),
 ( 2.406831145064446122E-17, 0.002053251952071825318 ),
 .UNSPECIFIED. ) ;
#821 = ORIENTED_EDGE ( 'NONE', *, *, #320, .T. ) ;
#822 = DIRECTION ( 'NONE',  ( -1.000000000000000000, -1.047444401652940007E-14, 0.000000000000000000 ) ) ;
#823 = AXIS2_PLACEMENT_3D ( 'NONE', #813, #1250, #525 ) ;
#824 = EDGE_LOOP ( 'NONE', ( #1302, #285, #195, #577 ) ) ;
#825 = DIRECTION ( 'NONE',  ( 0.000000000000000000, 1.442803234293912154E-16, -1.000000000000000000 ) ) ;
#826 = CIRCLE ( 'NONE', #1358, 30.50000000000001421 ) ;
#827 = CARTESIAN_POINT ( 'NONE',  ( 0.000000000000000000, -6.247338004492639996E-15, 43.29999999999999716 ) ) ;
#828 = ORIENTED_EDGE ( 'NONE', *, *, #109, .T. ) ;
#829 = CARTESIAN_POINT ( 'NONE',  ( 0.000000000000000000, 0.000000000000000000, 0.000000000000000000 ) ) ;
#830 = CARTESIAN_POINT ( 'NONE',  ( 0.000000000000000000, -4.967406753116552171E-16, 3.442885790000000501 ) ) ;
#831 = FACE_OUTER_BOUND ( 'NONE', #1355, .T. ) ;
#832 = EDGE_CURVE ( 'NONE', #809, #532, #1696, .T. ) ;
#833 = EDGE_LOOP ( 'NONE', ( #1234, #1217, #252, #991 ) ) ;
#834 = ADVANCED_FACE ( 'NONE', ( #1540 ), #1118, .F. ) ;
#835 = ORIENTED_EDGE ( 'NONE', *, *, #786, .T. ) ;
#836 = CARTESIAN_POINT ( 'NONE',  ( -9.386617258095391492, -29.01967292114138175, 5.242885789999998103 ) ) ;
#837 = CIRCLE ( 'NONE', #4, 31.70000000000001350 ) ;
#838 = CARTESIAN_POINT ( 'NONE',  ( 0.000000000000000000, -3.236042871963857191E-16, 2.242885790000000323 ) ) ;
#839 = CARTESIAN_POINT ( 'NONE',  ( -30.42286091204543652, 2.167840844328449812, 2.242885790000000767 ) ) ;
#840 = ORIENTED_EDGE ( 'NONE', *, *, #1335, .F. ) ;
#841 = ORIENTED_EDGE ( 'NONE', *, *, #1195, .F. ) ;
#842 = PRODUCT ( '01 - FSB - 1002 - Lens', '01 - FSB - 1002 - Lens', '', ( #458 ) ) ;
#843 = FACE_OUTER_BOUND ( 'NONE', #1564, .T. ) ;
#844 = CARTESIAN_POINT ( 'NONE',  ( 31.23733867171855394, 1.942162209766022940, 4.447482623107332778 ) ) ;
#845 = CIRCLE ( 'NONE', #164, 31.70000000000001350 ) ;
#846 = CARTESIAN_POINT ( 'NONE',  ( -2.203379218825992414, -30.42159633683283460, 2.244171068872329755 ) ) ;
#847 = VERTEX_POINT ( 'NONE', #215 ) ;
#848 = VERTEX_POINT ( 'NONE', #1106 ) ;
#849 = PRODUCT_RELATED_PRODUCT_CATEGORY ( 'part', '', ( #842 ) ) ;
#850 = DIRECTION ( 'NONE',  ( -0.000000000000000000, 1.442803234293912401E-16, -1.000000000000000000 ) ) ;
#851 = DIRECTION ( 'NONE',  ( -1.224646799147353454E-16, 1.000000000000000000, 0.000000000000000000 ) ) ;
#852 = CARTESIAN_POINT ( 'NONE',  ( 3.735172737399429118E-15, -30.50000000000001421, 5.242885789999996327 ) ) ;
#853 = AXIS2_PLACEMENT_3D ( 'NONE', #306, #1479, #1486 ) ;
#854 = ORIENTED_EDGE ( 'NONE', *, *, #1842, .F. ) ;
#855 = ORIENTED_EDGE ( 'NONE', *, *, #13, .T. ) ;
#856 = CARTESIAN_POINT ( 'NONE',  ( -9.062343851558061658, -29.64159111647228784, 4.746918310342230107 ) ) ;
#857 = DIRECTION ( 'NONE',  ( 1.000000000000000000, 3.491481338843133355E-15, 0.000000000000000000 ) ) ;
#858 = ORIENTED_EDGE ( 'NONE', *, *, #291, .T. ) ;
#859 = CARTESIAN_POINT ( 'NONE',  ( -1.199260803524972595E-14, -1.490486894997549063E-15, 35.74288579000045019 ) ) ;
#860 = VERTEX_POINT ( 'NONE', #356 ) ;
#861 = DIRECTION ( 'NONE',  ( 0.000000000000000000, 1.000000000000000000, 1.442803234293912154E-16 ) ) ;
#862 = EDGE_CURVE ( 'NONE', #736, #568, #1035, .T. ) ;
#863 = DIRECTION ( 'NONE',  ( -0.000000000000000000, 1.442803234293912154E-16, -1.000000000000000000 ) ) ;
#864 = ORIENTED_EDGE ( 'NONE', *, *, #441, .T. ) ;
#865 = LINE ( 'NONE', #279, #239 ) ;
#866 = CARTESIAN_POINT ( 'NONE',  ( 9.243241256717974252, 29.08689481699327928, 5.222715718148102759 ) ) ;
#867 = ORIENTED_EDGE ( 'NONE', *, *, #346, .T. ) ;
#868 = FACE_OUTER_BOUND ( 'NONE', #515, .T. ) ;
#869 = AXIS2_PLACEMENT_3D ( 'NONE', #619, #933, #186 ) ;
#870 = DIRECTION ( 'NONE',  ( 0.000000000000000000, 1.000000000000000000, 1.421904488505578915E-16 ) ) ;
#871 = ORIENTED_EDGE ( 'NONE', *, *, #562, .T. ) ;
#872 = FACE_OUTER_BOUND ( 'NONE', #1888, .T. ) ;
#873 = CARTESIAN_POINT ( 'NONE',  ( -2.658250153803581650, 30.38393829179825190, 5.242885790000004320 ) ) ;
#874 = ORIENTED_EDGE ( 'NONE', *, *, #1098, .F. ) ;
#875 = EDGE_CURVE ( 'NONE', #559, #1668, #792, .T. ) ;
#876 = FACE_OUTER_BOUND ( 'NONE', #485, .T. ) ;
#877 = FACE_OUTER_BOUND ( 'NONE', #1821, .T. ) ;
#878 = CARTESIAN_POINT ( 'NONE',  ( 0.000000000000000000, -5.833088693692896456E-16, 4.042885789999998813 ) ) ;
#879 = ORIENTED_EDGE ( 'NONE', *, *, #464, .T. ) ;
#880 = EDGE_CURVE ( 'NONE', #1491, #1875, #1364, .T. ) ;
#881 = CARTESIAN_POINT ( 'NONE',  ( 0.000000000000000000, -6.938893903907229955E-15, 43.29999999999999005 ) ) ;
#882 = CIRCLE ( 'NONE', #1208, 31.70000000000000639 ) ;
#883 = DIRECTION ( 'NONE',  ( -3.469446951953611033E-15, -1.000000000000000000, -1.442803234293909196E-16 ) ) ;
#884 = CONICAL_SURFACE ( 'NONE', #304, 30.50000000000001421, 0.7853981633974476129 ) ;
#885 = LINE ( 'NONE', #1887, #469 ) ;
#886 = VECTOR ( 'NONE', #1254, 1000.000000000000000 ) ;
#887 = CARTESIAN_POINT ( 'NONE',  ( -2.762837045100770883, -31.57937192950834770, -4.556281995686501854E-15 ) ) ;
#888 = CYLINDRICAL_SURFACE ( 'NONE', #1614, 30.50000000000001421 ) ;
#889 = AXIS2_PLACEMENT_3D ( 'NONE', #1410, #110, #1490 ) ;
#890 = EDGE_CURVE ( 'NONE', #727, #325, #644, .T. ) ;
#891 = EDGE_CURVE ( 'NONE', #1668, #1224, #1703, .T. ) ;
#892 = DIRECTION ( 'NONE',  ( -0.2923717047227335497, -0.9563047559630364347, -1.379759594874119281E-16 ) ) ;
#893 = DIRECTION ( 'NONE',  ( -0.000000000000000000, 1.442803234293912154E-16, -1.000000000000000000 ) ) ;
#894 = AXIS2_PLACEMENT_3D ( 'NONE', #779, #1770, #333 ) ;
#895 = DIRECTION ( 'NONE',  ( 0.000000000000000000, -1.442803234293912154E-16, 1.000000000000000000 ) ) ;
#896 = PLANE ( 'NONE',  #1466 ) ;
#897 = AXIS2_PLACEMENT_3D ( 'NONE', #606, #460, #15 ) ;
#898 = EDGE_CURVE ( 'NONE', #72, #705, #1251, .T. ) ;
#899 = CARTESIAN_POINT ( 'NONE',  ( 0.000000000000000000, -4.967406753116552171E-16, 3.442885790000000501 ) ) ;
#900 = CARTESIAN_POINT ( 'NONE',  ( -30.50000000000001421, -3.261653813953185004E-13, 2.242885790000000323 ) ) ;
#901 = CARTESIAN_POINT ( 'NONE',  ( 30.52496207247176940, -2.514215278065471182, 2.371189081616472460 ) ) ;
#902 = EDGE_CURVE ( 'NONE', #1883, #1894, #1508, .T. ) ;
#903 = VERTEX_POINT ( 'NONE', #527 ) ;
#904 = EDGE_CURVE ( 'NONE', #860, #984, #1684, .T. ) ;
#905 = AXIS2_PLACEMENT_3D ( 'NONE', #838, #1412, #1104 ) ;
#906 = CARTESIAN_POINT ( 'NONE',  ( 2.762837045100770883, 31.57937192950834770, 4.042885790000003254 ) ) ;
#907 = CARTESIAN_POINT ( 'NONE',  ( 3.882130353297110981E-15, -31.70000000000000639, -4.573686252711702518E-15 ) ) ;
#908 = ORIENTED_EDGE ( 'NONE', *, *, #1040, .T. ) ;
#909 = DIRECTION ( 'NONE',  ( -0.000000000000000000, 1.442803234293912154E-16, -1.000000000000000000 ) ) ;
#910 = DIRECTION ( 'NONE',  ( 0.000000000000000000, 1.442803234293912154E-16, -1.000000000000000000 ) ) ;
#911 = EDGE_LOOP ( 'NONE', ( #1794, #486, #1239, #247 ) ) ;
#912 = DIRECTION ( 'NONE',  ( 0.000000000000000000, 1.000000000000000000, 1.368078451085809518E-16 ) ) ;
#913 = VECTOR ( 'NONE', #439, 1000.000000000000000 ) ;
#914 = DIRECTION ( 'NONE',  ( -0.000000000000000000, 1.442803234293912154E-16, -1.000000000000000000 ) ) ;
#915 = ORIENTED_EDGE ( 'NONE', *, *, #1279, .F. ) ;
#916 = CARTESIAN_POINT ( 'NONE',  ( -2.658250153803581206, -30.38393829179825190, 5.242885789999996327 ) ) ;
#917 = CIRCLE ( 'NONE', #744, 30.50000000000001421 ) ;
#918 = CARTESIAN_POINT ( 'NONE',  ( 29.03882176398144921, -9.327416681278672073, 5.242885789999991886 ) ) ;
#919 = EDGE_LOOP ( 'NONE', ( #711, #1094, #1277, #1661 ) ) ;
#920 = ORIENTED_EDGE ( 'NONE', *, *, #997, .T. ) ;
#921 = VECTOR ( 'NONE', #1419, 1000.000000000000000 ) ;
#922 = LINE ( 'NONE', #329, #6 ) ;
#923 = EDGE_CURVE ( 'NONE', #564, #703, #1190, .T. ) ;
#924 = EDGE_CURVE ( 'NONE', #1119, #1569, #945, .T. ) ;
#925 = CYLINDRICAL_SURFACE ( 'NONE', #1276, 30.50000000000001421 ) ;
#926 = ORIENTED_EDGE ( 'NONE', *, *, #1583, .F. ) ;
#927 = CARTESIAN_POINT ( 'NONE',  ( -30.42286091204543652, 2.167840844328450256, 9.781539053601588005E-16 ) ) ;
#928 = ORIENTED_EDGE ( 'NONE', *, *, #508, .T. ) ;
#929 = AXIS2_PLACEMENT_3D ( 'NONE', #461, #895, #144 ) ;
#930 = DIRECTION ( 'NONE',  ( 1.224646799147353207E-16, -1.000000000000000000, 0.000000000000000000 ) ) ;
#931 = DIRECTION ( 'NONE',  ( 1.257485875236096721E-17, -2.880116166687129964E-16, 1.000000000000000000 ) ) ;
#932 = ORIENTED_EDGE ( 'NONE', *, *, #42, .T. ) ;
#933 = DIRECTION ( 'NONE',  ( -0.6427876096865372535, -0.7660444431189797898, -1.105251400144942894E-16 ) ) ;
#934 = ADVANCED_FACE ( 'NONE', ( #1747 ), #1117, .T. ) ;
#935 = EDGE_LOOP ( 'NONE', ( #1070, #1067, #1714, #1122, #152, #432, #472, #209, #345, #646, #415, #546, #1494, #211, #124, #1243, #1127, #1214, #185 ) ) ;
#936 = CARTESIAN_POINT ( 'NONE',  ( 29.49540526411569985, -9.040496229531528982, 4.893096426527890230 ) ) ;
#937 = ORIENTED_EDGE ( 'NONE', *, *, #1011, .F. ) ;
#938 = CYLINDRICAL_SURFACE ( 'NONE', #823, 0.5000000000000004441 ) ;
#939 = CARTESIAN_POINT ( 'NONE',  ( 29.49540526411569985, -9.040496229531528982, 4.893096426527890230 ) ) ;
#940 = ORIENTED_EDGE ( 'NONE', *, *, #634, .T. ) ;
#941 = LINE ( 'NONE', #1531, #1654 ) ;
#942 = LINE ( 'NONE', #218, #1022 ) ;
#943 = VERTEX_POINT ( 'NONE', #852 ) ;
#944 = ADVANCED_FACE ( 'NONE', ( #149 ), #537, .T. ) ;
#945 = CIRCLE ( 'NONE', #1837, 31.70000000000000639 ) ;
#946 = VERTEX_POINT ( 'NONE', #1424 ) ;
#947 = CARTESIAN_POINT ( 'NONE',  ( -2.762837045100770883, -31.57937192950834770, 4.042885789999994373 ) ) ;
#948 = CARTESIAN_POINT ( 'NONE',  ( -2.299031132645383835, 30.81203885079169424, 2.638049296521255638 ) ) ;
#949 = ORIENTED_EDGE ( 'NONE', *, *, #890, .F. ) ;
#950 = FACE_OUTER_BOUND ( 'NONE', #328, .T. ) ;
#951 = DIRECTION ( 'NONE',  ( -0.7044160264027587992, 0.06162841671621217127, -0.7071067811865479058 ) ) ;
#952 = VERTEX_POINT ( 'NONE', #1289 ) ;
#953 = FACE_OUTER_BOUND ( 'NONE', #1309, .T. ) ;
#954 = LINE ( 'NONE', #230, #1055 ) ;
#955 = DIRECTION ( 'NONE',  ( -0.000000000000000000, 1.442803234293912154E-16, -1.000000000000000000 ) ) ;
#956 = ORIENTED_EDGE ( 'NONE', *, *, #315, .F. ) ;
#957 = CIRCLE ( 'NONE', #1042, 31.70000000000001350 ) ;
#958 = ORIENTED_EDGE ( 'NONE', *, *, #350, .F. ) ;
#959 = CARTESIAN_POINT ( 'NONE',  ( -29.01967292114148123, 9.386617258095089511, 2.019681301102870417E-15 ) ) ;
#960 = ADVANCED_FACE ( 'NONE', ( #1873 ), #180, .F. ) ;
#961 = DIRECTION ( 'NONE',  ( -0.000000000000000000, 1.442803234293912154E-16, -1.000000000000000000 ) ) ;
#962 = ORIENTED_EDGE ( 'NONE', *, *, #370, .T. ) ;
#963 = DIRECTION ( 'NONE',  ( 0.000000000000000000, 0.000000000000000000, -1.000000000000000000 ) ) ;
#964 = CARTESIAN_POINT ( 'NONE',  ( -9.268183039710775617, -30.31486076402823215, -4.373837915750955027E-15 ) ) ;
#965 = ORIENTED_EDGE ( 'NONE', *, *, #1554, .T. ) ;
#966 = FACE_OUTER_BOUND ( 'NONE', #1671, .T. ) ;
#967 = EDGE_CURVE ( 'NONE', #413, #1444, #271, .T. ) ;
#968 = DIRECTION ( 'NONE',  ( 0.000000000000000000, -1.442803234293912154E-16, 1.000000000000000000 ) ) ;
#969 = DIRECTION ( 'NONE',  ( 0.000000000000000000, 1.000000000000000000, 1.442803234293912154E-16 ) ) ;
#970 = VERTEX_POINT ( 'NONE', #112 ) ;
#971 = AXIS2_PLACEMENT_3D ( 'NONE', #410, #398, #1281 ) ;
#972 = EDGE_LOOP ( 'NONE', ( #1061, #1108, #1504, #48 ) ) ;
#973 = CARTESIAN_POINT ( 'NONE',  ( 30.42286091204542231, -2.167840844328663863, 2.242885789999999879 ) ) ;
#974 = CONICAL_SURFACE ( 'NONE', #1209, 30.50000000000001421, 0.7853981633974476129 ) ;
#975 = CARTESIAN_POINT ( 'NONE',  ( 30.42286091204542231, -2.167840844328663863, -3.127767781631841362E-16 ) ) ;
#976 = VECTOR ( 'NONE', #850, 1000.000000000000000 ) ;
#977 = CARTESIAN_POINT ( 'NONE',  ( -30.81203885079168003, -2.299031132645704023, 4.847722283478741012 ) ) ;
#978 = VERTEX_POINT ( 'NONE', #561 ) ;
#979 = ORIENTED_EDGE ( 'NONE', *, *, #1087, .F. ) ;
#980 = DIRECTION ( 'NONE',  ( -0.000000000000000000, 1.442803234293912154E-16, -1.000000000000000000 ) ) ;
#981 = CARTESIAN_POINT ( 'NONE',  ( 9.062343851558065211, 29.64159111647229494, 4.746918310342247871 ) ) ;
#982 = CARTESIAN_POINT ( 'NONE',  ( 0.000000000000000000, 30.50000000000001421, 4.400549864596433858E-15 ) ) ;
#983 = EDGE_CURVE ( 'NONE', #1020, #490, #1099, .T. ) ;
#984 = VERTEX_POINT ( 'NONE', #276 ) ;
#985 = ORIENTED_EDGE ( 'NONE', *, *, #508, .F. ) ;
#986 = CARTESIAN_POINT ( 'NONE',  ( 2.658250153803581650, -30.38393829179825190, 5.242885789999996327 ) ) ;
#987 = CIRCLE ( 'NONE', #1649, 31.70000000000001350 ) ;
#988 = DIRECTION ( 'NONE',  ( 1.000000000000000000, 1.047444401652940007E-14, 1.503766100577553929E-30 ) ) ;
#989 = CARTESIAN_POINT ( 'NONE',  ( 2.203379218825961772, 30.92159633683304421, 5.175840245536331603E-15 ) ) ;
#990 = VERTEX_POINT ( 'NONE', #431 ) ;
#991 = ORIENTED_EDGE ( 'NONE', *, *, #1107, .T. ) ;
#992 = B_SPLINE_CURVE_WITH_KNOTS ( 'NONE', 3,
 ( #448, #1037, #1163, #1468, #1177, #733, #597, #312 ),
 .UNSPECIFIED., .F., .F.,
 ( 4, 2, 2, 4 ),
 ( 0.000000000000000000, 0.0002355048143193845338, 0.0004710096286387690677, 0.0009420192572775381353 ),
 .UNSPECIFIED. ) ;
#993 = CYLINDRICAL_SURFACE ( 'NONE', #1053, 0.5000000000000000000 ) ;
#994 = AXIS2_PLACEMENT_3D ( 'NONE', #476, #65, #349 ) ;
#995 = CARTESIAN_POINT ( 'NONE',  ( 0.000000000000000000, 0.000000000000000000, 0.000000000000000000 ) ) ;
#996 = ORIENTED_EDGE ( 'NONE', *, *, #259, .F. ) ;
#997 = EDGE_CURVE ( 'NONE', #1555, #1256, #1027, .T. ) ;
#998 = AXIS2_PLACEMENT_3D ( 'NONE', #8, #1293, #735 ) ;
#999 = ORIENTED_EDGE ( 'NONE', *, *, #1371, .T. ) ;
#1000 = DIRECTION ( 'NONE',  ( 0.000000000000000000, 1.442803234293912154E-16, -1.000000000000000000 ) ) ;
#1001 = CARTESIAN_POINT ( 'NONE',  ( -31.66023444818481636, -1.587310519706933931, 4.042885789999998813 ) ) ;
#1002 = VECTOR ( 'NONE', #745, 1000.000000000000000 ) ;
#1003 = VERTEX_POINT ( 'NONE', #1605 ) ;
#1004 = DIRECTION ( 'NONE',  ( 0.000000000000000000, 1.442803234293912154E-16, -1.000000000000000000 ) ) ;
#1005 = CARTESIAN_POINT ( 'NONE',  ( 9.139579103769820634, 29.18798574206336838, 5.157493197080726510 ) ) ;
#1006 = EDGE_LOOP ( 'NONE', ( #1342, #1449, #1548, #547, #1533 ) ) ;
#1007 = FACE_OUTER_BOUND ( 'NONE', #115, .T. ) ;
#1008 = ADVANCED_FACE ( 'NONE', ( #876 ), #142, .F. ) ;
#1009 = CARTESIAN_POINT ( 'NONE',  ( 30.31486076402826413, -9.268183039710669036, 4.042885789999997037 ) ) ;
#1010 = DIRECTION ( 'NONE',  ( 0.000000000000000000, 1.000000000000000000, 1.442803234293912154E-16 ) ) ;
#1011 = EDGE_CURVE ( 'NONE', #1402, #403, #1847, .T. ) ;
#1012 = ORIENTED_EDGE ( 'NONE', *, *, #1447, .T. ) ;
#1013 = CARTESIAN_POINT ( 'NONE',  ( -9.045971134723162166, -29.58803837274115622, 4.802917972999144247 ) ) ;
#1014 = CARTESIAN_POINT ( 'NONE',  ( 30.50000000000001421, 1.081748971567674783E-13, 2.242885790000000323 ) ) ;
#1015 = ORIENTED_EDGE ( 'NONE', *, *, #1065, .F. ) ;
#1016 = DIRECTION ( 'NONE',  ( -0.08715574274764777141, -0.9961946980917464334, -1.437312932393219289E-16 ) ) ;
#1017 = CARTESIAN_POINT ( 'NONE',  ( -30.41718248068017871, 2.247530332639212425, 2.242885790000001212 ) ) ;
#1018 = DIRECTION ( 'NONE',  ( -0.7044160264027587992, 0.06162841671621713258, -0.7071067811865476838 ) ) ;
#1019 = CARTESIAN_POINT ( 'NONE',  ( 0.000000000000000000, -4.967406753116552171E-16, 3.442885790000000501 ) ) ;
#1020 = VERTEX_POINT ( 'NONE', #725 ) ;
#1021 = LINE ( 'NONE', #907, #749 ) ;
#1022 = VECTOR ( 'NONE', #806, 1000.000000000000000 ) ;
#1023 = CARTESIAN_POINT ( 'NONE',  ( 0.000000000000000000, 0.000000000000000000, 0.000000000000000000 ) ) ;
#1024 = CARTESIAN_POINT ( 'NONE',  ( 9.043087628807562339, 29.41907317566014513, 4.965313648153508730 ) ) ;
#1025 = AXIS2_PLACEMENT_3D ( 'NONE', #1387, #1810, #238 ) ;
#1026 = AXIS2_PLACEMENT_3D ( 'NONE', #1317, #1328, #442 ) ;
#1027 = B_SPLINE_CURVE_WITH_KNOTS ( 'NONE', 3,
 ( #1143, #133, #1448, #1882, #1567, #718, #406, #1730, #571, #1589 ),
 .UNSPECIFIED., .F., .F.,
 ( 4, 2, 2, 2, 4 ),
 ( 1.471961680016038988E-17, 0.0002342475147185578237, 0.0004684950294371009565, 0.0007027425441556440621, 0.0009369900588741871678 ),
 .UNSPECIFIED. ) ;
#1028 = CARTESIAN_POINT ( 'NONE',  ( 2.299031132645384723, -30.81203885079169780, 2.638049296521247200 ) ) ;
#1029 = AXIS2_PLACEMENT_3D ( 'NONE', #523, #587, #1102 ) ;
#1030 = AXIS2_PLACEMENT_3D ( 'NONE', #712, #698, #529 ) ;
#1031 = CARTESIAN_POINT ( 'NONE',  ( -1.587310519706609302, 31.66023444818483057, 4.042885790000003254 ) ) ;
#1032 = AXIS2_PLACEMENT_3D ( 'NONE', #995, #955, #969 ) ;
#1033 = DIRECTION ( 'NONE',  ( -1.000000000000000000, -0.000000000000000000, 0.000000000000000000 ) ) ;
#1034 = EDGE_CURVE ( 'NONE', #640, #651, #1446, .T. ) ;
#1035 = B_SPLINE_CURVE_WITH_KNOTS ( 'NONE', 3,
 ( #939, #494, #1517, #74, #683, #1648, #918, #1081 ),
 .UNSPECIFIED., .F., .F.,
 ( 4, 2, 2, 4 ),
 ( 0.0002074771185626676242, 0.0005722335887184272062, 0.0007546118237963070786, 0.0009369900588741869509 ),
 .UNSPECIFIED. ) ;
#1036 = CARTESIAN_POINT ( 'NONE',  ( -2.167840844328769112, -30.42286091204541520, -3.724043084840291067E-15 ) ) ;
#1037 = CARTESIAN_POINT ( 'NONE',  ( 2.247530332639531281, 30.41718248068016095, 2.242885790000004764 ) ) ;
#1038 = ADVANCED_FACE ( 'NONE', ( #1304 ), #680, .F. ) ;
#1039 = DIRECTION ( 'NONE',  ( -0.000000000000000000, 1.442803234293912154E-16, -1.000000000000000000 ) ) ;
#1040 = EDGE_CURVE ( 'NONE', #462, #75, #661, .T. ) ;
#1041 = CARTESIAN_POINT ( 'NONE',  ( 31.57937192950835481, -2.762837045100660749, -3.986230224498256903E-16 ) ) ;
#1042 = AXIS2_PLACEMENT_3D ( 'NONE', #878, #1460, #789 ) ;
#1043 = DIRECTION ( 'NONE',  ( -0.7660444431189775694, 0.6427876096865398070, 9.274160422197925028E-17 ) ) ;
#1044 = CARTESIAN_POINT ( 'NONE',  ( -31.57937192950837613, 2.762837045100440037, 3.986230224497956642E-16 ) ) ;
#1045 =( NAMED_UNIT ( * ) SI_UNIT ( $, .STERADIAN. ) SOLID_ANGLE_UNIT ( ) );
#1046 = PLANE ( 'NONE',  #76 ) ;
#1047 = VERTEX_POINT ( 'NONE', #264 ) ;
#1048 = DIRECTION ( 'NONE',  ( 0.000000000000000000, 1.000000000000000000, 1.421904488505578915E-16 ) ) ;
#1049 = CARTESIAN_POINT ( 'NONE',  ( 0.000000000000000000, -5.833088693692896456E-16, 4.042885789999998813 ) ) ;
#1050 = VERTEX_POINT ( 'NONE', #1036 ) ;
#1051 = ADVANCED_FACE ( 'NONE', ( #1169 ), #324, .F. ) ;
#1052 =( GEOMETRIC_REPRESENTATION_CONTEXT ( 3 ) GLOBAL_UNCERTAINTY_ASSIGNED_CONTEXT ( ( #429 ) ) GLOBAL_UNIT_ASSIGNED_CONTEXT ( ( #290, #1895, #1045 ) ) REPRESENTATION_CONTEXT ( 'NONE', 'WORKASPACE' ) );
#1053 = AXIS2_PLACEMENT_3D ( 'NONE', #1266, #980, #1582 ) ;
#1054 = CARTESIAN_POINT ( 'NONE',  ( 0.000000000000000000, -5.833088693692896456E-16, 4.042885789999998813 ) ) ;
#1055 = VECTOR ( 'NONE', #1700, 1000.000000000000000 ) ;
#1056 = B_SPLINE_CURVE_WITH_KNOTS ( 'NONE', 3,
 ( #1111, #118, #1137, #1701 ),
 .UNSPECIFIED., .F., .F.,
 ( 4, 4 ),
 ( 0.000000000000000000, 3.525495620972410419E-05 ),
 .UNSPECIFIED. ) ;
#1057 = DIRECTION ( 'NONE',  ( 0.000000000000000000, 1.442803234293912154E-16, -1.000000000000000000 ) ) ;
#1058 = ORIENTED_EDGE ( 'NONE', *, *, #1617, .T. ) ;
#1059 = DIRECTION ( 'NONE',  ( 0.000000000000000000, 1.000000000000000000, 1.442803234293912154E-16 ) ) ;
#1060 = DIRECTION ( 'NONE',  ( 0.000000000000000000, 1.000000000000000000, 1.442803234293912154E-16 ) ) ;
#1061 = ORIENTED_EDGE ( 'NONE', *, *, #222, .T. ) ;
#1062 = ORIENTED_EDGE ( 'NONE', *, *, #188, .F. ) ;
#1063 = DIRECTION ( 'NONE',  ( 0.000000000000000000, 1.442803234293912401E-16, -1.000000000000000000 ) ) ;
#1064 = AXIS2_PLACEMENT_3D ( 'NONE', #1049, #679, #1705 ) ;
#1065 = EDGE_CURVE ( 'NONE', #1609, #797, #1481, .T. ) ;
#1066 = DIRECTION ( 'NONE',  ( -1.000000000000000000, -3.491481338843133355E-15, -5.176899690512889973E-31 ) ) ;
#1067 = ORIENTED_EDGE ( 'NONE', *, *, #13, .F. ) ;
#1068 = CARTESIAN_POINT ( 'NONE',  ( -3.735172737399428330E-15, 30.50000000000000355, 43.29999999999999716 ) ) ;
#1069 = CIRCLE ( 'NONE', #1324, 0.5000000000000004441 ) ;
#1070 = ORIENTED_EDGE ( 'NONE', *, *, #229, .F. ) ;
#1071 = SURFACE_STYLE_FILL_AREA ( #61 ) ;
#1072 = DIRECTION ( 'NONE',  ( 0.000000000000000000, -1.000000000000000000, -1.421904488505578915E-16 ) ) ;
#1073 = VERTEX_POINT ( 'NONE', #1765 ) ;
#1074 = EDGE_CURVE ( 'NONE', #1569, #108, #1021, .T. ) ;
#1075 = CARTESIAN_POINT ( 'NONE',  ( 0.000000000000000000, -3.236042871963857191E-16, 2.242885790000000323 ) ) ;
#1076 = AXIS2_PLACEMENT_3D ( 'NONE', #163, #311, #1194 ) ;
#1077 = EDGE_LOOP ( 'NONE', ( #213, #1369, #1373, #1710 ) ) ;
#1078 = DIRECTION ( 'NONE',  ( -0.08715574274765820750, -0.9961946980917455452, 0.000000000000000000 ) ) ;
#1079 = ORIENTED_EDGE ( 'NONE', *, *, #832, .F. ) ;
#1080 = SURFACE_SIDE_STYLE ('',( #1071 ) ) ;
#1081 = CARTESIAN_POINT ( 'NONE',  ( 29.01967292114141728, -9.386617258095292016, 5.242885789999996327 ) ) ;
#1082 = VERTEX_POINT ( 'NONE', #1629 ) ;
#1083 = EDGE_CURVE ( 'NONE', #475, #1047, #1690, .T. ) ;
#1084 = FACE_OUTER_BOUND ( 'NONE', #919, .T. ) ;
#1085 = CARTESIAN_POINT ( 'NONE',  ( -2.692083513886365242, -30.77065536712264660, 2.631080061727360420 ) ) ;
#1086 = VERTEX_POINT ( 'NONE', #887 ) ;
#1087 = EDGE_CURVE ( 'NONE', #860, #1256, #1813, .T. ) ;
#1088 = ORIENTED_EDGE ( 'NONE', *, *, #464, .F. ) ;
#1089 = CARTESIAN_POINT ( 'NONE',  ( -9.310579741977987211, -29.04426779038715267, 5.242885789999996327 ) ) ;
#1090 = DIRECTION ( 'NONE',  ( -0.000000000000000000, 1.442803234293912154E-16, -1.000000000000000000 ) ) ;
#1091 = ORIENTED_EDGE ( 'NONE', *, *, #58, .T. ) ;
#1092 = FACE_OUTER_BOUND ( 'NONE', #1112, .T. ) ;
#1093 = CARTESIAN_POINT ( 'NONE',  ( 9.268183039710775617, 30.31486076402823215, 4.373837915750955027E-15 ) ) ;
#1094 = ORIENTED_EDGE ( 'NONE', *, *, #95, .F. ) ;
#1095 = CARTESIAN_POINT ( 'NONE',  ( 0.000000000000000000, 31.70000000000001350, 3.442885790000005386 ) ) ;
#1096 = FACE_OUTER_BOUND ( 'NONE', #714, .T. ) ;
#1097 = ORIENTED_EDGE ( 'NONE', *, *, #88, .F. ) ;
#1098 = EDGE_CURVE ( 'NONE', #1781, #1354, #595, .T. ) ;
#1099 = CIRCLE ( 'NONE', #1604, 30.50000000000001421 ) ;
#1100 = ORIENTED_EDGE ( 'NONE', *, *, #1683, .F. ) ;
#1101 = CYLINDRICAL_SURFACE ( 'NONE', #63, 0.5000000000000004441 ) ;
#1102 = DIRECTION ( 'NONE',  ( 1.000000000000000000, 1.047444401652940007E-14, 0.000000000000000000 ) ) ;
#1103 = ORIENTED_EDGE ( 'NONE', *, *, #767, .T. ) ;
#1104 = DIRECTION ( 'NONE',  ( -1.000000000000000000, -3.491481338843133355E-15, 0.000000000000000000 ) ) ;
#1105 = EDGE_CURVE ( 'NONE', #236, #1498, #653, .T. ) ;
#1106 = CARTESIAN_POINT ( 'NONE',  ( 30.38393829179824124, 2.658250153803686899, 5.242885790000000767 ) ) ;
#1107 = EDGE_CURVE ( 'NONE', #1003, #1020, #419, .T. ) ;
#1108 = ORIENTED_EDGE ( 'NONE', *, *, #620, .T. ) ;
#1109 = DIRECTION ( 'NONE',  ( 0.000000000000000000, 1.000000000000000000, 1.442803234293912154E-16 ) ) ;
#1110 = DIRECTION ( 'NONE',  ( -0.000000000000000000, 1.442803234293912154E-16, -1.000000000000000000 ) ) ;
#1111 = CARTESIAN_POINT ( 'NONE',  ( -2.167840844328769112, -30.42286091204541520, 2.242885789999995882 ) ) ;
#1112 = EDGE_LOOP ( 'NONE', ( #1825, #803, #962, #783 ) ) ;
#1113 = AXIS2_PLACEMENT_3D ( 'NONE', #1725, #1532, #1380 ) ;
#1114 = EDGE_LOOP ( 'NONE', ( #510, #1339, #517, #1360, #182 ) ) ;
#1115 = CARTESIAN_POINT ( 'NONE',  ( -1.587310519706609524, 31.66023444818483057, 4.567948866034460729E-15 ) ) ;
#1116 = DIRECTION ( 'NONE',  ( 1.000000000000000000, 1.224646799147353207E-16, 1.766924362677488244E-32 ) ) ;
#1117 = CYLINDRICAL_SURFACE ( 'NONE', #26, 31.70000000000000639 ) ;
#1118 = CONICAL_SURFACE ( 'NONE', #1760, 31.70000000000000639, 0.7853981633974439491 ) ;
#1119 = VERTEX_POINT ( 'NONE', #447 ) ;
#1120 = ADVANCED_FACE ( 'NONE', ( #759 ), #731, .F. ) ;
#1121 = VECTOR ( 'NONE', #1450, 1000.000000000000000 ) ;
#1122 = ORIENTED_EDGE ( 'NONE', *, *, #1664, .T. ) ;
#1123 = CARTESIAN_POINT ( 'NONE',  ( -9.062343851558063434, -29.64159111647228428, -4.276698353246390365E-15 ) ) ;
#1124 = LINE ( 'NONE', #244, #1502 ) ;
#1125 = CARTESIAN_POINT ( 'NONE',  ( -2.476716651779141465, -30.49731798426218177, 2.340548274916254723 ) ) ;
#1126 = ORIENTED_EDGE ( 'NONE', *, *, #875, .T. ) ;
#1127 = ORIENTED_EDGE ( 'NONE', *, *, #983, .F. ) ;
#1128 = DIRECTION ( 'NONE',  ( 0.000000000000000000, -1.000000000000000000, -1.421904488505578915E-16 ) ) ;
#1129 = CIRCLE ( 'NONE', #734, 30.50000000000001066 ) ;
#1130 = CYLINDRICAL_SURFACE ( 'NONE', #785, 31.70000000000001350 ) ;
#1131 = VECTOR ( 'NONE', #1110, 1000.000000000000000 ) ;
#1132 = DIRECTION ( 'NONE',  ( -0.000000000000000000, 1.442803234293912154E-16, -1.000000000000000000 ) ) ;
#1133 = VERTEX_POINT ( 'NONE', #1611 ) ;
#1134 = ORIENTED_EDGE ( 'NONE', *, *, #832, .T. ) ;
#1135 = EDGE_CURVE ( 'NONE', #1879, #1166, #1769, .T. ) ;
#1136 = CARTESIAN_POINT ( 'NONE',  ( 0.000000000000000000, -9.600082711450312947E-32, 6.653771271970055286E-16 ) ) ;
#1137 = CARTESIAN_POINT ( 'NONE',  ( -2.191615081286789835, -30.42159633683303710, 2.243321240547454298 ) ) ;
#1138 = ORIENTED_EDGE ( 'NONE', *, *, #1298, .F. ) ;
#1139 = EDGE_CURVE ( 'NONE', #1133, #978, #1529, .T. ) ;
#1140 = ORIENTED_EDGE ( 'NONE', *, *, #902, .F. ) ;
#1141 = CYLINDRICAL_SURFACE ( 'NONE', #1716, 31.70000000000000639 ) ;
#1142 = CIRCLE ( 'NONE', #309, 31.70000000000001350 ) ;
#1143 = CARTESIAN_POINT ( 'NONE',  ( -29.64159111647238731, 9.062343851557754348, 4.746918310342247871 ) ) ;
#1144 = ORIENTED_EDGE ( 'NONE', *, *, #1105, .F. ) ;
#1145 = DIRECTION ( 'NONE',  ( 0.2067380150365172309, 0.6762095778224059828, -0.7071067811865504593 ) ) ;
#1146 = ADVANCED_FACE ( 'NONE', ( #27 ), #317, .F. ) ;
#1147 = FACE_OUTER_BOUND ( 'NONE', #388, .T. ) ;
#1148 = ORIENTED_EDGE ( 'NONE', *, *, #155, .T. ) ;
#1149 = CARTESIAN_POINT ( 'NONE',  ( 0.000000000000000000, 0.000000000000000000, 0.000000000000000000 ) ) ;
#1150 = AXIS2_PLACEMENT_3D ( 'NONE', #509, #1674, #359 ) ;
#1151 = CARTESIAN_POINT ( 'NONE',  ( 0.000000000000000000, -7.564452574845592915E-16, 5.242885790000000767 ) ) ;
#1152 = ADVANCED_FACE ( 'NONE', ( #1777 ), #1046, .F. ) ;
#1153 = DIRECTION ( 'NONE',  ( -0.000000000000000000, 1.442803234293912154E-16, -1.000000000000000000 ) ) ;
#1154 = COLOUR_RGB ( '',0.9098039215686274384, 0.4431372549019607643, 0.03137254901960784270 ) ;
#1155 = ORIENTED_EDGE ( 'NONE', *, *, #1623, .T. ) ;
#1156 = DIRECTION ( 'NONE',  ( -0.000000000000000000, 1.442803234293912154E-16, -1.000000000000000000 ) ) ;
#1157 = EDGE_CURVE ( 'NONE', #790, #1207, #168, .T. ) ;
#1158 = DIRECTION ( 'NONE',  ( 0.000000000000000000, -1.442803234293912154E-16, 1.000000000000000000 ) ) ;
#1159 = ORIENTED_EDGE ( 'NONE', *, *, #1074, .F. ) ;
#1160 = DIRECTION ( 'NONE',  ( -0.000000000000000000, 1.442803234293912154E-16, -1.000000000000000000 ) ) ;
#1161 = DIRECTION ( 'NONE',  ( 0.000000000000000000, 1.000000000000000000, 1.368078451085810011E-16 ) ) ;
#1162 = AXIS2_PLACEMENT_3D ( 'NONE', #380, #1116, #851 ) ;
#1163 = CARTESIAN_POINT ( 'NONE',  ( 2.325443955196629719, 30.43138700220486115, 2.262925913407226375 ) ) ;
#1164 = DIRECTION ( 'NONE',  ( 0.6762095778224057607, -0.2067380150365145386, -0.7071067811865515695 ) ) ;
#1165 = B_SPLINE_CURVE_WITH_KNOTS ( 'NONE', 3,
 ( #1301, #1615, #443, #1024, #269, #599, #1005, #866, #1469, #1443 ),
 .UNSPECIFIED., .F., .F.,
 ( 4, 2, 2, 2, 4 ),
 ( 1.354862346603552185E-17, 0.0002342475147185596126, 0.0004684950294371056727, 0.0007027425441556517599, 0.0009369900588741977929 ),
 .UNSPECIFIED. ) ;
#1166 = VERTEX_POINT ( 'NONE', #1635 ) ;
#1167 = CARTESIAN_POINT ( 'NONE',  ( -2.658250153803581206, -30.38393829179825190, 2.242885789999995882 ) ) ;
#1168 = EDGE_CURVE ( 'NONE', #847, #1609, #5, .T. ) ;
#1169 = FACE_OUTER_BOUND ( 'NONE', #1709, .T. ) ;
#1170 = EDGE_CURVE ( 'NONE', #1551, #705, #501, .T. ) ;
#1171 = CARTESIAN_POINT ( 'NONE',  ( -2.658250153803581650, 30.38393829179825190, 5.242885790000004320 ) ) ;
#1172 = B_SPLINE_CURVE_WITH_KNOTS ( 'NONE', 3,
 ( #1880, #141, #948, #1455 ),
 .UNSPECIFIED., .F., .F.,
 ( 4, 4 ),
 ( 0.000000000000000000, 0.002053251952071863482 ),
 .UNSPECIFIED. ) ;
#1173 = CARTESIAN_POINT ( 'NONE',  ( 3.882130353297110981E-15, -31.70000000000001350, 43.29999999999999005 ) ) ;
#1174 = MANIFOLD_SOLID_BREP ( 'CirPattern1', #134 ) ;
#1175 = CONICAL_SURFACE ( 'NONE', #1803, 31.69999999999999929, 0.7853981633974456145 ) ;
#1176 = DIRECTION ( 'NONE',  ( -0.000000000000000000, 1.442803234293912154E-16, -1.000000000000000000 ) ) ;
#1177 = CARTESIAN_POINT ( 'NONE',  ( 2.514215278065577319, 30.52496207247175874, 2.371189081616475569 ) ) ;
#1178 = EDGE_CURVE ( 'NONE', #96, #1651, #1129, .T. ) ;
#1179 = DIRECTION ( 'NONE',  ( -0.000000000000000000, 1.442803234293912154E-16, -1.000000000000000000 ) ) ;
#1180 = AXIS2_PLACEMENT_3D ( 'NONE', #1359, #1219, #1066 ) ;
#1181 = VECTOR ( 'NONE', #1556, 1000.000000000000000 ) ;
#1182 = CARTESIAN_POINT ( 'NONE',  ( -30.38393829179822347, -2.658250153803900062, 2.242885789999999879 ) ) ;
#1183 = LINE ( 'NONE', #583, #1278 ) ;
#1184 = AXIS2_PLACEMENT_3D ( 'NONE', #682, #825, #988 ) ;
#1185 = DIRECTION ( 'NONE',  ( -0.000000000000000000, 1.442803234293912154E-16, -1.000000000000000000 ) ) ;
#1186 = EDGE_CURVE ( 'NONE', #1354, #651, #241, .T. ) ;
#1187 = CIRCLE ( 'NONE', #608, 30.50000000000001421 ) ;
#1188 = CARTESIAN_POINT ( 'NONE',  ( -30.81203885079168714, -2.299031132645701803, 2.638049296521262743 ) ) ;
#1189 = DIRECTION ( 'NONE',  ( 0.000000000000000000, -1.000000000000000000, -1.442803234293912401E-16 ) ) ;
#1190 = CIRCLE ( 'NONE', #1686, 35.00000000000000000 ) ;
#1191 = CARTESIAN_POINT ( 'NONE',  ( 0.000000000000000000, 34.99999999999999289, 8.000000379979297804 ) ) ;
#1192 = CARTESIAN_POINT ( 'NONE',  ( 0.000000000000000000, -1.154242642258664882E-15, 8.000000379979292475 ) ) ;
#1193 = DIRECTION ( 'NONE',  ( 1.437312932393216577E-16, -1.317054646770287614E-16, 1.000000000000000000 ) ) ;
#1194 = DIRECTION ( 'NONE',  ( 0.000000000000000000, -1.000000000000000000, -1.442803234293911168E-16 ) ) ;
#1195 = EDGE_CURVE ( 'NONE', #520, #1883, #1772, .T. ) ;
#1196 = DIRECTION ( 'NONE',  ( -1.540743955509788682E-33, 1.442803234293911908E-16, -1.000000000000000000 ) ) ;
#1197 = CIRCLE ( 'NONE', #774, 30.50000000000001421 ) ;
#1198 = CARTESIAN_POINT ( 'NONE',  ( 2.167840844328769112, 30.42286091204541520, 5.054797339234302124E-15 ) ) ;
#1199 = VERTEX_POINT ( 'NONE', #313 ) ;
#1200 = CARTESIAN_POINT ( 'NONE',  ( 0.000000000000000000, -30.50000000000001776, 43.29999999999998295 ) ) ;
#1201 = ADVANCED_FACE ( 'NONE', ( #1092 ), #896, .F. ) ;
#1202 = DIRECTION ( 'NONE',  ( 0.000000000000000000, -1.000000000000000000, -1.421904488505578915E-16 ) ) ;
#1203 = ORIENTED_EDGE ( 'NONE', *, *, #210, .F. ) ;
#1204 = CARTESIAN_POINT ( 'NONE',  ( -30.92159633683306552, 2.203379218825638475, 1.032366591434743999E-15 ) ) ;
#1205 = EDGE_CURVE ( 'NONE', #532, #1541, #459, .T. ) ;
#1206 = ORIENTED_EDGE ( 'NONE', *, *, #704, .F. ) ;
#1207 = VERTEX_POINT ( 'NONE', #791 ) ;
#1208 = AXIS2_PLACEMENT_3D ( 'NONE', #136, #127, #1570 ) ;
#1209 = AXIS2_PLACEMENT_3D ( 'NONE', #643, #504, #1834 ) ;
#1210 = CARTESIAN_POINT ( 'NONE',  ( 30.31486076402826413, -9.268183039710669036, -1.337216446572252552E-15 ) ) ;
#1211 = CARTESIAN_POINT ( 'NONE',  ( -31.57937192950837613, 2.762837045100439592, 4.042885789999998813 ) ) ;
#1212 = VERTEX_POINT ( 'NONE', #21 ) ;
#1213 = FACE_OUTER_BOUND ( 'NONE', #638, .T. ) ;
#1214 = ORIENTED_EDGE ( 'NONE', *, *, #315, .T. ) ;
#1215 = DIRECTION ( 'NONE',  ( 0.000000000000000000, 1.000000000000000000, 1.368078451085809764E-16 ) ) ;
#1216 = ORIENTED_EDGE ( 'NONE', *, *, #346, .F. ) ;
#1217 = ORIENTED_EDGE ( 'NONE', *, *, #664, .T. ) ;
#1218 = AXIS2_PLACEMENT_3D ( 'NONE', #235, #534, #822 ) ;
#1219 = DIRECTION ( 'NONE',  ( 0.000000000000000000, 1.442803234293912401E-16, -1.000000000000000000 ) ) ;
#1220 = ORIENTED_EDGE ( 'NONE', *, *, #1676, .T. ) ;
#1221 = CARTESIAN_POINT ( 'NONE',  ( 3.735172737399429118E-15, -30.50000000000001421, -3.735172737399428330E-15 ) ) ;
#1222 = ADVANCED_FACE ( 'NONE', ( #343 ), #974, .F. ) ;
#1223 = CIRCLE ( 'NONE', #337, 31.70000000000001350 ) ;
#1224 = VERTEX_POINT ( 'NONE', #1669 ) ;
#1225 = DIRECTION ( 'NONE',  ( 0.000000000000000000, 1.000000000000000000, 1.442803234293912154E-16 ) ) ;
#1226 = DIRECTION ( 'NONE',  ( 0.000000000000000000, 1.000000000000000000, 1.442803234293909196E-16 ) ) ;
#1227 = ORIENTED_EDGE ( 'NONE', *, *, #277, .F. ) ;
#1228 = AXIS2_PLACEMENT_3D ( 'NONE', #1019, #1608, #857 ) ;
#1229 = ADVANCED_FACE ( 'NONE', ( #604 ), #368, .F. ) ;
#1230 = CARTESIAN_POINT ( 'NONE',  ( 0.000000000000000000, -3.236042871963856698E-16, 2.242885790000000323 ) ) ;
#1231 = DIRECTION ( 'NONE',  ( -0.000000000000000000, 1.442803234293912154E-16, -1.000000000000000000 ) ) ;
#1232 = ORIENTED_EDGE ( 'NONE', *, *, #862, .T. ) ;
#1233 = VECTOR ( 'NONE', #1176, 1000.000000000000000 ) ;
#1234 = ORIENTED_EDGE ( 'NONE', *, *, #983, .T. ) ;
#1235 = CARTESIAN_POINT ( 'NONE',  ( -9.243241256717970700, -29.08689481699327928, 5.222715718148091213 ) ) ;
#1236 = DIRECTION ( 'NONE',  ( -0.000000000000000000, 1.442803234293912401E-16, -1.000000000000000000 ) ) ;
#1237 = ORIENTED_EDGE ( 'NONE', *, *, #1748, .F. ) ;
#1238 = DIRECTION ( 'NONE',  ( 0.7071067811865474617, 2.366828535993554643E-15, 0.7071067811865476838 ) ) ;
#1239 = ORIENTED_EDGE ( 'NONE', *, *, #466, .F. ) ;
#1240 = EDGE_CURVE ( 'NONE', #207, #1402, #89, .T. ) ;
#1241 = DIRECTION ( 'NONE',  ( 0.000000000000000000, 1.000000000000000000, 2.188925521737295721E-16 ) ) ;
#1242 = CARTESIAN_POINT ( 'NONE',  ( 0.000000000000000000, -4.967406753116552171E-16, 3.442885790000000501 ) ) ;
#1243 = ORIENTED_EDGE ( 'NONE', *, *, #441, .F. ) ;
#1244 = EDGE_CURVE ( 'NONE', #1393, #990, #498, .T. ) ;
#1245 = ADVANCED_FACE ( 'NONE', ( #950 ), #938, .T. ) ;
#1246 = ORIENTED_EDGE ( 'NONE', *, *, #609, .F. ) ;
#1247 = CARTESIAN_POINT ( 'NONE',  ( 0.000000000000000000, -1.630367076110522133E-15, 11.29999598946283967 ) ) ;
#1248 = CYLINDRICAL_SURFACE ( 'NONE', #1312, 30.50000000000001421 ) ;
#1249 = VERTEX_POINT ( 'NONE', #1622 ) ;
#1250 = DIRECTION ( 'NONE',  ( -0.000000000000000000, 1.442803234293912154E-16, -1.000000000000000000 ) ) ;
#1251 = LINE ( 'NONE', #782, #366 ) ;
#1252 = ORIENTED_EDGE ( 'NONE', *, *, #1477, .T. ) ;
#1253 = LINE ( 'NONE', #1429, #1786 ) ;
#1254 = DIRECTION ( 'NONE',  ( -0.000000000000000000, 1.442803234293912154E-16, -1.000000000000000000 ) ) ;
#1255 = CARTESIAN_POINT ( 'NONE',  ( 31.66023444818482346, 1.587310519706744305, 3.442885790000000945 ) ) ;
#1256 = VERTEX_POINT ( 'NONE', #1262 ) ;
#1257 = AXIS2_PLACEMENT_3D ( 'NONE', #417, #1413, #123 ) ;
#1258 = ORIENTED_EDGE ( 'NONE', *, *, #1332, .T. ) ;
#1259 = EDGE_CURVE ( 'NONE', #1402, #420, #694, .T. ) ;
#1260 = DIRECTION ( 'NONE',  ( 0.000000000000000000, -0.7071067811865474617, 0.7071067811865474617 ) ) ;
#1261 = PRODUCT_DEFINITION_SHAPE ( 'NONE', 'NONE',  #303 ) ;
#1262 = CARTESIAN_POINT ( 'NONE',  ( -29.01967292114148123, 9.386617258095089511, 5.242885789999993662 ) ) ;
#1263 = CARTESIAN_POINT ( 'NONE',  ( -30.48589027785847350, 2.459045450062149474, 2.327722804879787777 ) ) ;
#1264 = ORIENTED_EDGE ( 'NONE', *, *, #231, .F. ) ;
#1265 = EDGE_LOOP ( 'NONE', ( #1088, #1138, #763, #1097 ) ) ;
#1266 = CARTESIAN_POINT ( 'NONE',  ( -30.92159633683306552, 2.203379218825638475, 3.179042663297624851E-16 ) ) ;
#1267 = LINE ( 'NONE', #817, #1395 ) ;
#1268 = DIRECTION ( 'NONE',  ( -0.000000000000000000, 1.442803234293912154E-16, -1.000000000000000000 ) ) ;
#1269 = EDGE_LOOP ( 'NONE', ( #673, #219, #1216 ) ) ;
#1270 = AXIS2_PLACEMENT_3D ( 'NONE', #280, #592, #1757 ) ;
#1271 = ORIENTED_EDGE ( 'NONE', *, *, #1817, .T. ) ;
#1272 = DIRECTION ( 'NONE',  ( 0.08715574274765820750, 0.9961946980917455452, 1.437312932393222493E-16 ) ) ;
#1273 = EDGE_CURVE ( 'NONE', #797, #1249, #1566, .T. ) ;
#1274 = DIRECTION ( 'NONE',  ( 0.000000000000000000, 1.000000000000000000, 1.442803234293912154E-16 ) ) ;
#1275 = CARTESIAN_POINT ( 'NONE',  ( -30.65863222174429836, 2.646776394876903193, 2.515449107417196739 ) ) ;
#1276 = AXIS2_PLACEMENT_3D ( 'NONE', #1512, #200, #787 ) ;
#1277 = ORIENTED_EDGE ( 'NONE', *, *, #1083, .F. ) ;
#1278 = VECTOR ( 'NONE', #1755, 1000.000000000000000 ) ;
#1279 = EDGE_CURVE ( 'NONE', #100, #685, #1788, .T. ) ;
#1280 = ORIENTED_EDGE ( 'NONE', *, *, #1107, .F. ) ;
#1281 = DIRECTION ( 'NONE',  ( 0.000000000000000000, 1.000000000000000000, 1.442803234293912154E-16 ) ) ;
#1282 = CARTESIAN_POINT ( 'NONE',  ( 0.000000000000000000, -6.938893903907229955E-15, 43.29999999999999005 ) ) ;
#1283 = CARTESIAN_POINT ( 'NONE',  ( -2.762837045100770883, -31.57937192950834770, 4.042885789999994373 ) ) ;
#1284 = ORIENTED_EDGE ( 'NONE', *, *, #1320, .F. ) ;
#1285 = EDGE_LOOP ( 'NONE', ( #1666, #1643, #248, #1294 ) ) ;
#1286 = LINE ( 'NONE', #1576, #1313 ) ;
#1287 = AXIS2_PLACEMENT_3D ( 'NONE', #1559, #1268, #245 ) ;
#1288 = EDGE_CURVE ( 'NONE', #1491, #1249, #553, .T. ) ;
#1289 = CARTESIAN_POINT ( 'NONE',  ( -31.57937192950837613, 2.762837045100439592, 3.442885790000000501 ) ) ;
#1290 = ORIENTED_EDGE ( 'NONE', *, *, #1335, .T. ) ;
#1291 = ORIENTED_EDGE ( 'NONE', *, *, #904, .T. ) ;
#1292 = LINE ( 'NONE', #372, #1181 ) ;
#1293 = DIRECTION ( 'NONE',  ( -0.000000000000000000, 1.442803234293912154E-16, -1.000000000000000000 ) ) ;
#1294 = ORIENTED_EDGE ( 'NONE', *, *, #179, .F. ) ;
#1295 = DIRECTION ( 'NONE',  ( 0.000000000000000000, 1.000000000000000000, 1.504886296194390346E-16 ) ) ;
#1296 = FACE_OUTER_BOUND ( 'NONE', #1850, .T. ) ;
#1297 = DIRECTION ( 'NONE',  ( -0.000000000000000000, 1.442803234293912154E-16, -1.000000000000000000 ) ) ;
#1298 = EDGE_CURVE ( 'NONE', #651, #1199, #536, .T. ) ;
#1299 = ORIENTED_EDGE ( 'NONE', *, *, #588, .F. ) ;
#1300 = DIRECTION ( 'NONE',  ( -0.000000000000000000, 1.442803234293912154E-16, -1.000000000000000000 ) ) ;
#1301 = CARTESIAN_POINT ( 'NONE',  ( 9.062343851558065211, 29.64159111647229494, 4.746918310342247871 ) ) ;
#1302 = ORIENTED_EDGE ( 'NONE', *, *, #580, .F. ) ;
#1303 = CARTESIAN_POINT ( 'NONE',  ( -2.701476567871834877, -30.87801846545921336, -4.455090491055169590E-15 ) ) ;
#1304 = FACE_OUTER_BOUND ( 'NONE', #60, .T. ) ;
#1305 = ORIENTED_EDGE ( 'NONE', *, *, #140, .F. ) ;
#1306 = CARTESIAN_POINT ( 'NONE',  ( 30.38393829179826255, -2.658250153803475069, 2.242885789999999879 ) ) ;
#1307 = EDGE_CURVE ( 'NONE', #558, #1569, #1394, .T. ) ;
#1308 = FACE_OUTER_BOUND ( 'NONE', #972, .T. ) ;
#1309 = EDGE_LOOP ( 'NONE', ( #353, #351, #233, #425, #512, #1522, #841, #1420 ) ) ;
#1310 = LINE ( 'NONE', #1445, #1488 ) ;
#1311 = ADVANCED_FACE ( 'NONE', ( #98 ), #1130, .F. ) ;
#1312 = AXIS2_PLACEMENT_3D ( 'NONE', #1149, #1160, #1525 ) ;
#1313 = VECTOR ( 'NONE', #261, 1000.000000000000000 ) ;
#1314 = DIRECTION ( 'NONE',  ( -0.000000000000000000, 1.442803234293912154E-16, -1.000000000000000000 ) ) ;
#1315 = VECTOR ( 'NONE', #550, 1000.000000000000000 ) ;
#1316 = AXIS2_PLACEMENT_3D ( 'NONE', #1729, #692, #560 ) ;
#1317 = CARTESIAN_POINT ( 'NONE',  ( 0.000000000000000000, -4.967406753116552171E-16, 3.442885790000000501 ) ) ;
#1318 = DIRECTION ( 'NONE',  ( -0.08715574274765820750, -0.9961946980917455452, -1.437312932393212633E-16 ) ) ;
#1319 = ORIENTED_EDGE ( 'NONE', *, *, #1812, .T. ) ;
#1320 = EDGE_CURVE ( 'NONE', #558, #1119, #1489, .T. ) ;
#1321 = DIRECTION ( 'NONE',  ( 0.000000000000000000, 1.000000000000000000, 1.504886296194390346E-16 ) ) ;
#1322 = LINE ( 'NONE', #1306, #702 ) ;
#1323 = CARTESIAN_POINT ( 'NONE',  ( 4.286263797015735707E-15, -34.99999999999999289, 8.000000379979287146 ) ) ;
#1324 = AXIS2_PLACEMENT_3D ( 'NONE', #660, #1865, #542 ) ;
#1325 = B_SPLINE_CURVE_WITH_KNOTS ( 'NONE', 3,
 ( #1680, #569, #1820, #936 ),
 .UNSPECIFIED., .F., .F.,
 ( 4, 4 ),
 ( 8.673617379884035472E-18, 0.0002074771185626676242 ),
 .UNSPECIFIED. ) ;
#1326 = EDGE_CURVE ( 'NONE', #258, #1722, #668, .T. ) ;
#1327 = AXIS2_PLACEMENT_3D ( 'NONE', #899, #1314, #1321 ) ;
#1328 = DIRECTION ( 'NONE',  ( 0.000000000000000000, -1.442803234293912401E-16, 1.000000000000000000 ) ) ;
#1329 = DIRECTION ( 'NONE',  ( -0.9563047559630354355, 0.2923717047227368804, 4.218348411899894866E-17 ) ) ;
#1330 = DIRECTION ( 'NONE',  ( 0.7044160264027583551, -0.06162841671621688278, -0.7071067811865479058 ) ) ;
#1331 = LINE ( 'NONE', #1779, #1698 ) ;
#1332 = EDGE_CURVE ( 'NONE', #96, #45, #355, .T. ) ;
#1333 = CARTESIAN_POINT ( 'NONE',  ( -9.062343851558061658, -29.64159111647228784, 4.746918310342230107 ) ) ;
#1334 = CARTESIAN_POINT ( 'NONE',  ( 31.57937192950835481, -2.762837045100661193, 4.042885789999998813 ) ) ;
#1335 = EDGE_CURVE ( 'NONE', #1728, #1050, #710, .T. ) ;
#1336 = CARTESIAN_POINT ( 'NONE',  ( 31.57937192950835481, -2.762837045100661193, 4.042885789999998813 ) ) ;
#1337 = DIRECTION ( 'NONE',  ( -0.000000000000000000, 1.442803234293912154E-16, -1.000000000000000000 ) ) ;
#1338 = DIRECTION ( 'NONE',  ( 1.000000000000000000, 1.047444401652940007E-14, 0.000000000000000000 ) ) ;
#1339 = ORIENTED_EDGE ( 'NONE', *, *, #580, .T. ) ;
#1340 = LINE ( 'NONE', #1210, #107 ) ;
#1341 = CYLINDRICAL_SURFACE ( 'NONE', #196, 0.5000000000000004441 ) ;
#1342 = ORIENTED_EDGE ( 'NONE', *, *, #880, .F. ) ;
#1343 = DIRECTION ( 'NONE',  ( 8.659566322954271556E-17, -0.7071072515751805065, -0.7071063107976016671 ) ) ;
#1344 = AXIS2_PLACEMENT_3D ( 'NONE', #713, #1592, #151 ) ;
#1345 = FACE_OUTER_BOUND ( 'NONE', #833, .T. ) ;
#1346 = VERTEX_POINT ( 'NONE', #232 ) ;
#1347 = PLANE ( 'NONE',  #869 ) ;
#1348 = AXIS2_PLACEMENT_3D ( 'NONE', #339, #1804, #181 ) ;
#1349 = LINE ( 'NONE', #44, #543 ) ;
#1350 = ORIENTED_EDGE ( 'NONE', *, *, #1259, .F. ) ;
#1351 = CARTESIAN_POINT ( 'NONE',  ( 2.762837045100770883, 31.57937192950834770, 4.042885790000003254 ) ) ;
#1352 = ORIENTED_EDGE ( 'NONE', *, *, #440, .F. ) ;
#1353 = CARTESIAN_POINT ( 'NONE',  ( 30.42286091204542231, -2.167840844328663863, 3.526003490338213431E-16 ) ) ;
#1354 = VERTEX_POINT ( 'NONE', #1368 ) ;
#1355 = EDGE_LOOP ( 'NONE', ( #234, #336, #1818, #1735 ) ) ;
#1356 = AXIS2_PLACEMENT_3D ( 'NONE', #1242, #92, #662 ) ;
#1357 = CARTESIAN_POINT ( 'NONE',  ( -2.203379218825992414, -30.42159633683283460, 2.244171068872329755 ) ) ;
#1358 = AXIS2_PLACEMENT_3D ( 'NONE', #1422, #416, #1588 ) ;
#1359 = CARTESIAN_POINT ( 'NONE',  ( -0.000000000000000000, 0.000000000000000000, 0.000000000000000000 ) ) ;
#1360 = ORIENTED_EDGE ( 'NONE', *, *, #482, .T. ) ;
#1361 = CARTESIAN_POINT ( 'NONE',  ( 0.000000000000000000, -7.564452574845595873E-16, 5.242885790000002544 ) ) ;
#1362 = EDGE_LOOP ( 'NONE', ( #554, #956, #1280, #1856 ) ) ;
#1363 = DIRECTION ( 'NONE',  ( -0.000000000000000000, 1.442803234293912154E-16, -1.000000000000000000 ) ) ;
#1364 = LINE ( 'NONE', #62, #386 ) ;
#1365 = ORIENTED_EDGE ( 'NONE', *, *, #1778, .T. ) ;
#1366 = DIRECTION ( 'NONE',  ( -0.000000000000000000, 1.442803234293912154E-16, -1.000000000000000000 ) ) ;
#1367 = VECTOR ( 'NONE', #56, 1000.000000000000000 ) ;
#1368 = CARTESIAN_POINT ( 'NONE',  ( 0.000000000000000000, 30.50000000000001776, 5.065926991793440176E-15 ) ) ;
#1369 = ORIENTED_EDGE ( 'NONE', *, *, #210, .T. ) ;
#1370 = ORIENTED_EDGE ( 'NONE', *, *, #231, .T. ) ;
#1371 = EDGE_CURVE ( 'NONE', #1722, #462, #701, .T. ) ;
#1372 = PLANE ( 'NONE',  #1594 ) ;
#1373 = ORIENTED_EDGE ( 'NONE', *, *, #71, .F. ) ;
#1374 = DIRECTION ( 'NONE',  ( -1.000000000000000000, -1.224646799147353207E-16, -1.766924362677488244E-32 ) ) ;
#1375 = DIRECTION ( 'NONE',  ( -2.154417937136501351E-33, 1.442803234293912154E-16, -1.000000000000000000 ) ) ;
#1376 = ORIENTED_EDGE ( 'NONE', *, *, #1817, .F. ) ;
#1377 = CIRCLE ( 'NONE', #726, 31.70000000000001350 ) ;
#1378 = CARTESIAN_POINT ( 'NONE',  ( 31.66023444818482346, 1.587310519706744749, 2.290176751661642771E-16 ) ) ;
#1379 = ADVANCED_FACE ( 'NONE', ( #831 ), #884, .F. ) ;
#1380 = DIRECTION ( 'NONE',  ( 0.000000000000000000, 1.000000000000000000, 2.188925521737295721E-16 ) ) ;
#1381 = ORIENTED_EDGE ( 'NONE', *, *, #1536, .T. ) ;
#1382 = PRESENTATION_LAYER_ASSIGNMENT (  '', '', ( #316 ) ) ;
#1383 = ORIENTED_EDGE ( 'NONE', *, *, #1587, .T. ) ;
#1384 = CARTESIAN_POINT ( 'NONE',  ( 30.87801846545922757, -2.701476567871727852, 2.738853269657738565 ) ) ;
#1385 = FACE_OUTER_BOUND ( 'NONE', #395, .T. ) ;
#1386 = VERTEX_POINT ( 'NONE', #1283 ) ;
#1387 = CARTESIAN_POINT ( 'NONE',  ( 0.000000000000000000, 0.000000000000000000, 0.000000000000000000 ) ) ;
#1388 = ORIENTED_EDGE ( 'NONE', *, *, #605, .T. ) ;
#1389 = DIRECTION ( 'NONE',  ( -0.000000000000000000, 1.442803234293912154E-16, -1.000000000000000000 ) ) ;
#1390 = DIRECTION ( 'NONE',  ( 0.06162841671621945017, 0.7044160264027583551, -0.7071067811865479058 ) ) ;
#1391 = DIRECTION ( 'NONE',  ( 0.000000000000000000, -1.442803234293912154E-16, 1.000000000000000000 ) ) ;
#1392 = EDGE_CURVE ( 'NONE', #568, #236, #689, .T. ) ;
#1393 = VERTEX_POINT ( 'NONE', #1255 ) ;
#1394 = CIRCLE ( 'NONE', #1162, 31.70000000000000639 ) ;
#1395 = VECTOR ( 'NONE', #1390, 1000.000000000000000 ) ;
#1396 = ADVANCED_FACE ( 'NONE', ( #1096 ), #1766, .F. ) ;
#1397 = ORIENTED_EDGE ( 'NONE', *, *, #1652, .T. ) ;
#1398 = CARTESIAN_POINT ( 'NONE',  ( 0.000000000000000000, -31.70000000000001350, 3.442885789999995616 ) ) ;
#1399 = ORIENTED_EDGE ( 'NONE', *, *, #1178, .T. ) ;
#1400 = DIRECTION ( 'NONE',  ( 0.000000000000000000, -1.442803234293912154E-16, 1.000000000000000000 ) ) ;
#1401 = DIRECTION ( 'NONE',  ( 0.000000000000000000, 1.442803234293912401E-16, -1.000000000000000000 ) ) ;
#1402 = VERTEX_POINT ( 'NONE', #818 ) ;
#1403 = ORIENTED_EDGE ( 'NONE', *, *, #743, .F. ) ;
#1404 = CARTESIAN_POINT ( 'NONE',  ( -29.01967292114148478, 9.386617258095091287, 1.354304173905865283E-15 ) ) ;
#1405 = DIRECTION ( 'NONE',  ( 0.000000000000000000, 1.000000000000000000, 1.504886296194390346E-16 ) ) ;
#1406 = DIRECTION ( 'NONE',  ( -0.000000000000000000, 1.442803234293912154E-16, -1.000000000000000000 ) ) ;
#1407 = ORIENTED_EDGE ( 'NONE', *, *, #609, .T. ) ;
#1408 = AXIS2_PLACEMENT_3D ( 'NONE', #331, #1057, #1202 ) ;
#1409 = ORIENTED_EDGE ( 'NONE', *, *, #1473, .F. ) ;
#1410 = CARTESIAN_POINT ( 'NONE',  ( 0.000000000000000000, 0.000000000000000000, 0.000000000000000000 ) ) ;
#1411 = EDGE_CURVE ( 'NONE', #93, #81, #549, .T. ) ;
#1412 = DIRECTION ( 'NONE',  ( 0.000000000000000000, 1.442803234293912401E-16, -1.000000000000000000 ) ) ;
#1413 = DIRECTION ( 'NONE',  ( 0.000000000000000000, -1.442803234293912154E-16, 1.000000000000000000 ) ) ;
#1414 = CIRCLE ( 'NONE', #1476, 31.70000000000001350 ) ;
#1415 = ORIENTED_EDGE ( 'NONE', *, *, #1326, .F. ) ;
#1416 = ORIENTED_EDGE ( 'NONE', *, *, #1170, .T. ) ;
#1417 = DIRECTION ( 'NONE',  ( 0.000000000000000000, 1.000000000000000000, 1.442803234293912154E-16 ) ) ;
#1418 = CARTESIAN_POINT ( 'NONE',  ( 30.81203885079170846, 2.299031132645503295, 4.847722283478732130 ) ) ;
#1419 = DIRECTION ( 'NONE',  ( -0.000000000000000000, 1.442803234293912154E-16, -1.000000000000000000 ) ) ;
#1420 = ORIENTED_EDGE ( 'NONE', *, *, #602, .F. ) ;
#1421 = ORIENTED_EDGE ( 'NONE', *, *, #1298, .T. ) ;
#1422 = CARTESIAN_POINT ( 'NONE',  ( 0.000000000000000000, -3.236042871963856698E-16, 2.242885790000000323 ) ) ;
#1423 = CARTESIAN_POINT ( 'NONE',  ( 0.000000000000000000, -9.600082711450312947E-32, 6.653771271970055286E-16 ) ) ;
#1424 = CARTESIAN_POINT ( 'NONE',  ( 30.31486076402826413, -9.268183039710669036, 4.042885789999997037 ) ) ;
#1425 = AXIS2_PLACEMENT_3D ( 'NONE', #1553, #483, #1072 ) ;
#1426 = ORIENTED_EDGE ( 'NONE', *, *, #1499, .T. ) ;
#1427 = VECTOR ( 'NONE', #1004, 1000.000000000000000 ) ;
#1428 = ORIENTED_EDGE ( 'NONE', *, *, #229, .T. ) ;
#1429 = CARTESIAN_POINT ( 'NONE',  ( 1.289125662011050223E-14, -9.098247793405883570E-15, 35.74288579000027255 ) ) ;
#1430 = FACE_OUTER_BOUND ( 'NONE', #240, .T. ) ;
#1431 = ORIENTED_EDGE ( 'NONE', *, *, #297, .F. ) ;
#1432 = AXIS2_PLACEMENT_3D ( 'NONE', #70, #1090, #715 ) ;
#1433 = FACE_OUTER_BOUND ( 'NONE', #824, .T. ) ;
#1434 = ADVANCED_FACE ( 'NONE', ( #676 ), #531, .T. ) ;
#1435 = ORIENTED_EDGE ( 'NONE', *, *, #94, .F. ) ;
#1436 = FACE_OUTER_BOUND ( 'NONE', #1800, .T. ) ;
#1437 = PRODUCT_DEFINITION_CONTEXT ( 'detailed design', #19, 'design' ) ;
#1438 = AXIS2_PLACEMENT_3D ( 'NONE', #632, #893, #170 ) ;
#1439 = CARTESIAN_POINT ( 'NONE',  ( 0.000000000000000000, -3.236042871963856698E-16, 2.242885790000000323 ) ) ;
#1440 = EDGE_CURVE ( 'NONE', #778, #93, #1056, .T. ) ;
#1441 = ORIENTED_EDGE ( 'NONE', *, *, #370, .F. ) ;
#1442 = CARTESIAN_POINT ( 'NONE',  ( 9.540496229539579431, 29.49540526411091435, 4.255606611186890497E-15 ) ) ;
#1443 = CARTESIAN_POINT ( 'NONE',  ( 9.386617258095391492, 29.01967292114138530, 5.242885790000006097 ) ) ;
#1444 = VERTEX_POINT ( 'NONE', #387 ) ;
#1445 = CARTESIAN_POINT ( 'NONE',  ( -9.268183039710775617, -30.31486076402823215, 4.042885789999994373 ) ) ;
#1446 = CIRCLE ( 'NONE', #137, 0.5000000000000004441 ) ;
#1447 = EDGE_CURVE ( 'NONE', #705, #1551, #205, .T. ) ;
#1448 = CARTESIAN_POINT ( 'NONE',  ( -29.53286253328569444, 9.038660741759251493, 4.857824611754024247 ) ) ;
#1449 = ORIENTED_EDGE ( 'NONE', *, *, #1288, .T. ) ;
#1450 = DIRECTION ( 'NONE',  ( 9.270699738829027328E-34, 1.442803234293912401E-16, -1.000000000000000000 ) ) ;
#1451 = CARTESIAN_POINT ( 'NONE',  ( -2.299031132645383835, 30.81203885079169780, 4.847722283478754335 ) ) ;
#1452 = ORIENTED_EDGE ( 'NONE', *, *, #1799, .F. ) ;
#1453 = ADVANCED_FACE ( 'NONE', ( #1853 ), #1758, .F. ) ;
#1454 = ADVANCED_FACE ( 'NONE', ( #105 ), #795, .T. ) ;
#1455 = CARTESIAN_POINT ( 'NONE',  ( -2.658250153803581650, 30.38393829179825190, 2.242885790000004764 ) ) ;
#1456 = VECTOR ( 'NONE', #1158, 1000.000000000000000 ) ;
#1457 = CARTESIAN_POINT ( 'NONE',  ( -30.43138700220487891, 2.325443955196309531, 2.262925913407219713 ) ) ;
#1458 = VECTOR ( 'NONE', #86, 1000.000000000000000 ) ;
#1459 = CARTESIAN_POINT ( 'NONE',  ( -9.103215304414636222, -29.24506949031071201, 5.113797969554449985 ) ) ;
#1460 = DIRECTION ( 'NONE',  ( 0.000000000000000000, 1.442803234293912154E-16, -1.000000000000000000 ) ) ;
#1461 = ORIENTED_EDGE ( 'NONE', *, *, #1812, .F. ) ;
#1462 = CARTESIAN_POINT ( 'NONE',  ( 0.000000000000000000, 0.000000000000000000, 0.000000000000000000 ) ) ;
#1463 = EDGE_CURVE ( 'NONE', #1651, #1541, #400, .T. ) ;
#1464 = AXIS2_PLACEMENT_3D ( 'NONE', #1136, #90, #1109 ) ;
#1465 = CARTESIAN_POINT ( 'NONE',  ( 1.587310519706609302, -31.66023444818483057, -4.567948866034460729E-15 ) ) ;
#1466 = AXIS2_PLACEMENT_3D ( 'NONE', #225, #1484, #172 ) ;
#1467 = AXIS2_PLACEMENT_3D ( 'NONE', #1151, #1738, #1128 ) ;
#1468 = CARTESIAN_POINT ( 'NONE',  ( 2.459045450062470994, 30.48589027785844863, 2.327722804879794438 ) ) ;
#1469 = CARTESIAN_POINT ( 'NONE',  ( 9.310579741977985435, 29.04426779038715623, 5.242885790000007873 ) ) ;
#1470 = ADVANCED_FACE ( 'NONE', ( #557 ), #648, .T. ) ;
#1471 = CARTESIAN_POINT ( 'NONE',  ( 0.000000000000000000, -7.564452574845580096E-16, 5.242885789999991886 ) ) ;
#1472 = AXIS2_PLACEMENT_3D ( 'NONE', #1771, #29, #1338 ) ;
#1473 = EDGE_CURVE ( 'NONE', #1894, #135, #942, .T. ) ;
#1474 = DIRECTION ( 'NONE',  ( 0.000000000000000000, 1.000000000000000000, 1.442803234293912154E-16 ) ) ;
#1475 = CARTESIAN_POINT ( 'NONE',  ( 0.000000000000000000, -7.564452574845592915E-16, 5.242885790000000767 ) ) ;
#1476 = AXIS2_PLACEMENT_3D ( 'NONE', #794, #55, #912 ) ;
#1477 = EDGE_CURVE ( 'NONE', #1833, #1086, #79, .T. ) ;
#1478 = CIRCLE ( 'NONE', #1344, 31.70000000000001350 ) ;
#1479 = DIRECTION ( 'NONE',  ( -0.000000000000000000, 1.442803234293912154E-16, -1.000000000000000000 ) ) ;
#1480 = DIRECTION ( 'NONE',  ( -0.000000000000000000, 1.442803234293912154E-16, -1.000000000000000000 ) ) ;
#1481 = CIRCLE ( 'NONE', #853, 30.50000000000001421 ) ;
#1482 = CARTESIAN_POINT ( 'NONE',  ( 29.01967292114141728, -9.386617258095292016, 5.242885789999996327 ) ) ;
#1483 = ADVANCED_FACE ( 'NONE', ( #1734 ), #742, .T. ) ;
#1484 = DIRECTION ( 'NONE',  ( 0.9563047559630354355, -0.2923717047227368804, -4.218348411899894866E-17 ) ) ;
#1485 = EDGE_CURVE ( 'NONE', #135, #847, #1165, .T. ) ;
#1486 = DIRECTION ( 'NONE',  ( 0.000000000000000000, 1.000000000000000000, 1.442803234293912154E-16 ) ) ;
#1487 = LINE ( 'NONE', #36, #1507 ) ;
#1488 = VECTOR ( 'NONE', #961, 1000.000000000000000 ) ;
#1489 = CIRCLE ( 'NONE', #1869, 31.70000000000000639 ) ;
#1490 = DIRECTION ( 'NONE',  ( 0.000000000000000000, -1.000000000000000000, -1.442803234293912154E-16 ) ) ;
#1491 = VERTEX_POINT ( 'NONE', #1014 ) ;
#1492 = DIRECTION ( 'NONE',  ( -1.000000000000000000, -3.491481338843133355E-15, 0.000000000000000000 ) ) ;
#1493 = CARTESIAN_POINT ( 'NONE',  ( 9.386617258095393268, 29.01967292114138885, 4.186967794877425882E-15 ) ) ;
#1494 = ORIENTED_EDGE ( 'NONE', *, *, #440, .T. ) ;
#1495 = DIRECTION ( 'NONE',  ( -0.000000000000000000, 1.442803234293912154E-16, -1.000000000000000000 ) ) ;
#1496 = AXIS2_PLACEMENT_3D ( 'NONE', #1740, #863, #1010 ) ;
#1497 = DIRECTION ( 'NONE',  ( 0.000000000000000000, 1.000000000000000000, 1.641694141302971421E-16 ) ) ;
#1498 = VERTEX_POINT ( 'NONE', #435 ) ;
#1499 = EDGE_CURVE ( 'NONE', #260, #946, #885, .T. ) ;
#1500 = CARTESIAN_POINT ( 'NONE',  ( 1.587310519706609968, -31.66023444818483057, -4.567948866034460729E-15 ) ) ;
#1501 = EDGE_CURVE ( 'NONE', #1212, #258, #138, .T. ) ;
#1502 = VECTOR ( 'NONE', #373, 1000.000000000000000 ) ;
#1503 = DIRECTION ( 'NONE',  ( 0.000000000000000000, 1.000000000000000000, 1.442803234293909196E-16 ) ) ;
#1504 = ORIENTED_EDGE ( 'NONE', *, *, #1778, .F. ) ;
#1505 = FACE_OUTER_BOUND ( 'NONE', #1285, .T. ) ;
#1506 = ORIENTED_EDGE ( 'NONE', *, *, #188, .T. ) ;
#1507 = VECTOR ( 'NONE', #1657, 1000.000000000000000 ) ;
#1508 = LINE ( 'NONE', #1093, #101 ) ;
#1509 = EDGE_LOOP ( 'NONE', ( #1227, #84, #677, #642, #812 ) ) ;
#1510 = CARTESIAN_POINT ( 'NONE',  ( -2.701476567871834877, -30.87801846545921336, 2.738853269657731460 ) ) ;
#1511 = VECTOR ( 'NONE', #802, 1000.000000000000227 ) ;
#1512 = CARTESIAN_POINT ( 'NONE',  ( 0.000000000000000000, 0.000000000000000000, 0.000000000000000000 ) ) ;
#1513 = EDGE_LOOP ( 'NONE', ( #1580, #821, #1144, #401 ) ) ;
#1514 = DIRECTION ( 'NONE',  ( 0.9563047559630384331, -0.2923717047227268329, -4.218348411899758664E-17 ) ) ;
#1515 = ORIENTED_EDGE ( 'NONE', *, *, #767, .F. ) ;
#1516 = DIRECTION ( 'NONE',  ( 0.000000000000000000, 1.000000000000000000, 1.486905836551549325E-16 ) ) ;
#1517 = CARTESIAN_POINT ( 'NONE',  ( 29.31407891252843001, -9.063166506908435949, 5.059829413097277850 ) ) ;
#1518 = AXIS2_PLACEMENT_3D ( 'NONE', #191, #1807, #753 ) ;
#1519 = ORIENTED_EDGE ( 'NONE', *, *, #1683, .T. ) ;
#1520 = AXIS2_PLACEMENT_3D ( 'NONE', #671, #214, #354 ) ;
#1521 = LINE ( 'NONE', #1500, #22 ) ;
#1522 = ORIENTED_EDGE ( 'NONE', *, *, #704, .T. ) ;
#1523 = ADVANCED_FACE ( 'NONE', ( #1147 ), #33, .F. ) ;
#1524 = ORIENTED_EDGE ( 'NONE', *, *, #1240, .F. ) ;
#1525 = DIRECTION ( 'NONE',  ( 0.000000000000000000, 1.000000000000000000, 1.442803234293912154E-16 ) ) ;
#1526 = ORIENTED_EDGE ( 'NONE', *, *, #43, .T. ) ;
#1527 =( NAMED_UNIT ( * ) PLANE_ANGLE_UNIT ( ) SI_UNIT ( $, .RADIAN. ) );
#1528 = CARTESIAN_POINT ( 'NONE',  ( 0.000000000000000000, -31.70000000000001350, 3.442885789999995616 ) ) ;
#1529 = B_SPLINE_CURVE_WITH_KNOTS ( 'NONE', 3,
 ( #11, #601, #300, #1898 ),
 .UNSPECIFIED., .F., .F.,
 ( 4, 4 ),
 ( 1.177345717488980092E-17, 0.002053251952071876059 ),
 .UNSPECIFIED. ) ;
#1530 = ORIENTED_EDGE ( 'NONE', *, *, #1087, .T. ) ;
#1531 = CARTESIAN_POINT ( 'NONE',  ( -30.38393829179822347, -2.658250153803900506, 5.242885790000000767 ) ) ;
#1532 = DIRECTION ( 'NONE',  ( 1.000000000000000000, 0.000000000000000000, -0.000000000000000000 ) ) ;
#1533 = ORIENTED_EDGE ( 'NONE', *, *, #58, .F. ) ;
#1534 = ORIENTED_EDGE ( 'NONE', *, *, #875, .F. ) ;
#1535 = CARTESIAN_POINT ( 'NONE',  ( -2.203379218825961772, -30.92159633683304421, -4.461377920431349449E-15 ) ) ;
#1536 = EDGE_CURVE ( 'NONE', #903, #100, #1893, .T. ) ;
#1537 = CARTESIAN_POINT ( 'NONE',  ( 30.38393829179826255, -2.658250153803475513, 5.242885790000000767 ) ) ;
#1538 = ORIENTED_EDGE ( 'NONE', *, *, #1273, .F. ) ;
#1539 = CARTESIAN_POINT ( 'NONE',  ( -9.268183039710775617, -30.31486076402823215, 4.042885789999994373 ) ) ;
#1540 = FACE_OUTER_BOUND ( 'NONE', #670, .T. ) ;
#1541 = VERTEX_POINT ( 'NONE', #288 ) ;
#1542 = AXIS2_PLACEMENT_3D ( 'NONE', #1743, #1179, #455 ) ;
#1543 = CYLINDRICAL_SURFACE ( 'NONE', #1858, 31.70000000000001350 ) ;
#1544 = LINE ( 'NONE', #1827, #1131 ) ;
#1545 = EDGE_CURVE ( 'NONE', #1050, #778, #721, .T. ) ;
#1546 = CARTESIAN_POINT ( 'NONE',  ( 0.000000000000000000, -7.564452574845593901E-16, 5.242885790000000767 ) ) ;
#1547 = ORIENTED_EDGE ( 'NONE', *, *, #997, .F. ) ;
#1548 = ORIENTED_EDGE ( 'NONE', *, *, #588, .T. ) ;
#1549 = FACE_OUTER_BOUND ( 'NONE', #23, .T. ) ;
#1550 = DIRECTION ( 'NONE',  ( 0.08715574274765820750, 0.9961946980917455452, 0.000000000000000000 ) ) ;
#1551 = VERTEX_POINT ( 'NONE', #1323 ) ;
#1552 = CARTESIAN_POINT ( 'NONE',  ( 0.000000000000000000, -9.600082711450312947E-32, 6.653771271970055286E-16 ) ) ;
#1553 = CARTESIAN_POINT ( 'NONE',  ( 0.000000000000000000, -3.236042871963856698E-16, 2.242885790000000323 ) ) ;
#1554 = EDGE_CURVE ( 'NONE', #45, #1651, #294, .T. ) ;
#1555 = VERTEX_POINT ( 'NONE', #566 ) ;
#1556 = DIRECTION ( 'NONE',  ( -0.000000000000000000, 1.442803234293912154E-16, -1.000000000000000000 ) ) ;
#1557 = DIRECTION ( 'NONE',  ( 0.000000000000000000, 1.442803234293912401E-16, -1.000000000000000000 ) ) ;
#1558 = AXIS2_PLACEMENT_3D ( 'NONE', #565, #1711, #816 ) ;
#1559 = CARTESIAN_POINT ( 'NONE',  ( 0.000000000000000000, -1.154242642258664882E-15, 8.000000379979292475 ) ) ;
#1560 = ORIENTED_EDGE ( 'NONE', *, *, #605, .F. ) ;
#1561 = VECTOR ( 'NONE', #237, 1000.000000000000000 ) ;
#1562 = ADVANCED_FACE ( 'NONE', ( #1430 ), #424, .F. ) ;
#1563 = CIRCLE ( 'NONE', #737, 31.70000000000001350 ) ;
#1564 = EDGE_LOOP ( 'NONE', ( #397, #1416, #360, #357 ) ) ;
#1565 = CARTESIAN_POINT ( 'NONE',  ( -30.31486076402832808, 9.268183039710457649, 1.337216446572223167E-15 ) ) ;
#1566 = LINE ( 'NONE', #975, #1315 ) ;
#1567 = CARTESIAN_POINT ( 'NONE',  ( -29.36004835752031994, 9.055149842965239060, 5.018195708968757884 ) ) ;
#1568 = ORIENTED_EDGE ( 'NONE', *, *, #383, .T. ) ;
#1569 = VERTEX_POINT ( 'NONE', #1173 ) ;
#1570 = DIRECTION ( 'NONE',  ( 0.000000000000000000, 1.000000000000000000, 2.188925521737295475E-16 ) ) ;
#1571 = CARTESIAN_POINT ( 'NONE',  ( 0.000000000000000000, -5.833088693692896456E-16, 4.042885789999998813 ) ) ;
#1572 = DIRECTION ( 'NONE',  ( 0.000000000000000000, 1.000000000000000000, 1.442803234293912154E-16 ) ) ;
#1573 = EDGE_LOOP ( 'NONE', ( #120, #864, #1290, #1702 ) ) ;
#1574 = VECTOR ( 'NONE', #390, 1000.000000000000000 ) ;
#1575 = ORIENTED_EDGE ( 'NONE', *, *, #1876, .T. ) ;
#1576 = CARTESIAN_POINT ( 'NONE',  ( 29.49540526411094987, -9.040496229539478179, -1.304365719960147845E-15 ) ) ;
#1577 = DIRECTION ( 'NONE',  ( 0.000000000000000000, 0.000000000000000000, 1.000000000000000000 ) ) ;
#1578 = CARTESIAN_POINT ( 'NONE',  ( 0.000000000000000000, -5.833088693692896456E-16, 4.042885789999998813 ) ) ;
#1579 = CIRCLE ( 'NONE', #688, 31.70000000000001350 ) ;
#1580 = ORIENTED_EDGE ( 'NONE', *, *, #862, .F. ) ;
#1581 = ORIENTED_EDGE ( 'NONE', *, *, #51, .F. ) ;
#1582 = DIRECTION ( 'NONE',  ( 0.000000000000000000, 1.000000000000000000, 1.442803234293912401E-16 ) ) ;
#1583 = EDGE_CURVE ( 'NONE', #1393, #1875, #1478, .T. ) ;
#1584 = CARTESIAN_POINT ( 'NONE',  ( -2.352076306004638351, -30.43929492798349301, 2.272860545909646923 ) ) ;
#1585 = EDGE_LOOP ( 'NONE', ( #1854, #649, #1237, #1685 ) ) ;
#1586 = EDGE_LOOP ( 'NONE', ( #281, #379 ) ) ;
#1587 = EDGE_CURVE ( 'NONE', #532, #524, #194, .T. ) ;
#1588 = DIRECTION ( 'NONE',  ( 1.000000000000000000, 1.047444401652940007E-14, 0.000000000000000000 ) ) ;
#1589 = CARTESIAN_POINT ( 'NONE',  ( -29.01967292114148123, 9.386617258095089511, 5.242885789999993662 ) ) ;
#1590 = EDGE_LOOP ( 'NONE', ( #1284, #678, #658 ) ) ;
#1591 = CARTESIAN_POINT ( 'NONE',  ( 0.000000000000000000, 0.000000000000000000, 0.000000000000000000 ) ) ;
#1592 = DIRECTION ( 'NONE',  ( 0.000000000000000000, 1.442803234293912401E-16, -1.000000000000000000 ) ) ;
#1593 = ORIENTED_EDGE ( 'NONE', *, *, #1168, .F. ) ;
#1594 = AXIS2_PLACEMENT_3D ( 'NONE', #83, #724, #1550 ) ;
#1595 = DIRECTION ( 'NONE',  ( -0.000000000000000000, 1.442803234293912154E-16, -1.000000000000000000 ) ) ;
#1596 = ADVANCED_FACE ( 'NONE', ( #1308 ), #167, .F. ) ;
#1597 = CARTESIAN_POINT ( 'NONE',  ( 2.762837045100770883, 31.57937192950834770, 4.042885790000003254 ) ) ;
#1598 = EDGE_CURVE ( 'NONE', #1073, #207, #1377, .T. ) ;
#1599 = EDGE_CURVE ( 'NONE', #1444, #984, #957, .T. ) ;
#1600 = ORIENTED_EDGE ( 'NONE', *, *, #24, .T. ) ;
#1601 = CARTESIAN_POINT ( 'NONE',  ( -9.038660741759562356, -29.53286253328562339, 4.857824611754002930 ) ) ;
#1602 = DIRECTION ( 'NONE',  ( -0.9961946980917464334, 0.08715574274764777141, 1.257485875235996572E-17 ) ) ;
#1603 = VERTEX_POINT ( 'NONE', #183 ) ;
#1604 = AXIS2_PLACEMENT_3D ( 'NONE', #1439, #1297, #870 ) ;
#1605 = CARTESIAN_POINT ( 'NONE',  ( 1.587310519706609746, -31.66023444818483057, 3.442885789999995616 ) ) ;
#1606 = CARTESIAN_POINT ( 'NONE',  ( -9.043087628807560563, -29.41907317566016644, 4.965313648153489190 ) ) ;
#1607 = EDGE_CURVE ( 'NONE', #1744, #1212, #1197, .T. ) ;
#1608 = DIRECTION ( 'NONE',  ( 0.000000000000000000, -1.442803234293912401E-16, 1.000000000000000000 ) ) ;
#1609 = VERTEX_POINT ( 'NONE', #46 ) ;
#1610 = VECTOR ( 'NONE', #467, 1000.000000000000000 ) ;
#1611 = CARTESIAN_POINT ( 'NONE',  ( 2.658250153803581650, -30.38393829179825190, 5.242885789999996327 ) ) ;
#1612 = VECTOR ( 'NONE', #1375, 1000.000000000000000 ) ;
#1613 = CARTESIAN_POINT ( 'NONE',  ( 30.87801846545922757, -2.701476567871728296, 4.042885789999998813 ) ) ;
#1614 = AXIS2_PLACEMENT_3D ( 'NONE', #1023, #1742, #1474 ) ;
#1615 = CARTESIAN_POINT ( 'NONE',  ( 9.045971134723163942, 29.58803837274115267, 4.802917972999166452 ) ) ;
#1616 = EDGE_CURVE ( 'NONE', #1829, #260, #341, .T. ) ;
#1617 = EDGE_CURVE ( 'NONE', #559, #797, #1733, .T. ) ;
#1618 = CIRCLE ( 'NONE', #1030, 30.50000000000001421 ) ;
#1619 = CARTESIAN_POINT ( 'NONE',  ( 30.31486076402826413, -9.268183039710669036, 4.042885789999997037 ) ) ;
#1620 = AXIS2_PLACEMENT_3D ( 'NONE', #1423, #1695, #1274 ) ;
#1621 = DIRECTION ( 'NONE',  ( 0.000000000000000000, 1.000000000000000000, 1.641694141302971421E-16 ) ) ;
#1622 = CARTESIAN_POINT ( 'NONE',  ( 30.42286091204542231, -2.167840844328663863, 2.242885789999999879 ) ) ;
#1623 = EDGE_CURVE ( 'NONE', #1498, #1829, #535, .T. ) ;
#1624 = CARTESIAN_POINT ( 'NONE',  ( -31.23733867171853262, -1.942162209766222558, 3.038288956892652770 ) ) ;
#1625 = FACE_OUTER_BOUND ( 'NONE', #1586, .T. ) ;
#1626 =( NAMED_UNIT ( * ) SI_UNIT ( $, .STERADIAN. ) SOLID_ANGLE_UNIT ( ) );
#1627 = EDGE_CURVE ( 'NONE', #81, #1833, #1331, .T. ) ;
#1628 = CIRCLE ( 'NONE', #1849, 30.50000000000001421 ) ;
#1629 = CARTESIAN_POINT ( 'NONE',  ( 30.87801846545922757, -2.701476567871727852, 2.738853269657738565 ) ) ;
#1630 = DIRECTION ( 'NONE',  ( 0.000000000000000000, -1.000000000000000000, -1.442803234293909196E-16 ) ) ;
#1631 = VECTOR ( 'NONE', #1330, 1000.000000000000114 ) ;
#1632 = DIRECTION ( 'NONE',  ( -0.000000000000000000, 1.442803234293912154E-16, -1.000000000000000000 ) ) ;
#1633 = DIRECTION ( 'NONE',  ( -1.000000000000000000, -3.491481338843133355E-15, 0.000000000000000000 ) ) ;
#1634 = ADVANCED_FACE ( 'NONE', ( #1213 ), #473, .F. ) ;
#1635 = CARTESIAN_POINT ( 'NONE',  ( 31.57937192950835481, -2.762837045100661193, 4.042885789999998813 ) ) ;
#1636 = ORIENTED_EDGE ( 'NONE', *, *, #10, .T. ) ;
#1637 = CARTESIAN_POINT ( 'NONE',  ( 0.000000000000000000, -7.564452574845592915E-16, 5.242885790000000767 ) ) ;
#1638 = PRODUCT_DEFINITION_FORMATION_WITH_SPECIFIED_SOURCE ( 'ANY', '', #842, .NOT_KNOWN. ) ;
#1639 = AXIS2_PLACEMENT_3D ( 'NONE', #1475, #14, #756 ) ;
#1640 = CARTESIAN_POINT ( 'NONE',  ( 3.285870091435844653E-15, 5.590601670491035406E-15, 35.74288579000018018 ) ) ;
#1641 = EDGE_CURVE ( 'NONE', #1603, #1050, #69, .T. ) ;
#1642 = CONICAL_SURFACE ( 'NONE', #305, 31.70000000000001350, 0.7853981633974481680 ) ;
#1643 = ORIENTED_EDGE ( 'NONE', *, *, #579, .F. ) ;
#1644 = DIRECTION ( 'NONE',  ( -1.000000000000000000, -3.491481338843133355E-15, 0.000000000000000000 ) ) ;
#1645 = LINE ( 'NONE', #1211, #1367 ) ;
#1646 = ORIENTED_EDGE ( 'NONE', *, *, #1332, .F. ) ;
#1647 = CARTESIAN_POINT ( 'NONE',  ( 0.000000000000000000, -9.600082711450312947E-32, 6.653771271970055286E-16 ) ) ;
#1648 = CARTESIAN_POINT ( 'NONE',  ( 29.06897121591399014, -9.273108297206023920, 5.230712553395949982 ) ) ;
#1649 = AXIS2_PLACEMENT_3D ( 'NONE', #1247, #513, #1497 ) ;
#1650 = ORIENTED_EDGE ( 'NONE', *, *, #1463, .F. ) ;
#1651 = VERTEX_POINT ( 'NONE', #1068 ) ;
#1652 = EDGE_CURVE ( 'NONE', #1444, #475, #760, .T. ) ;
#1653 = CARTESIAN_POINT ( 'NONE',  ( 0.000000000000000000, -5.833088693692897442E-16, 4.042885789999998813 ) ) ;
#1654 = VECTOR ( 'NONE', #1193, 1000.000000000000000 ) ;
#1655 = DIRECTION ( 'NONE',  ( 0.7044160264027592433, -0.06162841671621200473, -0.7071067811865476838 ) ) ;
#1656 = ORIENTED_EDGE ( 'NONE', *, *, #1447, .F. ) ;
#1657 = DIRECTION ( 'NONE',  ( 2.692927325379131607E-34, -1.442803234293912154E-16, 1.000000000000000000 ) ) ;
#1658 = ORIENTED_EDGE ( 'NONE', *, *, #1205, .F. ) ;
#1659 = DIRECTION ( 'NONE',  ( -0.000000000000000000, 1.442803234293912154E-16, -1.000000000000000000 ) ) ;
#1660 = CARTESIAN_POINT ( 'NONE',  ( -30.87801846545924178, 2.701476567871511136, 4.042885789999998813 ) ) ;
#1661 = ORIENTED_EDGE ( 'NONE', *, *, #1652, .F. ) ;
#1662 = AXIS2_PLACEMENT_3D ( 'NONE', #1578, #581, #1161 ) ;
#1663 = ORIENTED_EDGE ( 'NONE', *, *, #1279, .T. ) ;
#1664 = EDGE_CURVE ( 'NONE', #1541, #1808, #1628, .T. ) ;
#1665 = CONICAL_SURFACE ( 'NONE', #452, 31.70000000000001350, 0.7853988286276539776 ) ;
#1666 = ORIENTED_EDGE ( 'NONE', *, *, #155, .F. ) ;
#1667 = DIRECTION ( 'NONE',  ( 0.000000000000000000, 1.000000000000000000, 1.421904488505578915E-16 ) ) ;
#1668 = VERTEX_POINT ( 'NONE', #1041 ) ;
#1669 = CARTESIAN_POINT ( 'NONE',  ( 30.31486076402826413, -9.268183039710669036, -1.337216446572252552E-15 ) ) ;
#1670 = CARTESIAN_POINT ( 'NONE',  ( -2.167840844328769112, -30.42286091204541520, 2.242885789999995882 ) ) ;
#1671 = EDGE_LOOP ( 'NONE', ( #177, #1409, #663, #1593 ) ) ;
#1672 = AXIS2_PLACEMENT_3D ( 'NONE', #1539, #1329, #748 ) ;
#1673 = DIRECTION ( 'NONE',  ( -0.000000000000000000, 1.442803234293912154E-16, -1.000000000000000000 ) ) ;
#1674 = DIRECTION ( 'NONE',  ( -0.000000000000000000, 1.442803234293912154E-16, -1.000000000000000000 ) ) ;
#1675 = ORIENTED_EDGE ( 'NONE', *, *, #1098, .T. ) ;
#1676 = EDGE_CURVE ( 'NONE', #943, #1744, #572, .T. ) ;
#1677 = ORIENTED_EDGE ( 'NONE', *, *, #320, .F. ) ;
#1678 = CARTESIAN_POINT ( 'NONE',  ( 30.43138700220486115, -2.325443955196524026, 2.262925913407225043 ) ) ;
#1679 = AXIS2_PLACEMENT_3D ( 'NONE', #627, #1673, #1801 ) ;
#1680 = CARTESIAN_POINT ( 'NONE',  ( 29.64159111647230915, -9.062343851557958629, 4.746918310342258529 ) ) ;
#1681 = ORIENTED_EDGE ( 'NONE', *, *, #723, .F. ) ;
#1682 = CARTESIAN_POINT ( 'NONE',  ( 31.66023444818482346, 1.587310519706744305, 3.442885790000000945 ) ) ;
#1683 = EDGE_CURVE ( 'NONE', #108, #1551, #771, .T. ) ;
#1684 = LINE ( 'NONE', #369, #287 ) ;
#1685 = ORIENTED_EDGE ( 'NONE', *, *, #786, .F. ) ;
#1686 = AXIS2_PLACEMENT_3D ( 'NONE', #1789, #814, #1060 ) ;
#1687 = SPHERICAL_SURFACE ( 'NONE', #1754, 31.70000000000000639 ) ;
#1688 = DIRECTION ( 'NONE',  ( 1.000000000000000000, 1.047444401652940007E-14, 0.000000000000000000 ) ) ;
#1689 = ORIENTED_EDGE ( 'NONE', *, *, #575, .T. ) ;
#1690 = B_SPLINE_CURVE_WITH_KNOTS ( 'NONE', 3,
 ( #613, #1624, #1188, #1182 ),
 .UNSPECIFIED., .F., .F.,
 ( 4, 4 ),
 ( 0.000000000000000000, 0.002053251952071869120 ),
 .UNSPECIFIED. ) ;
#1691 = ORIENTED_EDGE ( 'NONE', *, *, #1170, .F. ) ;
#1692 = DIRECTION ( 'NONE',  ( -0.7071067811865474617, -7.508571988335507520E-15, 0.7071067811865476838 ) ) ;
#1693 = CARTESIAN_POINT ( 'NONE',  ( 0.000000000000000000, 30.50000000000001776, 2.242885790000004764 ) ) ;
#1694 = ORIENTED_EDGE ( 'NONE', *, *, #1105, .T. ) ;
#1695 = DIRECTION ( 'NONE',  ( -0.000000000000000000, 1.442803234293912154E-16, -1.000000000000000000 ) ) ;
#1696 = LINE ( 'NONE', #657, #298 ) ;
#1697 = ORIENTED_EDGE ( 'NONE', *, *, #262, .F. ) ;
#1698 = VECTOR ( 'NONE', #1196, 1000.000000000000000 ) ;
#1699 = CYLINDRICAL_SURFACE ( 'NONE', #971, 30.50000000000001421 ) ;
#1700 = DIRECTION ( 'NONE',  ( -0.000000000000000000, 1.442803234293912154E-16, -1.000000000000000000 ) ) ;
#1701 = CARTESIAN_POINT ( 'NONE',  ( -2.203379218825992414, -30.42159633683283460, 2.244171068872329755 ) ) ;
#1702 = ORIENTED_EDGE ( 'NONE', *, *, #1545, .T. ) ;
#1703 = CIRCLE ( 'NONE', #766, 31.70000000000001350 ) ;
#1704 = VERTEX_POINT ( 'NONE', #900 ) ;
#1705 = DIRECTION ( 'NONE',  ( 0.000000000000000000, -1.000000000000000000, -1.368078451085809518E-16 ) ) ;
#1706 = CIRCLE ( 'NONE', #299, 31.70000000000001350 ) ;
#1707 = DIRECTION ( 'NONE',  ( 1.000000000000000000, 1.047444401652940007E-14, 1.503766100577553929E-30 ) ) ;
#1708 = CARTESIAN_POINT ( 'NONE',  ( -30.38393829179822347, -2.658250153803900506, 5.242885790000000767 ) ) ;
#1709 = EDGE_LOOP ( 'NONE', ( #1526, #633, #1426, #858 ) ) ;
#1710 = ORIENTED_EDGE ( 'NONE', *, *, #1627, .F. ) ;
#1711 = DIRECTION ( 'NONE',  ( -0.000000000000000000, 1.442803234293912154E-16, -1.000000000000000000 ) ) ;
#1712 = LINE ( 'NONE', #804, #446 ) ;
#1713 = AXIS2_PLACEMENT_3D ( 'NONE', #116, #1300, #1864 ) ;
#1714 = ORIENTED_EDGE ( 'NONE', *, *, #1463, .T. ) ;
#1715 = VECTOR ( 'NONE', #1867, 1000.000000000000000 ) ;
#1716 = AXIS2_PLACEMENT_3D ( 'NONE', #1857, #404, #861 ) ;
#1717 = ORIENTED_EDGE ( 'NONE', *, *, #1739, .T. ) ;
#1718 = LINE ( 'NONE', #1009, #976 ) ;
#1719 = DIRECTION ( 'NONE',  ( 0.000000000000000000, 1.442803234293912154E-16, -1.000000000000000000 ) ) ;
#1720 = DIRECTION ( 'NONE',  ( 0.000000000000000000, 1.000000000000000000, 1.442803234293912154E-16 ) ) ;
#1721 = ORIENTED_EDGE ( 'NONE', *, *, #664, .F. ) ;
#1722 = VERTEX_POINT ( 'NONE', #927 ) ;
#1723 = CARTESIAN_POINT ( 'NONE',  ( -29.64159111647237665, 9.062343851557752572, 1.307517901931107414E-15 ) ) ;
#1724 = CARTESIAN_POINT ( 'NONE',  ( -2.203379218825961772, -30.42159633683304421, -4.389237758716653385E-15 ) ) ;
#1725 = CARTESIAN_POINT ( 'NONE',  ( 0.000000000000000000, -6.938893903907229955E-15, 43.29999999999999005 ) ) ;
#1726 = ORIENTED_EDGE ( 'NONE', *, *, #805, .F. ) ;
#1727 = CIRCLE ( 'NONE', #889, 31.70000000000001350 ) ;
#1728 = VERTEX_POINT ( 'NONE', #1221 ) ;
#1729 = CARTESIAN_POINT ( 'NONE',  ( 0.000000000000000000, -7.564452574845592915E-16, 5.242885790000000767 ) ) ;
#1730 = CARTESIAN_POINT ( 'NONE',  ( -29.08689481699336810, 9.243241256717668719, 5.222715718148088548 ) ) ;
#1731 = ORIENTED_EDGE ( 'NONE', *, *, #1501, .T. ) ;
#1732 = CYLINDRICAL_SURFACE ( 'NONE', #478, 0.5000000000000004441 ) ;
#1733 = CIRCLE ( 'NONE', #1775, 0.5000000000000000000 ) ;
#1734 = FACE_OUTER_BOUND ( 'NONE', #274, .T. ) ;
#1735 = ORIENTED_EDGE ( 'NONE', *, *, #904, .F. ) ;
#1736 = DIRECTION ( 'NONE',  ( -0.2067380150365166480, -0.6762095778224037623, -0.7071067811865529018 ) ) ;
#1737 = AXIS2_PLACEMENT_3D ( 'NONE', #1619, #892, #752 ) ;
#1738 = DIRECTION ( 'NONE',  ( 0.000000000000000000, 1.442803234293912154E-16, -1.000000000000000000 ) ) ;
#1739 = EDGE_CURVE ( 'NONE', #325, #340, #1487, .T. ) ;
#1740 = CARTESIAN_POINT ( 'NONE',  ( 0.000000000000000000, 0.000000000000000000, 0.000000000000000000 ) ) ;
#1741 = ORIENTED_EDGE ( 'NONE', *, *, #95, .T. ) ;
#1742 = DIRECTION ( 'NONE',  ( -0.000000000000000000, 1.442803234293912154E-16, -1.000000000000000000 ) ) ;
#1743 = CARTESIAN_POINT ( 'NONE',  ( 0.000000000000000000, -6.247338004492638418E-15, 43.29999999999999005 ) ) ;
#1744 = VERTEX_POINT ( 'NONE', #916 ) ;
#1745 = CARTESIAN_POINT ( 'NONE',  ( 2.658250153803581206, 30.38393829179825190, 5.242885790000004320 ) ) ;
#1746 = VECTOR ( 'NONE', #1391, 1000.000000000000000 ) ;
#1747 = FACE_OUTER_BOUND ( 'NONE', #911, .T. ) ;
#1748 = EDGE_CURVE ( 'NONE', #903, #1722, #808, .T. ) ;
#1749 = FACE_BOUND ( 'NONE', #192, .T. ) ;
#1750 = CARTESIAN_POINT ( 'NONE',  ( 0.000000000000000000, -4.967406753116552171E-16, 3.442885790000000501 ) ) ;
#1751 = ORIENTED_EDGE ( 'NONE', *, *, #739, .T. ) ;
#1752 = AXIS2_PLACEMENT_3D ( 'NONE', #1891, #1153, #284 ) ;
#1753 = CARTESIAN_POINT ( 'NONE',  ( 1.587310519706609746, -31.66023444818483057, 3.442885789999995616 ) ) ;
#1754 = AXIS2_PLACEMENT_3D ( 'NONE', #1282, #530, #1241 ) ;
#1755 = DIRECTION ( 'NONE',  ( -0.06162841671621945017, -0.7044160264027581331, -0.7071067811865481278 ) ) ;
#1756 = EDGE_CURVE ( 'NONE', #655, #367, #693, .T. ) ;
#1757 = DIRECTION ( 'NONE',  ( -1.000000000000000000, -1.047444401652940007E-14, 0.000000000000000000 ) ) ;
#1758 = CONICAL_SURFACE ( 'NONE', #618, 31.69999999999999929, 0.7853981633974410625 ) ;
#1759 = DIRECTION ( 'NONE',  ( -0.000000000000000000, 1.442803234293911661E-16, -1.000000000000000000 ) ) ;
#1760 = AXIS2_PLACEMENT_3D ( 'NONE', #381, #635, #1215 ) ;
#1761 = CARTESIAN_POINT ( 'NONE',  ( 9.268183039710775617, 30.31486076402823215, 4.042885790000003254 ) ) ;
#1762 = CIRCLE ( 'NONE', #1348, 31.70000000000001350 ) ;
#1763 = CARTESIAN_POINT ( 'NONE',  ( -31.57937192950837613, 2.762837045100440037, 3.986230224497956642E-16 ) ) ;
#1764 = VECTOR ( 'NONE', #1514, 1000.000000000000114 ) ;
#1765 = CARTESIAN_POINT ( 'NONE',  ( -1.587310519706609302, 31.66023444818483057, 3.442885790000005386 ) ) ;
#1766 = CONICAL_SURFACE ( 'NONE', #1356, 31.70000000000001350, 0.7853981633974481680 ) ;
#1767 = EDGE_CURVE ( 'NONE', #685, #367, #481, .T. ) ;
#1768 = DIRECTION ( 'NONE',  ( -0.000000000000000000, 1.442803234293912154E-16, -1.000000000000000000 ) ) ;
#1769 = LINE ( 'NONE', #1336, #1631 ) ;
#1770 = DIRECTION ( 'NONE',  ( -0.000000000000000000, 1.442803234293912154E-16, -1.000000000000000000 ) ) ;
#1771 = CARTESIAN_POINT ( 'NONE',  ( 0.000000000000000000, -7.564452574845593901E-16, 5.242885790000000767 ) ) ;
#1772 = LINE ( 'NONE', #463, #322 ) ;
#1773 = EDGE_CURVE ( 'NONE', #236, #1728, #457, .T. ) ;
#1774 = CARTESIAN_POINT ( 'NONE',  ( 0.000000000000000000, -1.320703013720337719E-14, 73.80000000000001137 ) ) ;
#1775 = AXIS2_PLACEMENT_3D ( 'NONE', #175, #59, #1189 ) ;
#1776 = ADVANCED_FACE ( 'NONE', ( #1505 ), #491, .F. ) ;
#1777 = FACE_OUTER_BOUND ( 'NONE', #1362, .T. ) ;
#1778 = EDGE_CURVE ( 'NONE', #475, #970, #1863, .T. ) ;
#1779 = CARTESIAN_POINT ( 'NONE',  ( -2.701476567871834877, -30.87801846545921336, 4.042885789999994373 ) ) ;
#1780 = LINE ( 'NONE', #1398, #408 ) ;
#1781 = VERTEX_POINT ( 'NONE', #1693 ) ;
#1782 = CARTESIAN_POINT ( 'NONE',  ( 0.000000000000000000, 31.70000000000001350, 11.29999598946284500 ) ) ;
#1783 = FACE_OUTER_BOUND ( 'NONE', #1811, .T. ) ;
#1784 = ORIENTED_EDGE ( 'NONE', *, *, #402, .F. ) ;
#1785 = DIRECTION ( 'NONE',  ( 0.000000000000000000, -1.000000000000000000, -1.442803234293910429E-16 ) ) ;
#1786 = VECTOR ( 'NONE', #1145, 1000.000000000000227 ) ;
#1787 = ADVANCED_FACE ( 'NONE', ( #868 ), #1372, .F. ) ;
#1788 = CIRCLE ( 'NONE', #1184, 31.70000000000001350 ) ;
#1789 = CARTESIAN_POINT ( 'NONE',  ( 0.000000000000000000, -1.101648835740199164E-31, 7.635475230129567097E-16 ) ) ;
#1790 = CONICAL_SURFACE ( 'NONE', #1467, 30.50000000000001421, 0.7853981633974476129 ) ;
#1791 = ORIENTED_EDGE ( 'NONE', *, *, #43, .F. ) ;
#1792 = DIRECTION ( 'NONE',  ( -0.9563047559630364347, 0.2923717047227335497, 4.218348411899838166E-17 ) ) ;
#1793 = FACE_OUTER_BOUND ( 'NONE', #492, .T. ) ;
#1794 = ORIENTED_EDGE ( 'NONE', *, *, #924, .T. ) ;
#1795 = CARTESIAN_POINT ( 'NONE',  ( -30.31486076402832808, 9.268183039710457649, 1.337216446572223167E-15 ) ) ;
#1796 = ORIENTED_EDGE ( 'NONE', *, *, #1205, .T. ) ;
#1797 = LINE ( 'NONE', #1660, #1612 ) ;
#1798 = CONICAL_SURFACE ( 'NONE', #1218, 31.70000000000001350, 0.7853981633974481680 ) ;
#1799 = EDGE_CURVE ( 'NONE', #335, #727, #1310, .T. ) ;
#1800 = EDGE_LOOP ( 'NONE', ( #1159, #867, #102, #1560 ) ) ;
#1801 = DIRECTION ( 'NONE',  ( 0.000000000000000000, 1.000000000000000000, 2.275047181608926658E-16 ) ) ;
#1802 = EDGE_CURVE ( 'NONE', #1003, #790, #199, .T. ) ;
#1803 = AXIS2_PLACEMENT_3D ( 'NONE', #1054, #41, #612 ) ;
#1804 = DIRECTION ( 'NONE',  ( 0.000000000000000000, 1.442803234293912401E-16, -1.000000000000000000 ) ) ;
#1805 = ORIENTED_EDGE ( 'NONE', *, *, #898, .T. ) ;
#1806 = AXIS2_PLACEMENT_3D ( 'NONE', #16, #1480, #1630 ) ;
#1807 = DIRECTION ( 'NONE',  ( 0.6427876096865399180, 0.7660444431189775694, 1.105251400144939813E-16 ) ) ;
#1808 = VERTEX_POINT ( 'NONE', #1745 ) ;
#1809 =( LENGTH_UNIT ( ) NAMED_UNIT ( * ) SI_UNIT ( .MILLI., .METRE. ) );
#1810 = DIRECTION ( 'NONE',  ( 0.000000000000000000, 1.442803234293912154E-16, -1.000000000000000000 ) ) ;
#1811 = EDGE_LOOP ( 'NONE', ( #1547, #1784, #201, #1874 ) ) ;
#1812 = EDGE_CURVE ( 'NONE', #260, #736, #1325, .T. ) ;
#1813 = CIRCLE ( 'NONE', #9, 30.50000000000001421 ) ;
#1814 = FACE_OUTER_BOUND ( 'NONE', #53, .T. ) ;
#1815 = DIRECTION ( 'NONE',  ( 0.000000000000000000, 1.000000000000000000, 1.368078451085810011E-16 ) ) ;
#1816 = ORIENTED_EDGE ( 'NONE', *, *, #1485, .T. ) ;
#1817 = EDGE_CURVE ( 'NONE', #709, #1668, #654, .T. ) ;
#1818 = ORIENTED_EDGE ( 'NONE', *, *, #1599, .T. ) ;
#1819 = CARTESIAN_POINT ( 'NONE',  ( 30.76648109457361357, -2.691718312359751231, 2.626889844135329000 ) ) ;
#1820 = CARTESIAN_POINT ( 'NONE',  ( 29.54544391285907778, -9.040496229539810358, 4.845254601540347039 ) ) ;
#1821 = EDGE_LOOP ( 'NONE', ( #780, #1519, #1656, #216 ) ) ;
#1822 = FILL_AREA_STYLE_COLOUR ( '', #1154 ) ;
#1823 = CARTESIAN_POINT ( 'NONE',  ( -0.000000000000000000, 0.000000000000000000, 0.000000000000000000 ) ) ;
#1824 = VECTOR ( 'NONE', #1736, 1000.000000000000000 ) ;
#1825 = ORIENTED_EDGE ( 'NONE', *, *, #902, .T. ) ;
#1826 = EDGE_CURVE ( 'NONE', #1073, #809, #1172, .T. ) ;
#1827 = CARTESIAN_POINT ( 'NONE',  ( -30.31486076402832808, 9.268183039710457649, 4.042885790000000590 ) ) ;
#1828 = CARTESIAN_POINT ( 'NONE',  ( -2.279023192753388383, -30.42159633683303710, 2.249635506146475006 ) ) ;
#1829 = VERTEX_POINT ( 'NONE', #365 ) ;
#1830 = ORIENTED_EDGE ( 'NONE', *, *, #739, .F. ) ;
#1831 = DIRECTION ( 'NONE',  ( -0.000000000000000000, 1.442803234293912154E-16, -1.000000000000000000 ) ) ;
#1832 = LINE ( 'NONE', #859, #1824 ) ;
#1833 = VERTEX_POINT ( 'NONE', #1303 ) ;
#1834 = DIRECTION ( 'NONE',  ( -1.000000000000000000, -3.491481338843133355E-15, 0.000000000000000000 ) ) ;
#1835 = DIRECTION ( 'NONE',  ( 0.000000000000000000, 0.7071072515751807286, -0.7071063107976014450 ) ) ;
#1836 = ORIENTED_EDGE ( 'NONE', *, *, #179, .T. ) ;
#1837 = AXIS2_PLACEMENT_3D ( 'NONE', #827, #334, #193 ) ;
#1838 = LINE ( 'NONE', #1404, #203 ) ;
#1839 = DIRECTION ( 'NONE',  ( 0.000000000000000000, 1.442803234293912154E-16, -1.000000000000000000 ) ) ;
#1840 = CARTESIAN_POINT ( 'NONE',  ( -2.701476567871834877, -30.87801846545921336, 2.738853269657731460 ) ) ;
#1841 = ORIENTED_EDGE ( 'NONE', *, *, #1583, .T. ) ;
#1842 = EDGE_CURVE ( 'NONE', #1207, #81, #799, .T. ) ;
#1843 = ORIENTED_EDGE ( 'NONE', *, *, #761, .F. ) ;
#1844 = LINE ( 'NONE', #1640, #1574 ) ;
#1845 = CARTESIAN_POINT ( 'NONE',  ( 2.167840844328769556, 30.42286091204541876, 4.389420212037296596E-15 ) ) ;
#1846 = ADVANCED_FACE ( 'NONE', ( #1889 ), #1248, .F. ) ;
#1847 = LINE ( 'NONE', #1597, #913 ) ;
#1848 = ORIENTED_EDGE ( 'NONE', *, *, #222, .F. ) ;
#1849 = AXIS2_PLACEMENT_3D ( 'NONE', #1637, #623, #326 ) ;
#1850 = EDGE_LOOP ( 'NONE', ( #1658, #1383, #940, #1264, #690 ) ) ;
#1851 = DIRECTION ( 'NONE',  ( 0.000000000000000000, 1.000000000000000000, 1.442803234293909196E-16 ) ) ;
#1852 = CARTESIAN_POINT ( 'NONE',  ( 4.084197075156424133E-15, -31.70000000000001350, 11.29999598946283434 ) ) ;
#1853 = FACE_OUTER_BOUND ( 'NONE', #1114, .T. ) ;
#1854 = ORIENTED_EDGE ( 'NONE', *, *, #1040, .F. ) ;
#1855 = AXIS2_PLACEMENT_3D ( 'NONE', #206, #344, #1226 ) ;
#1856 = ORIENTED_EDGE ( 'NONE', *, *, #24, .F. ) ;
#1857 = CARTESIAN_POINT ( 'NONE',  ( 0.000000000000000000, 0.000000000000000000, 0.000000000000000000 ) ) ;
#1858 = AXIS2_PLACEMENT_3D ( 'NONE', #829, #286, #454 ) ;
#1859 = CARTESIAN_POINT ( 'NONE',  ( 2.658250153803581206, 30.38393829179825190, 2.242885790000004764 ) ) ;
#1860 = CARTESIAN_POINT ( 'NONE',  ( -30.76648109457362423, 2.691718312359534515, 2.626889844135326335 ) ) ;
#1861 = ORIENTED_EDGE ( 'NONE', *, *, #1623, .F. ) ;
#1862 = ORIENTED_EDGE ( 'NONE', *, *, #393, .F. ) ;
#1863 = CIRCLE ( 'NONE', #1029, 31.70000000000001350 ) ;
#1864 = DIRECTION ( 'NONE',  ( 0.000000000000000000, 1.000000000000000000, 1.421904488505578915E-16 ) ) ;
#1865 = DIRECTION ( 'NONE',  ( -0.000000000000000000, 1.442803234293912154E-16, -1.000000000000000000 ) ) ;
#1866 = CIRCLE ( 'NONE', #1713, 30.50000000000001421 ) ;
#1867 = DIRECTION ( 'NONE',  ( -0.000000000000000000, 1.442803234293912154E-16, -1.000000000000000000 ) ) ;
#1868 = ORIENTED_EDGE ( 'NONE', *, *, #717, .F. ) ;
#1869 = AXIS2_PLACEMENT_3D ( 'NONE', #405, #391, #1577 ) ;
#1870 = B_SPLINE_CURVE_WITH_KNOTS ( 'NONE', 3,
 ( #973, #221, #1678, #184, #901, #762, #1819, #1384 ),
 .UNSPECIFIED., .F., .F.,
 ( 4, 2, 2, 4 ),
 ( 0.000000000000000000, 0.0002355048143193850217, 0.0004710096286387700434, 0.0009420192572775468089 ),
 .UNSPECIFIED. ) ;
#1871 = ORIENTED_EDGE ( 'NONE', *, *, #1641, .T. ) ;
#1872 = DIRECTION ( 'NONE',  ( 1.000000000000000000, 1.047444401652940007E-14, 0.000000000000000000 ) ) ;
#1873 = FACE_OUTER_BOUND ( 'NONE', #220, .T. ) ;
#1874 = ORIENTED_EDGE ( 'NONE', *, *, #383, .F. ) ;
#1875 = VERTEX_POINT ( 'NONE', #272 ) ;
#1876 = EDGE_CURVE ( 'NONE', #340, #335, #1832, .T. ) ;
#1877 = LINE ( 'NONE', #242, #1427 ) ;
#1878 = DIRECTION ( 'NONE',  ( -0.000000000000000000, 1.442803234293912154E-16, -1.000000000000000000 ) ) ;
#1879 = VERTEX_POINT ( 'NONE', #1537 ) ;
#1880 = CARTESIAN_POINT ( 'NONE',  ( -1.587310519706609302, 31.66023444818483057, 3.442885790000005386 ) ) ;
#1881 = CARTESIAN_POINT ( 'NONE',  ( 0.000000000000000000, 31.70000000000001350, 3.442885790000005386 ) ) ;
#1882 = CARTESIAN_POINT ( 'NONE',  ( -29.41907317566023750, 9.043087628807255030, 4.965313648153505177 ) ) ;
#1883 = VERTEX_POINT ( 'NONE', #223 ) ;
#1884 = FACE_OUTER_BOUND ( 'NONE', #1509, .T. ) ;
#1885 = ADVANCED_FACE ( 'NONE', ( #1433 ), #130, .T. ) ;
#1886 = AXIS2_PLACEMENT_3D ( 'NONE', #1204, #1337, #1785 ) ;
#1887 = CARTESIAN_POINT ( 'NONE',  ( -3.814706747078475538E-15, -1.763433867451193999E-14, 35.74288579000035782 ) ) ;
#1888 = EDGE_LOOP ( 'NONE', ( #593, #1675, #722, #1421 ) ) ;
#1889 = FACE_OUTER_BOUND ( 'NONE', #935, .T. ) ;
#1890 = ADVANCED_FACE ( 'NONE', ( #1007 ), #433, .T. ) ;
#1891 = CARTESIAN_POINT ( 'NONE',  ( 29.49540526411094987, -9.540496229539478179, -1.376505881674843318E-15 ) ) ;
#1892 = LINE ( 'NONE', #171, #781 ) ;
#1893 = LINE ( 'NONE', #1763, #114 ) ;
#1894 = VERTEX_POINT ( 'NONE', #212 ) ;
#1895 =( NAMED_UNIT ( * ) PLANE_ANGLE_UNIT ( ) SI_UNIT ( $, .RADIAN. ) );
#1896 = AXIS2_PLACEMENT_3D ( 'NONE', #250, #111, #963 ) ;
#1897 = VECTOR ( 'NONE', #1557, 1000.000000000000000 ) ;
#1898 = CARTESIAN_POINT ( 'NONE',  ( 1.587310519706609746, -31.66023444818483057, 4.042885789999994373 ) ) ;
#1899 = ADVANCED_FACE ( 'NONE', ( #1385 ), #578, .F. ) ;
ENDSEC;
END-ISO-10303-21;
