ISO-10303-21;
HEADER;
FILE_DESCRIPTION (( 'STEP AP214' ),
    '1' );
FILE_NAME ('01 - FSB - 1003 - Tube Mount.STEP',
    '2026-09-14T20:17:12',
    ( '' ),
    ( '' ),
    'SwSTEP 2.0',
    'SolidWorks 2025',
    '' );
FILE_SCHEMA (( 'AUTOMOTIVE_DESIGN' ));
ENDSEC;

DATA;
#1 = DIRECTION ( 'NONE',  ( 1.232830016293430002E-16, -1.000000000000000000, 0.000000000000000000 ) ) ;
#2 = EDGE_LOOP ( 'NONE', ( #524, #1177, #891, #703, #157, #1189, #146, #1276, #1648, #713, #1244 ) ) ;
#3 = ORIENTED_EDGE ( 'NONE', *, *, #749, .T. ) ;
#4 = LINE ( 'NONE', #497, #545 ) ;
#5 = DIRECTION ( 'NONE',  ( -1.000000000000000000, 0.000000000000000000, 0.000000000000000000 ) ) ;
#6 = CARTESIAN_POINT ( 'NONE',  ( 13.99999999999999467, -29.14213562373095101, 11.50000000000000178 ) ) ;
#7 = CARTESIAN_POINT ( 'NONE',  ( -11.99999999999999822, 1.734723475976807094E-15, -12.50000000000000000 ) ) ;
#8 = DIRECTION ( 'NONE',  ( -0.7071067811865479058, 0.000000000000000000, -0.7071067811865472397 ) ) ;
#9 = VERTEX_POINT ( 'NONE', #1469 ) ;
#10 = EDGE_CURVE ( 'NONE', #1431, #1457, #707, .T. ) ;
#11 = VECTOR ( 'NONE', #1550, 1000.000000000000000 ) ;
#12 = ORIENTED_EDGE ( 'NONE', *, *, #1541, .T. ) ;
#13 = ORIENTED_EDGE ( 'NONE', *, *, #56, .T. ) ;
#14 = DIRECTION ( 'NONE',  ( -1.000000000000000000, 0.000000000000000000, 0.000000000000000000 ) ) ;
#15 = DIRECTION ( 'NONE',  ( -0.7071067811865474617, 0.000000000000000000, -0.7071067811865474617 ) ) ;
#16 = CIRCLE ( 'NONE', #735, 0.9999999999999993339 ) ;
#17 = ADVANCED_FACE ( 'NONE', ( #90 ), #520, .T. ) ;
#18 = DIRECTION ( 'NONE',  ( -0.000000000000000000, -0.000000000000000000, -1.000000000000000000 ) ) ;
#19 = DIRECTION ( 'NONE',  ( -0.7071067811865439090, 0.000000000000000000, 0.7071067811865512365 ) ) ;
#20 = CIRCLE ( 'NONE', #1078, 11.00000000000000355 ) ;
#21 = LINE ( 'NONE', #543, #311 ) ;
#22 =( NAMED_UNIT ( * ) PLANE_ANGLE_UNIT ( ) SI_UNIT ( $, .RADIAN. ) );
#23 = VERTEX_POINT ( 'NONE', #612 ) ;
#24 = ORIENTED_EDGE ( 'NONE', *, *, #1184, .F. ) ;
#25 = ORIENTED_EDGE ( 'NONE', *, *, #1644, .T. ) ;
#26 = DIRECTION ( 'NONE',  ( 0.000000000000000000, 0.000000000000000000, -1.000000000000000000 ) ) ;
#27 = DIRECTION ( 'NONE',  ( -0.000000000000000000, -0.000000000000000000, 1.000000000000000000 ) ) ;
#28 = FACE_OUTER_BOUND ( 'NONE', #1402, .T. ) ;
#29 = FACE_OUTER_BOUND ( 'NONE', #1354, .T. ) ;
#30 = ADVANCED_FACE ( 'NONE', ( #859 ), #745, .F. ) ;
#31 = DIRECTION ( 'NONE',  ( -0.000000000000000000, 0.000000000000000000, 1.000000000000000000 ) ) ;
#32 = ORIENTED_EDGE ( 'NONE', *, *, #242, .F. ) ;
#33 = VECTOR ( 'NONE', #104, 999.9999999999998863 ) ;
#34 = VERTEX_POINT ( 'NONE', #1377 ) ;
#35 = EDGE_LOOP ( 'NONE', ( #346, #166, #1241, #1613 ) ) ;
#36 = LINE ( 'NONE', #1333, #1637 ) ;
#37 = CARTESIAN_POINT ( 'NONE',  ( 15.00000000000000000, 1.843143693225357538E-15, -11.50000000000000711 ) ) ;
#38 = FACE_OUTER_BOUND ( 'NONE', #1087, .T. ) ;
#39 = CARTESIAN_POINT ( 'NONE',  ( -1.734723475976807094E-15, 1.734723475976807094E-15, 11.50000000000000178 ) ) ;
#40 = ADVANCED_FACE ( 'NONE', ( #1634, #1243 ), #1004, .F. ) ;
#41 = LINE ( 'NONE', #830, #510 ) ;
#42 = ORIENTED_EDGE ( 'NONE', *, *, #530, .F. ) ;
#43 = EDGE_CURVE ( 'NONE', #1537, #960, #978, .T. ) ;
#44 = EDGE_LOOP ( 'NONE', ( #439, #1482, #811, #420 ) ) ;
#45 = ORIENTED_EDGE ( 'NONE', *, *, #10, .T. ) ;
#46 = DIRECTION ( 'NONE',  ( -0.000000000000000000, -0.000000000000000000, -1.000000000000000000 ) ) ;
#47 = DIRECTION ( 'NONE',  ( 1.139421349896796225E-16, -1.000000000000000000, 0.000000000000000000 ) ) ;
#48 = PLANE ( 'NONE',  #1242 ) ;
#49 = VECTOR ( 'NONE', #199, 1000.000000000000000 ) ;
#50 = CIRCLE ( 'NONE', #264, 15.00000000000000178 ) ;
#51 = DIRECTION ( 'NONE',  ( -0.000000000000000000, -0.000000000000000000, 1.000000000000000000 ) ) ;
#52 = ORIENTED_EDGE ( 'NONE', *, *, #622, .F. ) ;
#53 = ORIENTED_EDGE ( 'NONE', *, *, #1479, .T. ) ;
#54 = ORIENTED_EDGE ( 'NONE', *, *, #1139, .T. ) ;
#55 = PLANE ( 'NONE',  #1130 ) ;
#56 = EDGE_CURVE ( 'NONE', #832, #864, #1368, .T. ) ;
#57 = DIRECTION ( 'NONE',  ( -1.000000000000000000, 0.000000000000000000, 0.000000000000000000 ) ) ;
#58 = CARTESIAN_POINT ( 'NONE',  ( -1.734723475976807094E-15, 1.734723475976807094E-15, -11.50000000000000711 ) ) ;
#59 = CIRCLE ( 'NONE', #1006, 1.000000000000000888 ) ;
#60 = CARTESIAN_POINT ( 'NONE',  ( -5.624999999999997335, -13.90537216330436898, -11.50000000000000711 ) ) ;
#61 = VERTEX_POINT ( 'NONE', #1123 ) ;
#62 = DIRECTION ( 'NONE',  ( -0.000000000000000000, -0.000000000000000000, -1.000000000000000000 ) ) ;
#63 = ORIENTED_EDGE ( 'NONE', *, *, #476, .F. ) ;
#64 = CARTESIAN_POINT ( 'NONE',  ( 14.00000000000001243, -28.14213562373095101, 12.50000000000000000 ) ) ;
#65 = VERTEX_POINT ( 'NONE', #479 ) ;
#66 = VECTOR ( 'NONE', #251, 1000.000000000000000 ) ;
#67 = CARTESIAN_POINT ( 'NONE',  ( 3.000000000000011990, -11.61895003862224129, -12.50000000000000000 ) ) ;
#68 = DIRECTION ( 'NONE',  ( 0.7071067811865474617, 8.717424645714065613E-17, 0.7071067811865474617 ) ) ;
#69 = ADVANCED_FACE ( 'NONE', ( #1492 ), #1473, .T. ) ;
#70 = ORIENTED_EDGE ( 'NONE', *, *, #223, .T. ) ;
#71 = DIRECTION ( 'NONE',  ( 1.139421349896794992E-16, -1.000000000000000000, 0.000000000000000000 ) ) ;
#72 = ORIENTED_EDGE ( 'NONE', *, *, #796, .T. ) ;
#73 = CARTESIAN_POINT ( 'NONE',  ( -0.9166666666666665186, -10.96173901450961452, -11.50000000000000711 ) ) ;
#74 = APPLICATION_CONTEXT ( 'automotive_design' ) ;
#75 = DIRECTION ( 'NONE',  ( 0.000000000000000000, -1.000000000000000000, 0.000000000000000000 ) ) ;
#76 = EDGE_CURVE ( 'NONE', #61, #1459, #211, .T. ) ;
#77 = AXIS2_PLACEMENT_3D ( 'NONE', #291, #813, #1324 ) ;
#78 = AXIS2_PLACEMENT_3D ( 'NONE', #571, #336, #1357 ) ;
#79 = DIRECTION ( 'NONE',  ( -0.000000000000000000, -0.000000000000000000, 1.000000000000000000 ) ) ;
#80 = AXIS2_PLACEMENT_3D ( 'NONE', #241, #999, #1272 ) ;
#81 = ORIENTED_EDGE ( 'NONE', *, *, #359, .T. ) ;
#82 = EDGE_CURVE ( 'NONE', #782, #970, #1499, .T. ) ;
#83 = CARTESIAN_POINT ( 'NONE',  ( 2.999999999999995559, -11.61895003862225018, -12.50000000000000000 ) ) ;
#84 = ORIENTED_EDGE ( 'NONE', *, *, #1428, .F. ) ;
#85 = LINE ( 'NONE', #1371, #465 ) ;
#86 = AXIS2_PLACEMENT_3D ( 'NONE', #1110, #194, #1488 ) ;
#87 = DIRECTION ( 'NONE',  ( 1.139421349896794992E-16, -1.000000000000000000, 0.000000000000000000 ) ) ;
#88 = EDGE_LOOP ( 'NONE', ( #1470, #1225, #12, #1282 ) ) ;
#89 = EDGE_CURVE ( 'NONE', #1048, #1157, #871, .T. ) ;
#90 = FACE_OUTER_BOUND ( 'NONE', #44, .T. ) ;
#91 = ORIENTED_EDGE ( 'NONE', *, *, #1000, .F. ) ;
#92 = DIRECTION ( 'NONE',  ( 0.000000000000000000, 0.7071067811865505703, -0.7071067811865444641 ) ) ;
#93 = AXIS2_PLACEMENT_3D ( 'NONE', #277, #1466, #662 ) ;
#94 = EDGE_CURVE ( 'NONE', #1011, #154, #731, .T. ) ;
#95 = CARTESIAN_POINT ( 'NONE',  ( -5.624999999999997335, -13.90537216330436898, 12.50000000000000000 ) ) ;
#96 = EDGE_CURVE ( 'NONE', #1459, #451, #1257, .T. ) ;
#97 = CARTESIAN_POINT ( 'NONE',  ( 2.999999999999995559, -28.14213562373094391, -12.50000000000000000 ) ) ;
#98 = VERTEX_POINT ( 'NONE', #333 ) ;
#99 = EDGE_CURVE ( 'NONE', #831, #766, #1167, .T. ) ;
#100 = ADVANCED_FACE ( 'NONE', ( #1506 ), #1127, .T. ) ;
#101 = CARTESIAN_POINT ( 'NONE',  ( -3.999999999999991562, -28.14213562373095812, -12.50000000000000000 ) ) ;
#102 = VECTOR ( 'NONE', #802, 1000.000000000000114 ) ;
#103 = CIRCLE ( 'NONE', #1376, 11.99999999999999645 ) ;
#104 = DIRECTION ( 'NONE',  ( -0.05892556509887890426, -0.7046472718869908336, -0.7071067811865467956 ) ) ;
#105 = EDGE_LOOP ( 'NONE', ( #860, #70, #72 ) ) ;
#106 = DIRECTION ( 'NONE',  ( -0.000000000000000000, -0.000000000000000000, 1.000000000000000000 ) ) ;
#107 = ADVANCED_FACE ( 'NONE', ( #865 ), #196, .T. ) ;
#108 = AXIS2_PLACEMENT_3D ( 'NONE', #1421, #240, #401 ) ;
#109 = CARTESIAN_POINT ( 'NONE',  ( 14.00000000000000888, -28.14213562373094391, -12.50000000000000000 ) ) ;
#110 = ORIENTED_EDGE ( 'NONE', *, *, #894, .T. ) ;
#111 = CARTESIAN_POINT ( 'NONE',  ( -4.999999999999999112, -14.83239697419132597, -11.50000000000000711 ) ) ;
#112 = CARTESIAN_POINT ( 'NONE',  ( 11.00000000000000178, 3.081834955038895696E-15, 11.50000000000000178 ) ) ;
#113 = CARTESIAN_POINT ( 'NONE',  ( -1.734723475976807094E-15, 1.734723475976807094E-15, 12.50000000000000000 ) ) ;
#114 = EDGE_CURVE ( 'NONE', #1500, #1011, #1095, .T. ) ;
#115 = DIRECTION ( 'NONE',  ( 0.000000000000000000, 0.000000000000000000, 1.000000000000000000 ) ) ;
#116 = PRODUCT_DEFINITION_SHAPE ( 'NONE', 'NONE',  #488 ) ;
#117 = CARTESIAN_POINT ( 'NONE',  ( 13.99999999999999467, -29.14213562373095101, 12.50000000000000000 ) ) ;
#118 = DIRECTION ( 'NONE',  ( 1.000000000000000000, 0.000000000000000000, 0.000000000000000000 ) ) ;
#119 = ORIENTED_EDGE ( 'NONE', *, *, #552, .T. ) ;
#120 = DIRECTION ( 'NONE',  ( 0.000000000000000000, 0.000000000000000000, 1.000000000000000000 ) ) ;
#121 = PLANE ( 'NONE',  #620 ) ;
#122 = CARTESIAN_POINT ( 'NONE',  ( 2.250000000000003109, -21.48726629896113494, -1.734723475976807094E-15 ) ) ;
#123 = UNCERTAINTY_MEASURE_WITH_UNIT (LENGTH_MEASURE( 1.000000000000000082E-05 ), #825, 'distance_accuracy_value', 'NONE');
#124 = DIRECTION ( 'NONE',  ( -0.000000000000000000, -0.000000000000000000, -1.000000000000000000 ) ) ;
#125 = VECTOR ( 'NONE', #961, 1000.000000000000000 ) ;
#126 = ORIENTED_EDGE ( 'NONE', *, *, #700, .T. ) ;
#127 = CONICAL_SURFACE ( 'NONE', #1396, 0.9999999999999945599, 0.7853981633974485010 ) ;
#128 = ORIENTED_EDGE ( 'NONE', *, *, #1184, .T. ) ;
#129 = LINE ( 'NONE', #148, #337 ) ;
#130 = DIRECTION ( 'NONE',  ( -1.000000000000000000, 0.000000000000000000, 0.000000000000000000 ) ) ;
#131 = VECTOR ( 'NONE', #814, 1000.000000000000000 ) ;
#132 = DIRECTION ( 'NONE',  ( 1.232830016293430002E-16, -1.000000000000000000, 0.000000000000000000 ) ) ;
#133 = DIRECTION ( 'NONE',  ( 0.000000000000000000, 1.000000000000000000, 0.000000000000000000 ) ) ;
#134 = ORIENTED_EDGE ( 'NONE', *, *, #493, .T. ) ;
#135 = AXIS2_PLACEMENT_3D ( 'NONE', #1224, #1632, #338 ) ;
#136 = ORIENTED_EDGE ( 'NONE', *, *, #1098, .T. ) ;
#137 = DIRECTION ( 'NONE',  ( 1.000000000000000000, 0.000000000000000000, 0.000000000000000000 ) ) ;
#138 = DIRECTION ( 'NONE',  ( -0.000000000000000000, 0.000000000000000000, 1.000000000000000000 ) ) ;
#139 = CARTESIAN_POINT ( 'NONE',  ( 2.999999999999995559, -11.61895003862225018, -12.50000000000000000 ) ) ;
#140 = DIRECTION ( 'NONE',  ( 1.000000000000000000, 0.000000000000000000, 0.000000000000000000 ) ) ;
#141 = VECTOR ( 'NONE', #257, 1000.000000000000114 ) ;
#142 = ADVANCED_FACE ( 'NONE', ( #1361 ), #724, .F. ) ;
#143 = LINE ( 'NONE', #531, #828 ) ;
#144 = ORIENTED_EDGE ( 'NONE', *, *, #174, .F. ) ;
#145 = EDGE_CURVE ( 'NONE', #1505, #969, #1394, .T. ) ;
#146 = ORIENTED_EDGE ( 'NONE', *, *, #1372, .T. ) ;
#147 = EDGE_LOOP ( 'NONE', ( #319, #546, #1621, #685 ) ) ;
#148 = CARTESIAN_POINT ( 'NONE',  ( 13.99999999999999467, -29.14213562373095101, -11.50000000000000711 ) ) ;
#149 = CARTESIAN_POINT ( 'NONE',  ( 14.00000000000001243, -28.14213562373095101, 12.50000000000000000 ) ) ;
#150 = FACE_OUTER_BOUND ( 'NONE', #88, .T. ) ;
#151 = DIRECTION ( 'NONE',  ( -0.000000000000000000, -0.000000000000000000, -1.000000000000000000 ) ) ;
#152 = EDGE_CURVE ( 'NONE', #491, #300, #363, .T. ) ;
#153 = CARTESIAN_POINT ( 'NONE',  ( 2.999999999999992450, -28.14213562373095101, 12.50000000000000000 ) ) ;
#154 = VERTEX_POINT ( 'NONE', #244 ) ;
#155 = VECTOR ( 'NONE', #822, 1000.000000000000000 ) ;
#156 = ORIENTED_EDGE ( 'NONE', *, *, #1326, .F. ) ;
#157 = ORIENTED_EDGE ( 'NONE', *, *, #476, .T. ) ;
#158 = DIRECTION ( 'NONE',  ( 1.000000000000000000, 0.000000000000000000, 0.000000000000000000 ) ) ;
#159 = FACE_OUTER_BOUND ( 'NONE', #278, .T. ) ;
#160 = AXIS2_PLACEMENT_3D ( 'NONE', #847, #1495, #220 ) ;
#161 = DIRECTION ( 'NONE',  ( -0.1767766952966377814, 0.6846531968814575375, 0.7071067811865474617 ) ) ;
#162 = PLANE ( 'NONE',  #501 ) ;
#163 = EDGE_CURVE ( 'NONE', #850, #496, #1267, .T. ) ;
#164 = CARTESIAN_POINT ( 'NONE',  ( -0.9999999999999997780, -11.95826074310139653, 11.50000000000000178 ) ) ;
#165 = ORIENTED_EDGE ( 'NONE', *, *, #469, .T. ) ;
#166 = ORIENTED_EDGE ( 'NONE', *, *, #1292, .F. ) ;
#167 = VERTEX_POINT ( 'NONE', #1647 ) ;
#168 = FACE_OUTER_BOUND ( 'NONE', #1199, .T. ) ;
#169 = CARTESIAN_POINT ( 'NONE',  ( 14.00000000000000178, -28.14213562373095101, -11.50000000000000711 ) ) ;
#170 = VECTOR ( 'NONE', #188, 1000.000000000000000 ) ;
#171 = EDGE_CURVE ( 'NONE', #960, #300, #250, .T. ) ;
#172 = SURFACE_STYLE_FILL_AREA ( #698 ) ;
#173 = DIRECTION ( 'NONE',  ( -1.139421349896794992E-16, 1.000000000000000000, 0.000000000000000000 ) ) ;
#174 = EDGE_CURVE ( 'NONE', #864, #766, #1667, .T. ) ;
#175 = CARTESIAN_POINT ( 'NONE',  ( -4.999999999999998224, -28.14213562373094391, -11.50000000000000711 ) ) ;
#176 = ORIENTED_EDGE ( 'NONE', *, *, #1611, .F. ) ;
#177 = CIRCLE ( 'NONE', #1120, 11.00000000000000355 ) ;
#178 = EDGE_LOOP ( 'NONE', ( #272, #1147, #842 ) ) ;
#179 = ORIENTED_EDGE ( 'NONE', *, *, #1003, .F. ) ;
#180 = DIRECTION ( 'NONE',  ( -1.000000000000000000, 0.000000000000000000, 0.000000000000000000 ) ) ;
#181 = CARTESIAN_POINT ( 'NONE',  ( 1.091862749457699892E-16, -11.95826074310139653, -11.50000000000000711 ) ) ;
#182 = DIRECTION ( 'NONE',  ( 1.000000000000000000, 0.000000000000000000, 0.000000000000000000 ) ) ;
#183 = CARTESIAN_POINT ( 'NONE',  ( 14.00000000000000178, -28.14213562373095101, -12.50000000000000000 ) ) ;
#184 = LINE ( 'NONE', #671, #661 ) ;
#185 = ORIENTED_EDGE ( 'NONE', *, *, #1571, .F. ) ;
#186 = ORIENTED_EDGE ( 'NONE', *, *, #382, .F. ) ;
#187 = ORIENTED_EDGE ( 'NONE', *, *, #10, .F. ) ;
#188 = DIRECTION ( 'NONE',  ( 0.000000000000000000, 0.7071067811865444641, 0.7071067811865505703 ) ) ;
#189 = LINE ( 'NONE', #1193, #1317 ) ;
#190 = PLANE ( 'NONE',  #1559 ) ;
#191 = VECTOR ( 'NONE', #161, 1000.000000000000114 ) ;
#192 = AXIS2_PLACEMENT_3D ( 'NONE', #454, #315, #1452 ) ;
#193 = AXIS2_PLACEMENT_3D ( 'NONE', #1461, #784, #1433 ) ;
#194 = DIRECTION ( 'NONE',  ( 0.000000000000000000, -0.000000000000000000, -1.000000000000000000 ) ) ;
#195 = ORIENTED_EDGE ( 'NONE', *, *, #43, .T. ) ;
#196 = CYLINDRICAL_SURFACE ( 'NONE', #586, 15.00000000000000178 ) ;
#197 = ORIENTED_EDGE ( 'NONE', *, *, #1064, .F. ) ;
#198 = DIRECTION ( 'NONE',  ( -1.000000000000000000, 0.000000000000000000, 0.000000000000000000 ) ) ;
#199 = DIRECTION ( 'NONE',  ( -0.000000000000000000, -0.000000000000000000, -1.000000000000000000 ) ) ;
#200 = DIRECTION ( 'NONE',  ( -1.139421349896794992E-16, 1.000000000000000000, 0.000000000000000000 ) ) ;
#201 = VECTOR ( 'NONE', #1456, 1000.000000000000000 ) ;
#202 = CARTESIAN_POINT ( 'NONE',  ( 3.000000000000000000, -11.61895003862224129, 12.50000000000000000 ) ) ;
#203 = ORIENTED_EDGE ( 'NONE', *, *, #996, .F. ) ;
#204 = EDGE_CURVE ( 'NONE', #65, #1176, #772, .T. ) ;
#205 = DIRECTION ( 'NONE',  ( -1.000000000000000000, -1.139421349896794992E-16, 0.000000000000000000 ) ) ;
#206 = ORIENTED_EDGE ( 'NONE', *, *, #89, .T. ) ;
#207 = FACE_OUTER_BOUND ( 'NONE', #1094, .T. ) ;
#208 = EDGE_CURVE ( 'NONE', #676, #61, #1389, .T. ) ;
#209 = CARTESIAN_POINT ( 'NONE',  ( 15.00000000000000355, -28.14213562373094391, 11.50000000000000178 ) ) ;
#210 = ORIENTED_EDGE ( 'NONE', *, *, #679, .F. ) ;
#211 = LINE ( 'NONE', #1516, #448 ) ;
#212 = ORIENTED_EDGE ( 'NONE', *, *, #511, .F. ) ;
#213 = DIRECTION ( 'NONE',  ( -1.000000000000000000, 0.000000000000000000, 0.000000000000000000 ) ) ;
#214 = CONICAL_SURFACE ( 'NONE', #670, 11.00000000000000355, 0.7853981633974482790 ) ;
#215 = EDGE_CURVE ( 'NONE', #322, #536, #1117, .T. ) ;
#216 = CONICAL_SURFACE ( 'NONE', #1152, 0.9999999999999945599, 0.7853981633974485010 ) ;
#217 = CARTESIAN_POINT ( 'NONE',  ( 15.00100000000000477, -21.48726629896113494, 2.404163056034265278 ) ) ;
#218 = ORIENTED_EDGE ( 'NONE', *, *, #457, .T. ) ;
#219 = DIRECTION ( 'NONE',  ( 0.000000000000000000, 0.000000000000000000, -1.000000000000000000 ) ) ;
#220 = DIRECTION ( 'NONE',  ( -1.000000000000000000, 0.000000000000000000, 0.000000000000000000 ) ) ;
#221 = EDGE_CURVE ( 'NONE', #938, #23, #1026, .T. ) ;
#222 = VECTOR ( 'NONE', #254, 999.9999999999998863 ) ;
#223 = EDGE_CURVE ( 'NONE', #774, #832, #882, .T. ) ;
#224 = LINE ( 'NONE', #849, #410 ) ;
#225 = EDGE_CURVE ( 'NONE', #1206, #832, #932, .T. ) ;
#226 = DIRECTION ( 'NONE',  ( -0.000000000000000000, -0.000000000000000000, -1.000000000000000000 ) ) ;
#227 = VECTOR ( 'NONE', #638, 1000.000000000000000 ) ;
#228 = ORIENTED_EDGE ( 'NONE', *, *, #280, .F. ) ;
#229 = DIRECTION ( 'NONE',  ( 0.000000000000000000, -0.000000000000000000, -1.000000000000000000 ) ) ;
#230 = AXIS2_PLACEMENT_3D ( 'NONE', #995, #1252, #485 ) ;
#231 = AXIS2_PLACEMENT_3D ( 'NONE', #1154, #1135, #1544 ) ;
#232 = CARTESIAN_POINT ( 'NONE',  ( -1.734723475976807094E-15, 1.734723475976807094E-15, 12.50000000000000000 ) ) ;
#233 = ORIENTED_EDGE ( 'NONE', *, *, #728, .T. ) ;
#234 = ADVANCED_FACE ( 'NONE', ( #372 ), #890, .F. ) ;
#235 = LINE ( 'NONE', #101, #466 ) ;
#236 = VECTOR ( 'NONE', #521, 1000.000000000000000 ) ;
#237 = CONICAL_SURFACE ( 'NONE', #1661, 15.00000000000000178, 0.7853981633974482790 ) ;
#238 = CARTESIAN_POINT ( 'NONE',  ( 8.448924226215551059, -21.48726629896113494, -1.734723475976807094E-15 ) ) ;
#239 = ORIENTED_EDGE ( 'NONE', *, *, #204, .F. ) ;
#240 = DIRECTION ( 'NONE',  ( 0.000000000000000000, -0.000000000000000000, -1.000000000000000000 ) ) ;
#241 = CARTESIAN_POINT ( 'NONE',  ( 14.00000000000000178, -28.14213562373095101, 11.50000000000000178 ) ) ;
#242 = EDGE_CURVE ( 'NONE', #1253, #34, #879, .T. ) ;
#243 = DIRECTION ( 'NONE',  ( 1.000000000000000000, 0.000000000000000000, 0.000000000000000000 ) ) ;
#244 = CARTESIAN_POINT ( 'NONE',  ( -15.00000000000000355, 1.734723475976807094E-15, -11.50000000000000711 ) ) ;
#245 = ORIENTED_EDGE ( 'NONE', *, *, #1405, .T. ) ;
#246 = LINE ( 'NONE', #767, #743 ) ;
#247 = CARTESIAN_POINT ( 'NONE',  ( -1.734723475976807094E-15, 1.734723475976807094E-15, 11.50000000000000178 ) ) ;
#248 = EDGE_CURVE ( 'NONE', #1168, #1253, #1536, .T. ) ;
#249 = DIRECTION ( 'NONE',  ( -1.000000000000000000, 0.000000000000000000, 0.000000000000000000 ) ) ;
#250 = CIRCLE ( 'NONE', #899, 0.9999999999999995559 ) ;
#251 = DIRECTION ( 'NONE',  ( -0.000000000000000000, -0.000000000000000000, -1.000000000000000000 ) ) ;
#252 = ORIENTED_EDGE ( 'NONE', *, *, #1239, .F. ) ;
#253 = ORIENTED_EDGE ( 'NONE', *, *, #1447, .T. ) ;
#254 = DIRECTION ( 'NONE',  ( -0.7071067811865440200, -4.906538933386827219E-15, 0.7071067811865511255 ) ) ;
#255 = PLANE ( 'NONE',  #1245 ) ;
#256 = CYLINDRICAL_SURFACE ( 'NONE', #1018, 1.000000000000000444 ) ;
#257 = DIRECTION ( 'NONE',  ( 0.7071067811865446862, 0.000000000000000000, 0.7071067811865503483 ) ) ;
#258 = VERTEX_POINT ( 'NONE', #897 ) ;
#259 = CIRCLE ( 'NONE', #600, 1.000000000000000444 ) ;
#260 = ORIENTED_EDGE ( 'NONE', *, *, #1326, .T. ) ;
#261 = ORIENTED_EDGE ( 'NONE', *, *, #634, .T. ) ;
#262 = LINE ( 'NONE', #1403, #222 ) ;
#263 = CARTESIAN_POINT ( 'NONE',  ( -1.734723475976807094E-15, 1.734723475976807094E-15, 11.49999999999999822 ) ) ;
#264 = AXIS2_PLACEMENT_3D ( 'NONE', #442, #1209, #568 ) ;
#265 = CARTESIAN_POINT ( 'NONE',  ( 2.999999999999992450, -11.61895003862225018, 12.50000000000000000 ) ) ;
#266 = CARTESIAN_POINT ( 'NONE',  ( 14.00000000000000178, -28.14213562373095101, -11.50000000000000711 ) ) ;
#267 = ADVANCED_FACE ( 'NONE', ( #523 ), #377, .T. ) ;
#268 = ADVANCED_FACE ( 'NONE', ( #1163 ), #1408, .T. ) ;
#269 = DIRECTION ( 'NONE',  ( -0.000000000000000000, -0.000000000000000000, 1.000000000000000000 ) ) ;
#270 = ADVANCED_FACE ( 'NONE', ( #1418 ), #1552, .F. ) ;
#271 = ORIENTED_EDGE ( 'NONE', *, *, #248, .F. ) ;
#272 = ORIENTED_EDGE ( 'NONE', *, *, #1302, .F. ) ;
#273 = CARTESIAN_POINT ( 'NONE',  ( 14.00000000000000533, 1.719860691596015277E-15, -12.50000000000000000 ) ) ;
#274 = DIRECTION ( 'NONE',  ( -1.000000000000000000, 0.000000000000000000, 0.000000000000000000 ) ) ;
#275 = CARTESIAN_POINT ( 'NONE',  ( 2.250000000000003109, -21.48726629896113494, -1.734723475976807094E-15 ) ) ;
#276 = DIRECTION ( 'NONE',  ( -1.000000000000000000, 0.000000000000000000, -0.000000000000000000 ) ) ;
#277 = CARTESIAN_POINT ( 'NONE',  ( 1.091862749457699646E-16, -11.95826074310139653, -11.50000000000000711 ) ) ;
#278 = EDGE_LOOP ( 'NONE', ( #206, #54, #758, #694 ) ) ;
#279 = ORIENTED_EDGE ( 'NONE', *, *, #1280, .F. ) ;
#280 = EDGE_CURVE ( 'NONE', #1206, #665, #184, .T. ) ;
#281 = ORIENTED_EDGE ( 'NONE', *, *, #925, .T. ) ;
#282 = LINE ( 'NONE', #1070, #102 ) ;
#283 = CARTESIAN_POINT ( 'NONE',  ( 1.734723475976807094E-15, -21.48726629896113494, 2.404163056034264390 ) ) ;
#284 = LINE ( 'NONE', #815, #532 ) ;
#285 = DIRECTION ( 'NONE',  ( -1.000000000000000000, 1.734723475976808278E-15, 0.000000000000000000 ) ) ;
#286 = DIRECTION ( 'NONE',  ( 0.7071067811865474617, 0.000000000000000000, -0.7071067811865474617 ) ) ;
#287 = ORIENTED_EDGE ( 'NONE', *, *, #94, .T. ) ;
#288 = CONICAL_SURFACE ( 'NONE', #944, 11.00000000000000355, 0.7853981633974482790 ) ;
#289 = VERTEX_POINT ( 'NONE', #788 ) ;
#290 = ORIENTED_EDGE ( 'NONE', *, *, #1268, .T. ) ;
#291 = CARTESIAN_POINT ( 'NONE',  ( 2.000000000000002220, -21.48726629896113494, -1.734723475976807094E-15 ) ) ;
#292 = DIRECTION ( 'NONE',  ( 0.000000000000000000, -0.7071067811865474617, 0.7071067811865474617 ) ) ;
#293 = CONICAL_SURFACE ( 'NONE', #778, 0.9999999999999940048, 0.7853981633974485010 ) ;
#294 = CARTESIAN_POINT ( 'NONE',  ( -5.624999999999997335, -13.90537216330436898, 11.50000000000000178 ) ) ;
#295 = DIRECTION ( 'NONE',  ( -0.000000000000000000, 0.000000000000000000, 1.000000000000000000 ) ) ;
#296 = CONICAL_SURFACE ( 'NONE', #888, 0.9999999999999895639, 0.7853981633974435050 ) ;
#297 = EDGE_CURVE ( 'NONE', #167, #1253, #143, .T. ) ;
#298 = AXIS2_PLACEMENT_3D ( 'NONE', #1046, #408, #118 ) ;
#299 = DIRECTION ( 'NONE',  ( 0.000000000000000000, -0.000000000000000000, -1.000000000000000000 ) ) ;
#300 = VERTEX_POINT ( 'NONE', #702 ) ;
#301 = APPLICATION_CONTEXT ( 'automotive_design' ) ;
#302 = ORIENTED_EDGE ( 'NONE', *, *, #542, .T. ) ;
#303 = ORIENTED_EDGE ( 'NONE', *, *, #1583, .F. ) ;
#304 = CARTESIAN_POINT ( 'NONE',  ( -4.999999999999998224, -28.14213562373094391, -11.50000000000000711 ) ) ;
#305 = DIRECTION ( 'NONE',  ( 0.000000000000000000, 0.000000000000000000, -1.000000000000000000 ) ) ;
#306 = AXIS2_PLACEMENT_3D ( 'NONE', #1148, #1029, #909 ) ;
#307 = FACE_OUTER_BOUND ( 'NONE', #339, .T. ) ;
#308 = DIRECTION ( 'NONE',  ( 1.000000000000000000, 0.000000000000000000, 0.000000000000000000 ) ) ;
#309 = DIRECTION ( 'NONE',  ( -1.000000000000000000, 0.000000000000000000, 0.000000000000000000 ) ) ;
#310 = ORIENTED_EDGE ( 'NONE', *, *, #297, .T. ) ;
#311 = VECTOR ( 'NONE', #1299, 1000.000000000000000 ) ;
#312 = CARTESIAN_POINT ( 'NONE',  ( -3.999999999999998224, -28.14213562373095101, -11.50000000000000711 ) ) ;
#313 = VERTEX_POINT ( 'NONE', #1329 ) ;
#314 = LINE ( 'NONE', #716, #706 ) ;
#315 = DIRECTION ( 'NONE',  ( -0.000000000000000000, 0.000000000000000000, 1.000000000000000000 ) ) ;
#316 = DIRECTION ( 'NONE',  ( -1.000000000000000000, 0.000000000000000000, 0.000000000000000000 ) ) ;
#317 = FACE_OUTER_BOUND ( 'NONE', #1448, .T. ) ;
#318 = ORIENTED_EDGE ( 'NONE', *, *, #1410, .T. ) ;
#319 = ORIENTED_EDGE ( 'NONE', *, *, #1393, .T. ) ;
#320 = ORIENTED_EDGE ( 'NONE', *, *, #387, .T. ) ;
#321 = CARTESIAN_POINT ( 'NONE',  ( -5.999999999999998224, -14.83239697419132597, -11.50000000000000711 ) ) ;
#322 = VERTEX_POINT ( 'NONE', #175 ) ;
#323 = AXIS2_PLACEMENT_3D ( 'NONE', #680, #846, #1609 ) ;
#324 = DIRECTION ( 'NONE',  ( 0.7071067811865444641, 0.000000000000000000, 0.7071067811865505703 ) ) ;
#325 = CARTESIAN_POINT ( 'NONE',  ( -0.9166666666666666297, -10.96173901450961630, 11.50000000000000178 ) ) ;
#326 = VECTOR ( 'NONE', #1355, 1000.000000000000000 ) ;
#327 = ADVANCED_FACE ( 'NONE', ( #807 ), #1561, .T. ) ;
#328 = VECTOR ( 'NONE', #1313, 1000.000000000000114 ) ;
#329 = EDGE_CURVE ( 'NONE', #1635, #969, #1675, .T. ) ;
#330 = DIRECTION ( 'NONE',  ( -1.000000000000000000, 0.000000000000000000, 0.000000000000000000 ) ) ;
#331 = EDGE_LOOP ( 'NONE', ( #1409, #1303, #45, #790 ) ) ;
#332 = EDGE_CURVE ( 'NONE', #774, #1206, #692, .T. ) ;
#333 = CARTESIAN_POINT ( 'NONE',  ( -11.99999999999999467, 3.204299634953630056E-15, 12.50000000000000000 ) ) ;
#334 = EDGE_LOOP ( 'NONE', ( #838, #409, #1369 ) ) ;
#335 = CARTESIAN_POINT ( 'NONE',  ( 3.000000000000001776, -28.14213562373095101, 12.50000000000000000 ) ) ;
#336 = DIRECTION ( 'NONE',  ( -1.000000000000000000, -0.000000000000000000, -0.000000000000000000 ) ) ;
#337 = VECTOR ( 'NONE', #137, 1000.000000000000000 ) ;
#338 = DIRECTION ( 'NONE',  ( 0.000000000000000000, -1.000000000000000000, 0.000000000000000000 ) ) ;
#339 = EDGE_LOOP ( 'NONE', ( #110, #1653, #664, #253 ) ) ;
#340 = DIRECTION ( 'NONE',  ( -0.000000000000000000, -0.000000000000000000, -1.000000000000000000 ) ) ;
#341 = ORIENTED_EDGE ( 'NONE', *, *, #799, .F. ) ;
#342 = CLOSED_SHELL ( 'NONE', ( #701, #30, #992, #1349, #948, #1067, #381, #1171, #142, #270, #1529, #875, #854, #1415, #107, #505, #1040, #519, #645, #884, #40, #1627, #1474, #268, #718, #829, #1162, #514, #1133, #923, #348, #839, #1112, #459, #1417, #824, #1464, #966, #1490, #604, #1250, #765, #370, #17, #456, #1156, #100, #955, #1392, #1118, #394, #453, #1290, #69, #327, #267, #1166, #1008, #705, #575, #234, #817, #939, #1535 ) ) ;
#343 = EDGE_CURVE ( 'NONE', #900, #1168, #21, .T. ) ;
#344 = DIRECTION ( 'NONE',  ( 1.000000000000000000, 0.000000000000000000, 0.000000000000000000 ) ) ;
#345 = DIRECTION ( 'NONE',  ( -1.000000000000000000, 0.000000000000000000, 0.000000000000000000 ) ) ;
#346 = ORIENTED_EDGE ( 'NONE', *, *, #96, .T. ) ;
#347 = DIRECTION ( 'NONE',  ( 0.000000000000000000, 1.000000000000000000, 0.000000000000000000 ) ) ;
#348 = ADVANCED_FACE ( 'NONE', ( #1175 ), #1256, .T. ) ;
#349 = EDGE_CURVE ( 'NONE', #841, #1537, #396, .T. ) ;
#350 = LINE ( 'NONE', #325, #569 ) ;
#351 = EDGE_CURVE ( 'NONE', #1480, #1431, #177, .T. ) ;
#352 = AXIS2_PLACEMENT_3D ( 'NONE', #1246, #1477, #608 ) ;
#353 = CARTESIAN_POINT ( 'NONE',  ( 2.000000000000002220, -28.14213562373094391, -11.50000000000000711 ) ) ;
#354 = AXIS2_PLACEMENT_3D ( 'NONE', #263, #1051, #1566 ) ;
#355 = DIRECTION ( 'NONE',  ( -0.7071067811865473507, 0.000000000000000000, 0.7071067811865477948 ) ) ;
#356 = EDGE_LOOP ( 'NONE', ( #1234, #287, #361, #1512 ) ) ;
#357 = CARTESIAN_POINT ( 'NONE',  ( -4.000000000000003553, -14.83239697419132597, -12.50000000000000000 ) ) ;
#358 = CIRCLE ( 'NONE', #1603, 11.99999999999999289 ) ;
#359 = EDGE_CURVE ( 'NONE', #577, #398, #1572, .T. ) ;
#360 = CARTESIAN_POINT ( 'NONE',  ( 1.091862749457699646E-16, -11.95826074310139653, 12.50000000000000000 ) ) ;
#361 = ORIENTED_EDGE ( 'NONE', *, *, #1640, .T. ) ;
#362 = DIRECTION ( 'NONE',  ( 1.000000000000000000, 0.000000000000000000, 0.000000000000000000 ) ) ;
#363 = LINE ( 'NONE', #621, #769 ) ;
#364 = EDGE_CURVE ( 'NONE', #61, #34, #41, .T. ) ;
#365 = ORIENTED_EDGE ( 'NONE', *, *, #771, .T. ) ;
#366 = CARTESIAN_POINT ( 'NONE',  ( 15.00000000000000000, 1.843143693225357538E-15, 12.50000000000000000 ) ) ;
#367 = CARTESIAN_POINT ( 'NONE',  ( 15.00000000000000000, 1.843143693225357538E-15, -11.50000000000000711 ) ) ;
#368 = VECTOR ( 'NONE', #1534, 1000.000000000000000 ) ;
#369 = AXIS2_PLACEMENT_3D ( 'NONE', #795, #1327, #1307 ) ;
#370 = ADVANCED_FACE ( 'NONE', ( #797 ), #1270, .F. ) ;
#371 = VECTOR ( 'NONE', #1071, 1000.000000000000000 ) ;
#372 = FACE_OUTER_BOUND ( 'NONE', #708, .T. ) ;
#373 = ORIENTED_EDGE ( 'NONE', *, *, #704, .T. ) ;
#374 = FACE_OUTER_BOUND ( 'NONE', #421, .T. ) ;
#375 = DIRECTION ( 'NONE',  ( 0.000000000000000000, -0.000000000000000000, -1.000000000000000000 ) ) ;
#376 = CARTESIAN_POINT ( 'NONE',  ( -1.734723475976807094E-15, 1.734723475976807094E-15, -11.50000000000000711 ) ) ;
#377 = PLANE ( 'NONE',  #1543 ) ;
#378 = ORIENTED_EDGE ( 'NONE', *, *, #395, .F. ) ;
#379 = DIRECTION ( 'NONE',  ( 0.000000000000000000, 0.000000000000000000, -1.000000000000000000 ) ) ;
#380 = CARTESIAN_POINT ( 'NONE',  ( 3.000000000000001776, -28.14213562373095812, -12.50000000000000000 ) ) ;
#381 = ADVANCED_FACE ( 'NONE', ( #1196 ), #651, .F. ) ;
#382 = EDGE_CURVE ( 'NONE', #1342, #872, #916, .T. ) ;
#383 = CARTESIAN_POINT ( 'NONE',  ( -4.999999999999998224, -21.48726629896113494, -1.734723475976807094E-15 ) ) ;
#384 = AXIS2_PLACEMENT_3D ( 'NONE', #232, #750, #1260 ) ;
#385 = CARTESIAN_POINT ( 'NONE',  ( 15.00000000000000355, -28.14213562373094391, 12.50000000000000000 ) ) ;
#386 = ORIENTED_EDGE ( 'NONE', *, *, #1273, .F. ) ;
#387 = EDGE_CURVE ( 'NONE', #1168, #1629, #926, .T. ) ;
#388 = ORIENTED_EDGE ( 'NONE', *, *, #1519, .T. ) ;
#389 = FACE_OUTER_BOUND ( 'NONE', #105, .T. ) ;
#390 = LINE ( 'NONE', #423, #1591 ) ;
#391 = EDGE_CURVE ( 'NONE', #1500, #1635, #1251, .T. ) ;
#392 = LINE ( 'NONE', #1673, #1212 ) ;
#393 = LINE ( 'NONE', #541, #1001 ) ;
#394 = ADVANCED_FACE ( 'NONE', ( #957 ), #1075, .T. ) ;
#395 = EDGE_CURVE ( 'NONE', #907, #98, #358, .T. ) ;
#396 = LINE ( 'NONE', #153, #903 ) ;
#397 = PRESENTATION_LAYER_ASSIGNMENT (  '', '', ( #1074 ) ) ;
#398 = VERTEX_POINT ( 'NONE', #1093 ) ;
#399 = VECTOR ( 'NONE', #68, 1000.000000000000114 ) ;
#400 = ORIENTED_EDGE ( 'NONE', *, *, #1645, .F. ) ;
#401 = DIRECTION ( 'NONE',  ( -1.000000000000000000, 0.000000000000000000, 0.000000000000000000 ) ) ;
#402 = CARTESIAN_POINT ( 'NONE',  ( 8.673617379884035472E-16, -21.48726629896113494, -1.734723475976807094E-15 ) ) ;
#403 = VECTOR ( 'NONE', #893, 999.9999999999998863 ) ;
#404 = CARTESIAN_POINT ( 'NONE',  ( 2.750000000000011990, -10.65070420207039348, 12.50000000000000000 ) ) ;
#405 = CARTESIAN_POINT ( 'NONE',  ( -0.9999999999999997780, -11.95826074310139653, 11.50000000000000178 ) ) ;
#406 = EDGE_CURVE ( 'NONE', #917, #289, #59, .T. ) ;
#407 = DIRECTION ( 'NONE',  ( 1.000000000000000000, 0.000000000000000000, 0.000000000000000000 ) ) ;
#408 = DIRECTION ( 'NONE',  ( 0.000000000000000000, 0.000000000000000000, 1.000000000000000000 ) ) ;
#409 = ORIENTED_EDGE ( 'NONE', *, *, #1247, .F. ) ;
#410 = VECTOR ( 'NONE', #87, 1000.000000000000000 ) ;
#411 = ORIENTED_EDGE ( 'NONE', *, *, #225, .F. ) ;
#412 = EDGE_LOOP ( 'NONE', ( #203, #1493, #1190, #1105 ) ) ;
#413 = CARTESIAN_POINT ( 'NONE',  ( -11.99999999999999467, 3.204299634953630056E-15, 12.50000000000000000 ) ) ;
#414 = CARTESIAN_POINT ( 'NONE',  ( 2.000000000000002220, -28.14213562373094391, 11.50000000000000178 ) ) ;
#415 = CARTESIAN_POINT ( 'NONE',  ( -4.000000000000003553, -28.14213562373095101, -12.50000000000000000 ) ) ;
#416 = VECTOR ( 'NONE', #1623, 1000.000000000000000 ) ;
#417 = DIRECTION ( 'NONE',  ( -0.000000000000000000, -0.000000000000000000, 1.000000000000000000 ) ) ;
#418 = EDGE_LOOP ( 'NONE', ( #574, #732, #279, #1641 ) ) ;
#419 = EDGE_CURVE ( 'NONE', #98, #9, #515, .T. ) ;
#420 = ORIENTED_EDGE ( 'NONE', *, *, #1658, .F. ) ;
#421 = EDGE_LOOP ( 'NONE', ( #302, #458, #1489 ) ) ;
#422 = DIRECTION ( 'NONE',  ( -1.000000000000000000, -0.000000000000000000, -0.000000000000000000 ) ) ;
#423 = CARTESIAN_POINT ( 'NONE',  ( 13.99999999999999467, -28.14213562373095812, -12.50000000000000000 ) ) ;
#424 = LINE ( 'NONE', #294, #642 ) ;
#425 = DIRECTION ( 'NONE',  ( -1.000000000000000000, 0.000000000000000000, 0.000000000000000000 ) ) ;
#426 = CARTESIAN_POINT ( 'NONE',  ( -1.734723475976807094E-15, 1.734723475976807094E-15, 12.50000000000000000 ) ) ;
#427 = ORIENTED_EDGE ( 'NONE', *, *, #152, .T. ) ;
#428 = AXIS2_PLACEMENT_3D ( 'NONE', #367, #1656, #132 ) ;
#429 = ORIENTED_EDGE ( 'NONE', *, *, #89, .F. ) ;
#430 = VERTEX_POINT ( 'NONE', #856 ) ;
#431 = LINE ( 'NONE', #941, #125 ) ;
#432 = CARTESIAN_POINT ( 'NONE',  ( -1.734723475976807094E-15, 1.734723475976807094E-15, -12.50000000000000000 ) ) ;
#433 = CONICAL_SURFACE ( 'NONE', #192, 0.9999999999999943379, 0.7853981633974485010 ) ;
#434 = PRESENTATION_STYLE_ASSIGNMENT (( #964 ) ) ;
#435 = CARTESIAN_POINT ( 'NONE',  ( 3.000000000000010214, -29.14213562373095101, 11.50000000000000178 ) ) ;
#436 = AXIS2_PLACEMENT_3D ( 'NONE', #1264, #1525, #1131 ) ;
#437 = CARTESIAN_POINT ( 'NONE',  ( -4.999999999999999112, -14.83239697419132597, -11.50000000000000711 ) ) ;
#438 = EDGE_LOOP ( 'NONE', ( #81, #1554, #844, #789 ) ) ;
#439 = ORIENTED_EDGE ( 'NONE', *, *, #114, .F. ) ;
#440 = EDGE_LOOP ( 'NONE', ( #126, #883, #1411, #42 ) ) ;
#441 = DIRECTION ( 'NONE',  ( -1.232830016293430002E-16, 1.000000000000000000, 0.000000000000000000 ) ) ;
#442 = CARTESIAN_POINT ( 'NONE',  ( -1.734723475976807094E-15, 1.734723475976807094E-15, 11.49999999999999822 ) ) ;
#443 = CIRCLE ( 'NONE', #1161, 1.700000000000000178 ) ;
#444 = CARTESIAN_POINT ( 'NONE',  ( -0.9999999999999870104, -28.14213562373095101, 12.50000000000000000 ) ) ;
#445 = LINE ( 'NONE', #1232, #1318 ) ;
#446 = VECTOR ( 'NONE', #1397, 1000.000000000000000 ) ;
#447 = FACE_OUTER_BOUND ( 'NONE', #1449, .T. ) ;
#448 = VECTOR ( 'NONE', #714, 1000.000000000000000 ) ;
#449 = EDGE_LOOP ( 'NONE', ( #959, #1395, #1228, #566 ) ) ;
#450 = ORIENTED_EDGE ( 'NONE', *, *, #1268, .F. ) ;
#451 = VERTEX_POINT ( 'NONE', #353 ) ;
#452 = DIRECTION ( 'NONE',  ( -1.000000000000000000, 0.000000000000000000, 0.000000000000000000 ) ) ;
#453 = ADVANCED_FACE ( 'NONE', ( #317 ), #609, .T. ) ;
#454 = CARTESIAN_POINT ( 'NONE',  ( 3.000000000000002220, -11.61895003862225018, -11.50000000000000711 ) ) ;
#455 = CARTESIAN_POINT ( 'NONE',  ( 3.000000000000010214, -29.14213562373095101, -11.50000000000000711 ) ) ;
#456 = ADVANCED_FACE ( 'NONE', ( #447 ), #1297, .F. ) ;
#457 = EDGE_CURVE ( 'NONE', #1086, #461, #1628, .T. ) ;
#458 = ORIENTED_EDGE ( 'NONE', *, *, #1479, .F. ) ;
#459 = ADVANCED_FACE ( 'NONE', ( #729 ), #737, .F. ) ;
#460 = DIRECTION ( 'NONE',  ( -0.000000000000000000, 0.000000000000000000, 1.000000000000000000 ) ) ;
#461 = VERTEX_POINT ( 'NONE', #60 ) ;
#462 = CARTESIAN_POINT ( 'NONE',  ( 2.999999999999992450, -28.14213562373095101, 12.50000000000000000 ) ) ;
#463 = AXIS2_PLACEMENT_3D ( 'NONE', #113, #540, #1279 ) ;
#464 = LINE ( 'NONE', #1091, #1590 ) ;
#465 = VECTOR ( 'NONE', #981, 1000.000000000000000 ) ;
#466 = VECTOR ( 'NONE', #885, 1000.000000000000000 ) ;
#467 = CARTESIAN_POINT ( 'NONE',  ( -5.999999999999998224, -14.83239697419132597, 11.50000000000000178 ) ) ;
#468 = EDGE_LOOP ( 'NONE', ( #290, #800, #1080, #1458 ) ) ;
#469 = EDGE_CURVE ( 'NONE', #1088, #1537, #1515, .T. ) ;
#470 = CARTESIAN_POINT ( 'NONE',  ( 2.000000000000002220, -28.14213562373094391, 11.50000000000000178 ) ) ;
#471 = ORIENTED_EDGE ( 'NONE', *, *, #280, .T. ) ;
#472 = LINE ( 'NONE', #712, #672 ) ;
#473 = EDGE_CURVE ( 'NONE', #1176, #474, #989, .T. ) ;
#474 = VERTEX_POINT ( 'NONE', #1240 ) ;
#475 = CARTESIAN_POINT ( 'NONE',  ( 2.000000000000002220, -21.48726629896113494, -1.734723475976807094E-15 ) ) ;
#476 = EDGE_CURVE ( 'NONE', #496, #872, #224, .T. ) ;
#477 = LINE ( 'NONE', #727, #399 ) ;
#478 = FACE_OUTER_BOUND ( 'NONE', #820, .T. ) ;
#479 = CARTESIAN_POINT ( 'NONE',  ( 0.000000000000000000, -20.28518477094399941, 1.202081528017128864 ) ) ;
#480 = ORIENTED_EDGE ( 'NONE', *, *, #332, .T. ) ;
#481 = DIRECTION ( 'NONE',  ( -1.000000000000000000, 0.000000000000000000, 0.000000000000000000 ) ) ;
#482 = AXIS2_PLACEMENT_3D ( 'NONE', #335, #980, #598 ) ;
#483 = AXIS2_PLACEMENT_3D ( 'NONE', #1463, #1444, #285 ) ;
#484 = VECTOR ( 'NONE', #1334, 1000.000000000000000 ) ;
#485 = DIRECTION ( 'NONE',  ( 0.000000000000000000, 0.000000000000000000, 1.000000000000000000 ) ) ;
#486 = ORIENTED_EDGE ( 'NONE', *, *, #1292, .T. ) ;
#487 = DIRECTION ( 'NONE',  ( 5.826514983396857125E-15, -0.7071067811865474617, 0.7071067811865474617 ) ) ;
#488 = PRODUCT_DEFINITION ( 'UNKNOWN', '', #1109, #905 ) ;
#489 = AXIS2_PLACEMENT_3D ( 'NONE', #791, #379, #1284 ) ;
#490 = CARTESIAN_POINT ( 'NONE',  ( 2.000000000000002220, -28.14213562373094391, -11.50000000000000711 ) ) ;
#491 = VERTEX_POINT ( 'NONE', #202 ) ;
#492 = DIRECTION ( 'NONE',  ( -1.000000000000000000, -1.232830016293430002E-16, 0.000000000000000000 ) ) ;
#493 = EDGE_CURVE ( 'NONE', #1505, #1086, #787, .T. ) ;
#494 = EDGE_CURVE ( 'NONE', #430, #1115, #594, .T. ) ;
#495 = CARTESIAN_POINT ( 'NONE',  ( -0.9166666666666665186, -10.96173901450961452, -11.50000000000000711 ) ) ;
#496 = VERTEX_POINT ( 'NONE', #1619 ) ;
#497 = CARTESIAN_POINT ( 'NONE',  ( 15.00100000000000477, -22.68934782697827046, 1.202081528017125978 ) ) ;
#498 = LINE ( 'NONE', #1278, #572 ) ;
#499 = FACE_OUTER_BOUND ( 'NONE', #663, .T. ) ;
#500 = AXIS2_PLACEMENT_3D ( 'NONE', #122, #921, #650 ) ;
#501 = AXIS2_PLACEMENT_3D ( 'NONE', #1063, #1579, #826 ) ;
#502 = VECTOR ( 'NONE', #1655, 1000.000000000000114 ) ;
#503 = DIRECTION ( 'NONE',  ( -1.000000000000000000, 0.000000000000000000, 0.000000000000000000 ) ) ;
#504 = ORIENTED_EDGE ( 'NONE', *, *, #1519, .F. ) ;
#505 = ADVANCED_FACE ( 'NONE', ( #478 ), #602, .F. ) ;
#506 = ORIENTED_EDGE ( 'NONE', *, *, #406, .F. ) ;
#507 = LINE ( 'NONE', #759, #1468 ) ;
#508 = LINE ( 'NONE', #1540, #1665 ) ;
#509 = PLANE ( 'NONE',  #428 ) ;
#510 = VECTOR ( 'NONE', #1085, 1000.000000000000114 ) ;
#511 = EDGE_CURVE ( 'NONE', #1341, #1015, #443, .T. ) ;
#512 = DIRECTION ( 'NONE',  ( -1.000000000000000000, 0.000000000000000000, 0.000000000000000000 ) ) ;
#513 = VERTEX_POINT ( 'NONE', #1651 ) ;
#514 = ADVANCED_FACE ( 'NONE', ( #1671 ), #1169, .F. ) ;
#515 = CIRCLE ( 'NONE', #86, 11.99999999999999289 ) ;
#516 = EDGE_LOOP ( 'NONE', ( #24, #637, #186 ) ) ;
#517 = LINE ( 'NONE', #892, #446 ) ;
#518 = DIRECTION ( 'NONE',  ( -0.000000000000000000, -0.000000000000000000, -1.000000000000000000 ) ) ;
#519 = ADVANCED_FACE ( 'NONE', ( #1565 ), #1142, .T. ) ;
#520 = CONICAL_SURFACE ( 'NONE', #857, 13.99999999999999645, 0.7853981633974491672 ) ;
#521 = DIRECTION ( 'NONE',  ( -0.7071067811865441310, 0.000000000000000000, -0.7071067811865507924 ) ) ;
#522 = AXIS2_PLACEMENT_3D ( 'NONE', #164, #1592, #945 ) ;
#523 = FACE_OUTER_BOUND ( 'NONE', #35, .T. ) ;
#524 = ORIENTED_EDGE ( 'NONE', *, *, #877, .T. ) ;
#525 = ORIENTED_EDGE ( 'NONE', *, *, #208, .F. ) ;
#526 = LINE ( 'NONE', #413, #227 ) ;
#527 = CARTESIAN_POINT ( 'NONE',  ( -5.249999999999998224, -12.97834735241741733, -12.50000000000000000 ) ) ;
#528 = DIRECTION ( 'NONE',  ( -0.000000000000000000, 0.7071067811865482389, 0.7071067811865469066 ) ) ;
#529 = DIRECTION ( 'NONE',  ( -0.000000000000000000, 0.000000000000000000, 1.000000000000000000 ) ) ;
#530 = EDGE_CURVE ( 'NONE', #1596, #917, #1548, .T. ) ;
#531 = CARTESIAN_POINT ( 'NONE',  ( 14.00000000000001243, -28.14213562373094391, 12.50000000000000000 ) ) ;
#532 = VECTOR ( 'NONE', #1314, 1000.000000000000000 ) ;
#533 = ORIENTED_EDGE ( 'NONE', *, *, #473, .F. ) ;
#534 = AXIS2_PLACEMENT_3D ( 'NONE', #183, #1033, #276 ) ;
#535 = CARTESIAN_POINT ( 'NONE',  ( -11.00000000000000533, 1.734723475976807094E-15, 12.50000000000000000 ) ) ;
#536 = VERTEX_POINT ( 'NONE', #648 ) ;
#537 = DIRECTION ( 'NONE',  ( -0.000000000000000000, -0.000000000000000000, -1.000000000000000000 ) ) ;
#538 = CARTESIAN_POINT ( 'NONE',  ( -11.00000000000000533, 1.734723475976807094E-15, -11.50000000000000711 ) ) ;
#539 = VECTOR ( 'NONE', #560, 1000.000000000000000 ) ;
#540 = DIRECTION ( 'NONE',  ( -0.000000000000000000, -0.000000000000000000, 1.000000000000000000 ) ) ;
#541 = CARTESIAN_POINT ( 'NONE',  ( -3.244945940484317844E-16, -11.95826074310139653, 11.50000000000000178 ) ) ;
#542 = EDGE_CURVE ( 'NONE', #167, #938, #517, .T. ) ;
#543 = CARTESIAN_POINT ( 'NONE',  ( 14.00000000000000888, 1.835915678742122288E-15, 12.50000000000000000 ) ) ;
#544 = EDGE_LOOP ( 'NONE', ( #1481, #937, #1331, #819 ) ) ;
#545 = VECTOR ( 'NONE', #657, 1000.000000000000000 ) ;
#546 = ORIENTED_EDGE ( 'NONE', *, *, #1036, .T. ) ;
#547 = ORIENTED_EDGE ( 'NONE', *, *, #1599, .F. ) ;
#548 = FACE_OUTER_BOUND ( 'NONE', #880, .T. ) ;
#549 = DIRECTION ( 'NONE',  ( 0.000000000000000000, -0.7071067811865489050, 0.7071067811865461294 ) ) ;
#550 = CARTESIAN_POINT ( 'NONE',  ( -1.734723475976807094E-15, 1.734723475976807094E-15, 12.50000000000000000 ) ) ;
#551 = DIRECTION ( 'NONE',  ( -1.000000000000000000, 8.881784197001252323E-16, 0.000000000000000000 ) ) ;
#552 = EDGE_CURVE ( 'NONE', #513, #1015, #4, .T. ) ;
#553 = VECTOR ( 'NONE', #355, 999.9999999999998863 ) ;
#554 = DIRECTION ( 'NONE',  ( -1.000000000000000000, 0.000000000000000000, 0.000000000000000000 ) ) ;
#555 = ORIENTED_EDGE ( 'NONE', *, *, #1125, .T. ) ;
#556 = AXIS2_PLACEMENT_3D ( 'NONE', #1450, #559, #1483 ) ;
#557 = ORIENTED_EDGE ( 'NONE', *, *, #1405, .F. ) ;
#558 = ORIENTED_EDGE ( 'NONE', *, *, #1650, .F. ) ;
#559 = DIRECTION ( 'NONE',  ( -1.000000000000000000, -0.000000000000000000, -0.000000000000000000 ) ) ;
#560 = DIRECTION ( 'NONE',  ( -0.000000000000000000, -0.000000000000000000, -1.000000000000000000 ) ) ;
#561 = CARTESIAN_POINT ( 'NONE',  ( 1.734723475976807094E-15, -21.48726629896113494, 2.404163056034265278 ) ) ;
#562 = CARTESIAN_POINT ( 'NONE',  ( 8.448924226215551059, -21.48726629896113494, -1.249999999999999334 ) ) ;
#563 = ORIENTED_EDGE ( 'NONE', *, *, #1288, .F. ) ;
#564 = AXIS2_PLACEMENT_3D ( 'NONE', #1576, #422, #1585 ) ;
#565 = ORIENTED_EDGE ( 'NONE', *, *, #1316, .T. ) ;
#566 = ORIENTED_EDGE ( 'NONE', *, *, #1230, .T. ) ;
#567 = CARTESIAN_POINT ( 'NONE',  ( 1.091862749457699646E-16, -11.95826074310139653, 11.50000000000000178 ) ) ;
#568 = DIRECTION ( 'NONE',  ( -1.000000000000000000, 0.000000000000000000, 0.000000000000000000 ) ) ;
#569 = VECTOR ( 'NONE', #866, 1000.000000000000000 ) ;
#570 =( NAMED_UNIT ( * ) PLANE_ANGLE_UNIT ( ) SI_UNIT ( $, .RADIAN. ) );
#571 = CARTESIAN_POINT ( 'NONE',  ( 2.000000000000002220, -21.48726629896113494, -1.734723475976807094E-15 ) ) ;
#572 = VECTOR ( 'NONE', #1138, 1000.000000000000000 ) ;
#573 = CARTESIAN_POINT ( 'NONE',  ( -1.734723475976807094E-15, 1.734723475976807094E-15, 12.50000000000000000 ) ) ;
#574 = ORIENTED_EDGE ( 'NONE', *, *, #641, .T. ) ;
#575 = ADVANCED_FACE ( 'NONE', ( #389 ), #924, .F. ) ;
#576 = EDGE_LOOP ( 'NONE', ( #310, #271, #1309, #303 ) ) ;
#577 = VERTEX_POINT ( 'NONE', #111 ) ;
#578 = CARTESIAN_POINT ( 'NONE',  ( -1.734723475976807094E-15, 1.734723475976807094E-15, -11.50000000000000711 ) ) ;
#579 = AXIS2_PLACEMENT_3D ( 'NONE', #683, #417, #407 ) ;
#580 = ORIENTED_EDGE ( 'NONE', *, *, #1438, .T. ) ;
#581 = EDGE_CURVE ( 'NONE', #258, #872, #1050, .T. ) ;
#582 = AXIS2_PLACEMENT_3D ( 'NONE', #321, #26, #198 ) ;
#583 = DIRECTION ( 'NONE',  ( -0.000000000000000000, -0.000000000000000000, -1.000000000000000000 ) ) ;
#584 = EDGE_CURVE ( 'NONE', #1431, #98, #526, .T. ) ;
#585 = CARTESIAN_POINT ( 'NONE',  ( -3.999999999999998224, -28.14213562373095101, 11.50000000000000178 ) ) ;
#586 = AXIS2_PLACEMENT_3D ( 'NONE', #1227, #62, #588 ) ;
#587 = ORIENTED_EDGE ( 'NONE', *, *, #925, .F. ) ;
#588 = DIRECTION ( 'NONE',  ( -1.000000000000000000, 0.000000000000000000, 0.000000000000000000 ) ) ;
#589 = ORIENTED_EDGE ( 'NONE', *, *, #221, .T. ) ;
#590 = PLANE ( 'NONE',  #1509 ) ;
#591 = DIRECTION ( 'NONE',  ( -1.000000000000000000, 0.000000000000000000, 0.000000000000000000 ) ) ;
#592 = DIRECTION ( 'NONE',  ( -0.000000000000000000, 0.000000000000000000, 1.000000000000000000 ) ) ;
#593 = EDGE_CURVE ( 'NONE', #536, #1129, #1531, .T. ) ;
#594 = LINE ( 'NONE', #1101, #963 ) ;
#595 = EDGE_LOOP ( 'NONE', ( #506, #686, #557 ) ) ;
#596 = CARTESIAN_POINT ( 'NONE',  ( 3.000000000000001776, -28.14213562373095101, -11.50000000000000711 ) ) ;
#597 = ORIENTED_EDGE ( 'NONE', *, *, #1501, .T. ) ;
#598 = DIRECTION ( 'NONE',  ( -1.000000000000000000, 0.000000000000000000, 0.000000000000000000 ) ) ;
#599 = DIRECTION ( 'NONE',  ( 0.000000000000000000, -0.7071067811865444641, -0.7071067811865505703 ) ) ;
#600 = AXIS2_PLACEMENT_3D ( 'NONE', #1485, #862, #213 ) ;
#601 = VECTOR ( 'NONE', #487, 1000.000000000000114 ) ;
#602 = CYLINDRICAL_SURFACE ( 'NONE', #1358, 0.9999999999999991118 ) ;
#603 = ORIENTED_EDGE ( 'NONE', *, *, #1644, .F. ) ;
#604 = ADVANCED_FACE ( 'NONE', ( #374 ), #1385, .T. ) ;
#605 = CARTESIAN_POINT ( 'NONE',  ( 2.000000000000002220, -21.48726629896113494, 1.249999999999996003 ) ) ;
#606 = ORIENTED_EDGE ( 'NONE', *, *, #748, .T. ) ;
#607 = AXIS2_PLACEMENT_3D ( 'NONE', #666, #1179, #14 ) ;
#608 = DIRECTION ( 'NONE',  ( -1.000000000000000000, 1.734723475976807883E-15, 0.000000000000000000 ) ) ;
#609 = PLANE ( 'NONE',  #1465 ) ;
#610 = ORIENTED_EDGE ( 'NONE', *, *, #215, .T. ) ;
#611 = AXIS2_PLACEMENT_3D ( 'NONE', #312, #628, #512 ) ;
#612 = CARTESIAN_POINT ( 'NONE',  ( 13.99999999999999467, -29.14213562373095101, -11.50000000000000711 ) ) ;
#613 = ORIENTED_EDGE ( 'NONE', *, *, #771, .F. ) ;
#614 = VECTOR ( 'NONE', #286, 1000.000000000000114 ) ;
#615 = FACE_OUTER_BOUND ( 'NONE', #1573, .T. ) ;
#616 = CARTESIAN_POINT ( 'NONE',  ( 1.091862749457699646E-16, -11.95826074310139653, 12.50000000000000000 ) ) ;
#617 = ORIENTED_EDGE ( 'NONE', *, *, #1570, .T. ) ;
#618 = CARTESIAN_POINT ( 'NONE',  ( -0.9999999999999978906, -28.14213562373095101, 11.50000000000000178 ) ) ;
#619 = AXIS2_PLACEMENT_3D ( 'NONE', #39, #922, #425 ) ;
#620 = AXIS2_PLACEMENT_3D ( 'NONE', #366, #492, #1643 ) ;
#621 = CARTESIAN_POINT ( 'NONE',  ( 3.000000000000000000, -11.61895003862224129, 12.50000000000000000 ) ) ;
#622 = EDGE_CURVE ( 'NONE', #773, #979, #262, .T. ) ;
#623 = ORIENTED_EDGE ( 'NONE', *, *, #1520, .T. ) ;
#624 = DIRECTION ( 'NONE',  ( -1.000000000000000000, 0.000000000000000000, 0.000000000000000000 ) ) ;
#625 = EDGE_CURVE ( 'NONE', #1360, #23, #129, .T. ) ;
#626 = VECTOR ( 'NONE', #631, 1000.000000000000114 ) ;
#627 = DIRECTION ( 'NONE',  ( -1.000000000000000000, -0.000000000000000000, -0.000000000000000000 ) ) ;
#628 = DIRECTION ( 'NONE',  ( -0.000000000000000000, 0.000000000000000000, 1.000000000000000000 ) ) ;
#629 = ORIENTED_EDGE ( 'NONE', *, *, #493, .F. ) ;
#630 = ORIENTED_EDGE ( 'NONE', *, *, #1100, .T. ) ;
#631 = DIRECTION ( 'NONE',  ( 5.059868275055165273E-15, 0.7071067811865474617, -0.7071067811865474617 ) ) ;
#632 = FACE_OUTER_BOUND ( 'NONE', #951, .T. ) ;
#633 = DIRECTION ( 'NONE',  ( 0.000000000000000000, 0.000000000000000000, -1.000000000000000000 ) ) ;
#634 = EDGE_CURVE ( 'NONE', #1412, #979, #507, .T. ) ;
#635 = CARTESIAN_POINT ( 'NONE',  ( 2.000000000000002220, -21.48726629896113494, 1.499999999999999556 ) ) ;
#636 = PRODUCT_CONTEXT ( 'NONE', #301, 'mechanical' ) ;
#637 = ORIENTED_EDGE ( 'NONE', *, *, #581, .T. ) ;
#638 = DIRECTION ( 'NONE',  ( -0.7071067811865444641, 8.659560562354895880E-17, 0.7071067811865505703 ) ) ;
#639 = FACE_OUTER_BOUND ( 'NONE', #178, .T. ) ;
#640 = DIRECTION ( 'NONE',  ( 0.000000000000000000, 0.7071067811865505703, -0.7071067811865444641 ) ) ;
#641 = EDGE_CURVE ( 'NONE', #917, #536, #246, .T. ) ;
#642 = VECTOR ( 'NONE', #943, 1000.000000000000000 ) ;
#643 = VECTOR ( 'NONE', #15, 1000.000000000000114 ) ;
#644 = DIRECTION ( 'NONE',  ( -0.7071067811865477948, 0.000000000000000000, -0.7071067811865473507 ) ) ;
#645 = ADVANCED_FACE ( 'NONE', ( #1539 ), #1277, .F. ) ;
#646 = EDGE_LOOP ( 'NONE', ( #245, #400, #1330, #1111 ) ) ;
#647 = ORIENTED_EDGE ( 'NONE', *, *, #982, .F. ) ;
#648 = CARTESIAN_POINT ( 'NONE',  ( -3.999999999999991562, -29.14213562373095101, -11.50000000000000711 ) ) ;
#649 = CYLINDRICAL_SURFACE ( 'NONE', #1266, 0.9999999999999993339 ) ;
#650 = DIRECTION ( 'NONE',  ( 0.000000000000000000, 0.000000000000000000, 1.000000000000000000 ) ) ;
#651 = CONICAL_SURFACE ( 'NONE', #579, 11.99999999999999289, 0.7853981633974439491 ) ;
#652 = CARTESIAN_POINT ( 'NONE',  ( 15.00000000000000000, 1.843143693225357538E-15, 11.50000000000000178 ) ) ;
#653 =( NAMED_UNIT ( * ) SI_UNIT ( $, .STERADIAN. ) SOLID_ANGLE_UNIT ( ) );
#654 = ORIENTED_EDGE ( 'NONE', *, *, #1302, .T. ) ;
#655 = EDGE_CURVE ( 'NONE', #398, #927, #682, .T. ) ;
#656 = ORIENTED_EDGE ( 'NONE', *, *, #382, .T. ) ;
#657 = DIRECTION ( 'NONE',  ( -1.000000000000000000, -0.000000000000000000, -0.000000000000000000 ) ) ;
#658 = DIRECTION ( 'NONE',  ( -1.000000000000000000, 0.000000000000000000, 0.000000000000000000 ) ) ;
#659 = CARTESIAN_POINT ( 'NONE',  ( -0.9999999999999978906, -28.14213562373095101, 12.50000000000000000 ) ) ;
#660 = LINE ( 'NONE', #1211, #808 ) ;
#661 = VECTOR ( 'NONE', #818, 1000.000000000000000 ) ;
#662 = DIRECTION ( 'NONE',  ( 1.139421349896794992E-16, -1.000000000000000000, 0.000000000000000000 ) ) ;
#663 = EDGE_LOOP ( 'NONE', ( #1517, #812, #1593, #603 ) ) ;
#664 = ORIENTED_EDGE ( 'NONE', *, *, #1172, .F. ) ;
#665 = VERTEX_POINT ( 'NONE', #1432 ) ;
#666 = CARTESIAN_POINT ( 'NONE',  ( -1.734723475976807094E-15, 1.734723475976807094E-15, -11.50000000000000711 ) ) ;
#667 = DIRECTION ( 'NONE',  ( -0.000000000000000000, 0.000000000000000000, 1.000000000000000000 ) ) ;
#668 = FACE_OUTER_BOUND ( 'NONE', #1340, .T. ) ;
#669 = PLANE ( 'NONE',  #534 ) ;
#670 = AXIS2_PLACEMENT_3D ( 'NONE', #578, #687, #452 ) ;
#671 = CARTESIAN_POINT ( 'NONE',  ( 2.000000000000002220, -21.48726629896113494, -1.249999999999999334 ) ) ;
#672 = VECTOR ( 'NONE', #200, 1000.000000000000000 ) ;
#673 = ORIENTED_EDGE ( 'NONE', *, *, #99, .T. ) ;
#674 = CONICAL_SURFACE ( 'NONE', #1352, 0.9999999999999947820, 0.7853981633974485010 ) ;
#675 = ORIENTED_EDGE ( 'NONE', *, *, #406, .T. ) ;
#676 = VERTEX_POINT ( 'NONE', #273 ) ;
#677 = CARTESIAN_POINT ( 'NONE',  ( -1.000000000000005107, -29.14213562373095101, 11.50000000000000178 ) ) ;
#678 = DIRECTION ( 'NONE',  ( 1.000000000000000000, 0.000000000000000000, 0.000000000000000000 ) ) ;
#679 = EDGE_CURVE ( 'NONE', #850, #1457, #1113, .T. ) ;
#680 = CARTESIAN_POINT ( 'NONE',  ( 8.448924226215551059, -21.48726629896113494, -1.734723475976807094E-15 ) ) ;
#681 = FACE_OUTER_BOUND ( 'NONE', #1574, .T. ) ;
#682 = CIRCLE ( 'NONE', #1626, 1.999999999999993117 ) ;
#683 = CARTESIAN_POINT ( 'NONE',  ( -1.734723475976807094E-15, 1.734723475976807094E-15, 12.50000000000000000 ) ) ;
#684 = ORIENTED_EDGE ( 'NONE', *, *, #1247, .T. ) ;
#685 = ORIENTED_EDGE ( 'NONE', *, *, #869, .F. ) ;
#686 = ORIENTED_EDGE ( 'NONE', *, *, #761, .T. ) ;
#687 = DIRECTION ( 'NONE',  ( 0.000000000000000000, 0.000000000000000000, -1.000000000000000000 ) ) ;
#688 = CARTESIAN_POINT ( 'NONE',  ( -1.734723475976807094E-15, 1.734723475976807094E-15, -11.50000000000000711 ) ) ;
#689 = LINE ( 'NONE', #1588, #1426 ) ;
#690 = AXIS2_PLACEMENT_3D ( 'NONE', #1104, #1639, #347 ) ;
#691 = EDGE_CURVE ( 'NONE', #1537, #451, #1271, .T. ) ;
#692 = LINE ( 'NONE', #562, #1608 ) ;
#693 = ORIENTED_EDGE ( 'NONE', *, *, #1364, .F. ) ;
#694 = ORIENTED_EDGE ( 'NONE', *, *, #1122, .T. ) ;
#695 = ORIENTED_EDGE ( 'NONE', *, *, #861, .T. ) ;
#696 = FACE_OUTER_BOUND ( 'NONE', #1165, .T. ) ;
#697 = DIRECTION ( 'NONE',  ( -0.7071067811865477948, 0.000000000000000000, -0.7071067811865473507 ) ) ;
#698 = FILL_AREA_STYLE ('',( #1476 ) ) ;
#699 = DIRECTION ( 'NONE',  ( -1.000000000000000000, 0.000000000000000000, 0.000000000000000000 ) ) ;
#700 = EDGE_CURVE ( 'NONE', #1596, #979, #1219, .T. ) ;
#701 = ADVANCED_FACE ( 'NONE', ( #1200 ), #1538, .F. ) ;
#702 = CARTESIAN_POINT ( 'NONE',  ( 2.750000000000011990, -10.65070420207039348, 11.50000000000000178 ) ) ;
#703 = ORIENTED_EDGE ( 'NONE', *, *, #1622, .T. ) ;
#704 = EDGE_CURVE ( 'NONE', #461, #577, #1328, .T. ) ;
#705 = ADVANCED_FACE ( 'NONE', ( #843 ), #214, .F. ) ;
#706 = VECTOR ( 'NONE', #930, 1000.000000000000000 ) ;
#707 = LINE ( 'NONE', #535, #1062 ) ;
#708 = EDGE_LOOP ( 'NONE', ( #228, #1437, #13, #809 ) ) ;
#709 = CARTESIAN_POINT ( 'NONE',  ( 2.999999999999995559, -11.61895003862225018, -12.50000000000000000 ) ) ;
#710 = AXIS2_PLACEMENT_3D ( 'NONE', #855, #592, #720 ) ;
#711 = DIRECTION ( 'NONE',  ( -0.000000000000000000, 0.000000000000000000, 1.000000000000000000 ) ) ;
#712 = CARTESIAN_POINT ( 'NONE',  ( 1.091862749457699646E-16, -11.95826074310139653, -11.50000000000000711 ) ) ;
#713 = ORIENTED_EDGE ( 'NONE', *, *, #208, .T. ) ;
#714 = DIRECTION ( 'NONE',  ( -1.000000000000000000, 0.000000000000000000, 0.000000000000000000 ) ) ;
#715 = ORIENTED_EDGE ( 'NONE', *, *, #861, .F. ) ;
#716 = CARTESIAN_POINT ( 'NONE',  ( -3.999999999999991562, -29.14213562373095101, 11.50000000000000178 ) ) ;
#717 = AXIS2_PLACEMENT_3D ( 'NONE', #1555, #537, #901 ) ;
#718 = ADVANCED_FACE ( 'NONE', ( #1343, #548 ), #55, .F. ) ;
#719 = DIRECTION ( 'NONE',  ( 0.000000000000000000, 0.000000000000000000, -1.000000000000000000 ) ) ;
#720 = DIRECTION ( 'NONE',  ( -1.000000000000000000, 0.000000000000000000, 0.000000000000000000 ) ) ;
#721 = DIRECTION ( 'NONE',  ( -1.000000000000000000, 0.000000000000000000, 0.000000000000000000 ) ) ;
#722 = VECTOR ( 'NONE', #1382, 1000.000000000000000 ) ;
#723 = ORIENTED_EDGE ( 'NONE', *, *, #584, .T. ) ;
#724 = CYLINDRICAL_SURFACE ( 'NONE', #1386, 11.00000000000000355 ) ;
#725 = EDGE_LOOP ( 'NONE', ( #1207, #260, #341, #1367 ) ) ;
#726 = DIRECTION ( 'NONE',  ( 0.000000000000000000, -0.000000000000000000, -1.000000000000000000 ) ) ;
#727 = CARTESIAN_POINT ( 'NONE',  ( 14.00000000000000533, 1.719860691596015277E-15, -12.50000000000000000 ) ) ;
#728 = EDGE_CURVE ( 'NONE', #1048, #773, #1208, .T. ) ;
#729 = FACE_OUTER_BOUND ( 'NONE', #975, .T. ) ;
#730 = EDGE_LOOP ( 'NONE', ( #1300, #1564, #1188 ) ) ;
#731 = LINE ( 'NONE', #1114, #793 ) ;
#732 = ORIENTED_EDGE ( 'NONE', *, *, #1524, .T. ) ;
#733 = CONICAL_SURFACE ( 'NONE', #753, 0.9999999999999895639, 0.7853981633974435050 ) ;
#734 = DIRECTION ( 'NONE',  ( -0.000000000000000000, 0.000000000000000000, 1.000000000000000000 ) ) ;
#735 = AXIS2_PLACEMENT_3D ( 'NONE', #405, #954, #699 ) ;
#736 = CONICAL_SURFACE ( 'NONE', #1153, 11.00000000000000355, 0.7853981633974482790 ) ;
#737 = PLANE ( 'NONE',  #135 ) ;
#738 = ORIENTED_EDGE ( 'NONE', *, *, #1599, .T. ) ;
#739 = CARTESIAN_POINT ( 'NONE',  ( -1.734723475976807094E-15, 1.734723475976807094E-15, 12.50000000000000000 ) ) ;
#740 = ORIENTED_EDGE ( 'NONE', *, *, #1055, .F. ) ;
#741 = AXIS2_PLACEMENT_3D ( 'NONE', #467, #79, #721 ) ;
#742 = CARTESIAN_POINT ( 'NONE',  ( 2.602085213965210642E-15, -28.14213562373094391, -11.50000000000000711 ) ) ;
#743 = VECTOR ( 'NONE', #1158, 1000.000000000000000 ) ;
#744 = VECTOR ( 'NONE', #1614, 999.9999999999998863 ) ;
#745 = CYLINDRICAL_SURFACE ( 'NONE', #230, 1.249999999999997558 ) ;
#746 = ORIENTED_EDGE ( 'NONE', *, *, #1640, .F. ) ;
#747 = CARTESIAN_POINT ( 'NONE',  ( -11.00000000000000533, 1.734723475976807094E-15, 11.50000000000000178 ) ) ;
#748 = EDGE_CURVE ( 'NONE', #841, #167, #1597, .T. ) ;
#749 = EDGE_CURVE ( 'NONE', #313, #850, #36, .T. ) ;
#750 = DIRECTION ( 'NONE',  ( -0.000000000000000000, -0.000000000000000000, -1.000000000000000000 ) ) ;
#751 = ORIENTED_EDGE ( 'NONE', *, *, #145, .T. ) ;
#752 = CARTESIAN_POINT ( 'NONE',  ( -3.999999999999998224, -28.14213562373095101, -11.50000000000000711 ) ) ;
#753 = AXIS2_PLACEMENT_3D ( 'NONE', #1081, #952, #180 ) ;
#754 = AXIS2_PLACEMENT_3D ( 'NONE', #993, #836, #316 ) ;
#755 = DIRECTION ( 'NONE',  ( -1.000000000000000000, 0.000000000000000000, 0.000000000000000000 ) ) ;
#756 = AXIS2_PLACEMENT_3D ( 'NONE', #432, #138, #130 ) ;
#757 = CARTESIAN_POINT ( 'NONE',  ( -4.999999999999998224, -14.83239697419132597, 11.50000000000000178 ) ) ;
#758 = ORIENTED_EDGE ( 'NONE', *, *, #749, .F. ) ;
#759 = CARTESIAN_POINT ( 'NONE',  ( 14.00000000000000178, -28.14213562373096167, 12.50000000000000000 ) ) ;
#760 = CARTESIAN_POINT ( 'NONE',  ( -3.999999999999998224, -28.14213562373096167, 12.50000000000000000 ) ) ;
#761 = EDGE_CURVE ( 'NONE', #917, #1412, #314, .T. ) ;
#762 = CARTESIAN_POINT ( 'NONE',  ( 15.00100000000000477, -20.28518477094399941, 1.202081528017128864 ) ) ;
#763 = CARTESIAN_POINT ( 'NONE',  ( 3.000000000000002220, -11.61895003862225018, 11.50000000000000178 ) ) ;
#764 = EDGE_LOOP ( 'NONE', ( #1362, #987, #320, #388 ) ) ;
#765 = ADVANCED_FACE ( 'NONE', ( #1191 ), #590, .F. ) ;
#766 = VERTEX_POINT ( 'NONE', #1441 ) ;
#767 = CARTESIAN_POINT ( 'NONE',  ( -3.999999999999991562, -29.14213562373095101, 12.50000000000000000 ) ) ;
#768 = LINE ( 'NONE', #1649, #502 ) ;
#769 = VECTOR ( 'NONE', #1275, 1000.000000000000000 ) ;
#770 = FACE_OUTER_BOUND ( 'NONE', #1419, .T. ) ;
#771 = EDGE_CURVE ( 'NONE', #1015, #474, #282, .T. ) ;
#772 = LINE ( 'NONE', #1010, #1521 ) ;
#773 = VERTEX_POINT ( 'NONE', #1312 ) ;
#774 = VERTEX_POINT ( 'NONE', #1060 ) ;
#775 = DIRECTION ( 'NONE',  ( -0.000000000000000000, 0.000000000000000000, 1.000000000000000000 ) ) ;
#776 = DIRECTION ( 'NONE',  ( 0.000000000000000000, 1.000000000000000000, 0.000000000000000000 ) ) ;
#777 = CARTESIAN_POINT ( 'NONE',  ( 14.00000000000000178, -28.14213562373095101, 12.50000000000000000 ) ) ;
#778 = AXIS2_PLACEMENT_3D ( 'NONE', #266, #1453, #140 ) ;
#779 = CIRCLE ( 'NONE', #1185, 1.699999999999996625 ) ;
#780 = CARTESIAN_POINT ( 'NONE',  ( 8.448924226215551059, -21.48726629896113494, 1.249999999999996003 ) ) ;
#781 = EDGE_LOOP ( 'NONE', ( #1547, #1615, #429, #233 ) ) ;
#782 = VERTEX_POINT ( 'NONE', #709 ) ;
#783 = DIRECTION ( 'NONE',  ( 1.000000000000000000, 0.000000000000000000, 0.000000000000000000 ) ) ;
#784 = DIRECTION ( 'NONE',  ( -0.000000000000000000, -0.000000000000000000, -1.000000000000000000 ) ) ;
#785 = CYLINDRICAL_SURFACE ( 'NONE', #1423, 1.699999999999998401 ) ;
#786 = DIRECTION ( 'NONE',  ( 0.000000000000000000, 0.000000000000000000, -1.000000000000000000 ) ) ;
#787 = CIRCLE ( 'NONE', #741, 0.9999999999999991118 ) ;
#788 = CARTESIAN_POINT ( 'NONE',  ( -4.999999999999998224, -28.14213562373094391, 11.50000000000000178 ) ) ;
#789 = ORIENTED_EDGE ( 'NONE', *, *, #1195, .F. ) ;
#790 = ORIENTED_EDGE ( 'NONE', *, *, #1594, .T. ) ;
#791 = CARTESIAN_POINT ( 'NONE',  ( 14.00000000000000178, -28.14213562373095101, 12.50000000000000000 ) ) ;
#792 = FACE_OUTER_BOUND ( 'NONE', #1096, .T. ) ;
#793 = VECTOR ( 'NONE', #226, 1000.000000000000000 ) ;
#794 = CARTESIAN_POINT ( 'NONE',  ( -0.9999999999999991118, -11.95826074310138942, 12.50000000000000000 ) ) ;
#795 = CARTESIAN_POINT ( 'NONE',  ( -1.734723475976807094E-15, 1.734723475976807094E-15, 12.50000000000000000 ) ) ;
#796 = EDGE_CURVE ( 'NONE', #832, #1206, #976, .T. ) ;
#797 = FACE_OUTER_BOUND ( 'NONE', #1005, .T. ) ;
#798 = EDGE_LOOP ( 'NONE', ( #1079, #929, #1563, #740 ) ) ;
#799 = EDGE_CURVE ( 'NONE', #960, #970, #431, .T. ) ;
#800 = ORIENTED_EDGE ( 'NONE', *, *, #1410, .F. ) ;
#801 = EDGE_LOOP ( 'NONE', ( #185, #239, #25 ) ) ;
#802 = DIRECTION ( 'NONE',  ( -0.000000000000000000, 0.7071067811865460184, 0.7071067811865489050 ) ) ;
#803 = CARTESIAN_POINT ( 'NONE',  ( 15.00100000000000477, -21.48726629896113494, 2.404163056034265278 ) ) ;
#804 =( NAMED_UNIT ( * ) SI_UNIT ( $, .STERADIAN. ) SOLID_ANGLE_UNIT ( ) );
#805 = CARTESIAN_POINT ( 'NONE',  ( -1.734723475976807094E-15, 1.734723475976807094E-15, -12.50000000000000000 ) ) ;
#806 = CONICAL_SURFACE ( 'NONE', #463, 11.99999999999999289, 0.7853981633974439491 ) ;
#807 = FACE_OUTER_BOUND ( 'NONE', #1390, .T. ) ;
#808 = VECTOR ( 'NONE', #1174, 1000.000000000000000 ) ;
#809 = ORIENTED_EDGE ( 'NONE', *, *, #876, .T. ) ;
#810 = CIRCLE ( 'NONE', #1289, 15.00000000000000178 ) ;
#811 = ORIENTED_EDGE ( 'NONE', *, *, #343, .T. ) ;
#812 = ORIENTED_EDGE ( 'NONE', *, *, #511, .T. ) ;
#813 = DIRECTION ( 'NONE',  ( -1.000000000000000000, -0.000000000000000000, -0.000000000000000000 ) ) ;
#814 = DIRECTION ( 'NONE',  ( -1.232830016293430002E-16, 1.000000000000000000, 0.000000000000000000 ) ) ;
#815 = CARTESIAN_POINT ( 'NONE',  ( 2.999999999999992450, -28.14213562373095101, 12.50000000000000000 ) ) ;
#816 = DIRECTION ( 'NONE',  ( -0.7071067811865510144, -8.056925631407576345E-17, -0.7071067811865441310 ) ) ;
#817 = ADVANCED_FACE ( 'NONE', ( #834 ), #1486, .F. ) ;
#818 = DIRECTION ( 'NONE',  ( -1.000000000000000000, -0.000000000000000000, -0.000000000000000000 ) ) ;
#819 = ORIENTED_EDGE ( 'NONE', *, *, #419, .F. ) ;
#820 = EDGE_LOOP ( 'NONE', ( #218, #373, #1236, #134 ) ) ;
#821 = ORIENTED_EDGE ( 'NONE', *, *, #248, .T. ) ;
#822 = DIRECTION ( 'NONE',  ( 0.7071067811865479058, -4.906538933386824852E-15, -0.7071067811865472397 ) ) ;
#823 = CARTESIAN_POINT ( 'NONE',  ( -4.000000000000007105, -28.14213562373095101, 12.50000000000000000 ) ) ;
#824 = ADVANCED_FACE ( 'NONE', ( #168 ), #733, .T. ) ;
#825 =( LENGTH_UNIT ( ) NAMED_UNIT ( * ) SI_UNIT ( .MILLI., .METRE. ) );
#826 = DIRECTION ( 'NONE',  ( 0.000000000000000000, 0.000000000000000000, 1.000000000000000000 ) ) ;
#827 = EDGE_CURVE ( 'NONE', #322, #1129, #1471, .T. ) ;
#828 = VECTOR ( 'NONE', #1045, 1000.000000000000000 ) ;
#829 = ADVANCED_FACE ( 'NONE', ( #696 ), #1363, .T. ) ;
#830 = CARTESIAN_POINT ( 'NONE',  ( 14.00000000000000888, -28.14213562373095101, -12.50000000000000000 ) ) ;
#831 = VERTEX_POINT ( 'NONE', #1494 ) ;
#832 = VERTEX_POINT ( 'NONE', #1106 ) ;
#833 = ORIENTED_EDGE ( 'NONE', *, *, #215, .F. ) ;
#834 = FACE_OUTER_BOUND ( 'NONE', #449, .T. ) ;
#835 = CARTESIAN_POINT ( 'NONE',  ( -1.734723475976807094E-15, 1.734723475976807094E-15, -12.50000000000000000 ) ) ;
#836 = DIRECTION ( 'NONE',  ( 0.000000000000000000, 0.000000000000000000, -1.000000000000000000 ) ) ;
#837 = DIRECTION ( 'NONE',  ( 0.000000000000000000, 0.000000000000000000, -1.000000000000000000 ) ) ;
#838 = ORIENTED_EDGE ( 'NONE', *, *, #1370, .T. ) ;
#839 = ADVANCED_FACE ( 'NONE', ( #207 ), #1286, .T. ) ;
#840 =( GEOMETRIC_REPRESENTATION_CONTEXT ( 3 ) GLOBAL_UNCERTAINTY_ASSIGNED_CONTEXT ( ( #123 ) ) GLOBAL_UNIT_ASSIGNED_CONTEXT ( ( #825, #570, #804 ) ) REPRESENTATION_CONTEXT ( 'NONE', 'WORKASPACE' ) );
#841 = VERTEX_POINT ( 'NONE', #462 ) ;
#842 = ORIENTED_EDGE ( 'NONE', *, *, #700, .F. ) ;
#843 = FACE_OUTER_BOUND ( 'NONE', #1523, .T. ) ;
#844 = ORIENTED_EDGE ( 'NONE', *, *, #827, .F. ) ;
#845 = VECTOR ( 'NONE', #1601, 1000.000000000000000 ) ;
#846 = DIRECTION ( 'NONE',  ( -1.000000000000000000, -0.000000000000000000, -0.000000000000000000 ) ) ;
#847 = CARTESIAN_POINT ( 'NONE',  ( -0.9999999999999978906, -28.14213562373095101, -11.50000000000000711 ) ) ;
#848 = AXIS2_PLACEMENT_3D ( 'NONE', #803, #549, #1061 ) ;
#849 = CARTESIAN_POINT ( 'NONE',  ( -0.9999999999999922284, -28.14213562373094391, -12.50000000000000000 ) ) ;
#850 = VERTEX_POINT ( 'NONE', #73 ) ;
#851 = CARTESIAN_POINT ( 'NONE',  ( -13.99999999999999822, 1.734723475976807094E-15, 12.50000000000000000 ) ) ;
#852 = ORIENTED_EDGE ( 'NONE', *, *, #1501, .F. ) ;
#853 = CARTESIAN_POINT ( 'NONE',  ( 3.000000000000002220, -11.61895003862225018, 11.50000000000000178 ) ) ;
#854 = ADVANCED_FACE ( 'NONE', ( #1181 ), #1542, .T. ) ;
#855 = CARTESIAN_POINT ( 'NONE',  ( 3.000000000000001776, -28.14213562373095101, -11.50000000000000711 ) ) ;
#856 = CARTESIAN_POINT ( 'NONE',  ( 11.00000000000000178, 3.081834955038895696E-15, -11.50000000000000711 ) ) ;
#857 = AXIS2_PLACEMENT_3D ( 'NONE', #739, #219, #1235 ) ;
#858 = EDGE_LOOP ( 'NONE', ( #1440, #738, #1218, #821 ) ) ;
#859 = FACE_OUTER_BOUND ( 'NONE', #1321, .T. ) ;
#860 = ORIENTED_EDGE ( 'NONE', *, *, #332, .F. ) ;
#861 = EDGE_CURVE ( 'NONE', #491, #960, #1406, .T. ) ;
#862 = DIRECTION ( 'NONE',  ( 0.000000000000000000, -0.000000000000000000, -1.000000000000000000 ) ) ;
#863 = DIRECTION ( 'NONE',  ( -0.000000000000000000, -0.7071067811865475727, -0.7071067811865475727 ) ) ;
#864 = VERTEX_POINT ( 'NONE', #1025 ) ;
#865 = FACE_OUTER_BOUND ( 'NONE', #764, .T. ) ;
#866 = DIRECTION ( 'NONE',  ( -0.05892556509887867527, -0.7046472718869871699, 0.7071067811865504593 ) ) ;
#867 = CONICAL_SURFACE ( 'NONE', #369, 11.99999999999999289, 0.7853981633974439491 ) ;
#868 = VECTOR ( 'NONE', #1549, 1000.000000000000114 ) ;
#869 = EDGE_CURVE ( 'NONE', #300, #1662, #1160, .T. ) ;
#870 = CARTESIAN_POINT ( 'NONE',  ( -5.999999999999998224, -14.83239697419132597, -11.50000000000000711 ) ) ;
#871 = LINE ( 'NONE', #360, #722 ) ;
#872 = VERTEX_POINT ( 'NONE', #1032 ) ;
#873 = AXIS2_PLACEMENT_3D ( 'NONE', #870, #837, #345 ) ;
#874 = CARTESIAN_POINT ( 'NONE',  ( -3.999999999999998224, -28.14213562373095101, 11.50000000000000178 ) ) ;
#875 = ADVANCED_FACE ( 'NONE', ( #499 ), #785, .F. ) ;
#876 = EDGE_CURVE ( 'NONE', #864, #665, #1103, .T. ) ;
#877 = EDGE_CURVE ( 'NONE', #1459, #782, #1298, .T. ) ;
#878 = VECTOR ( 'NONE', #1353, 1000.000000000000114 ) ;
#879 = LINE ( 'NONE', #385, #1336 ) ;
#880 = EDGE_LOOP ( 'NONE', ( #1057, #486, #1205, #195 ) ) ;
#881 = CARTESIAN_POINT ( 'NONE',  ( -4.999999999999998224, -20.28518477094399941, 1.202081528017128864 ) ) ;
#882 = LINE ( 'NONE', #780, #1233 ) ;
#883 = ORIENTED_EDGE ( 'NONE', *, *, #634, .F. ) ;
#884 = ADVANCED_FACE ( 'NONE', ( #770 ), #256, .T. ) ;
#885 = DIRECTION ( 'NONE',  ( -1.000000000000000000, 0.000000000000000000, 0.000000000000000000 ) ) ;
#886 = CARTESIAN_POINT ( 'NONE',  ( 2.000000000000002665, -11.61895003862225018, 11.50000000000000178 ) ) ;
#887 = CIRCLE ( 'NONE', #160, 1.000000000000000444 ) ;
#888 = AXIS2_PLACEMENT_3D ( 'NONE', #618, #375, #1149 ) ;
#889 =( GEOMETRIC_REPRESENTATION_CONTEXT ( 3 ) GLOBAL_UNCERTAINTY_ASSIGNED_CONTEXT ( ( #1646 ) ) GLOBAL_UNIT_ASSIGNED_CONTEXT ( ( #1128, #22, #653 ) ) REPRESENTATION_CONTEXT ( 'NONE', 'WORKASPACE' ) );
#890 = CYLINDRICAL_SURFACE ( 'NONE', #1387, 1.249999999999997558 ) ;
#891 = ORIENTED_EDGE ( 'NONE', *, *, #1014, .T. ) ;
#892 = CARTESIAN_POINT ( 'NONE',  ( 14.00000000000000178, -28.14213562373096167, 12.50000000000000000 ) ) ;
#893 = DIRECTION ( 'NONE',  ( -0.000000000000000000, 0.7071067811865469066, -0.7071067811865482389 ) ) ;
#894 = EDGE_CURVE ( 'NONE', #1505, #577, #392, .T. ) ;
#895 = VECTOR ( 'NONE', #1460, 1000.000000000000000 ) ;
#896 = PLANE ( 'NONE',  #998 ) ;
#897 = CARTESIAN_POINT ( 'NONE',  ( -1.000000000000005107, -29.14213562373095101, -11.50000000000000711 ) ) ;
#898 = ORIENTED_EDGE ( 'NONE', *, *, #163, .T. ) ;
#899 = AXIS2_PLACEMENT_3D ( 'NONE', #763, #1652, #1013 ) ;
#900 = VERTEX_POINT ( 'NONE', #1274 ) ;
#901 = DIRECTION ( 'NONE',  ( -1.000000000000000000, 0.000000000000000000, 0.000000000000000000 ) ) ;
#902 = LINE ( 'NONE', #1024, #601 ) ;
#903 = VECTOR ( 'NONE', #1213, 1000.000000000000114 ) ;
#904 = DIRECTION ( 'NONE',  ( -1.000000000000000000, -0.000000000000000000, -0.000000000000000000 ) ) ;
#905 = PRODUCT_DEFINITION_CONTEXT ( 'detailed design', #74, 'design' ) ;
#906 = DIRECTION ( 'NONE',  ( -0.7071067811865440200, 0.000000000000000000, 0.7071067811865511255 ) ) ;
#907 = VERTEX_POINT ( 'NONE', #794 ) ;
#908 = ORIENTED_EDGE ( 'NONE', *, *, #1139, .F. ) ;
#909 = DIRECTION ( 'NONE',  ( 0.000000000000000000, 0.000000000000000000, 1.000000000000000000 ) ) ;
#910 = CARTESIAN_POINT ( 'NONE',  ( -5.250000000000000888, -12.97834735241742088, 12.50000000000000000 ) ) ;
#911 = DIRECTION ( 'NONE',  ( -1.000000000000000000, 0.000000000000000000, 0.000000000000000000 ) ) ;
#912 = CARTESIAN_POINT ( 'NONE',  ( -0.9999999999999997780, -11.95826074310139653, -11.50000000000000711 ) ) ;
#913 = CIRCLE ( 'NONE', #500, 1.249999999999997558 ) ;
#914 = CIRCLE ( 'NONE', #78, 1.500000000000001332 ) ;
#915 = AXIS2_PLACEMENT_3D ( 'NONE', #874, #229, #1259 ) ;
#916 = LINE ( 'NONE', #1445, #1054 ) ;
#917 = VERTEX_POINT ( 'NONE', #1306 ) ;
#918 = ORIENTED_EDGE ( 'NONE', *, *, #1622, .F. ) ;
#919 = DIRECTION ( 'NONE',  ( 0.000000000000000000, 1.000000000000000000, -0.000000000000000000 ) ) ;
#920 = CARTESIAN_POINT ( 'NONE',  ( 3.000000000000010214, -29.14213562373095101, 12.50000000000000000 ) ) ;
#921 = DIRECTION ( 'NONE',  ( -1.000000000000000000, -0.000000000000000000, -0.000000000000000000 ) ) ;
#922 = DIRECTION ( 'NONE',  ( -0.000000000000000000, -0.000000000000000000, 1.000000000000000000 ) ) ;
#923 = ADVANCED_FACE ( 'NONE', ( #1151 ), #806, .F. ) ;
#924 = CONICAL_SURFACE ( 'NONE', #306, 1.249999999999997558, 1.029744258676652757 ) ;
#925 = EDGE_CURVE ( 'NONE', #665, #864, #913, .T. ) ;
#926 = LINE ( 'NONE', #1339, #201 ) ;
#927 = VERTEX_POINT ( 'NONE', #1173 ) ;
#928 = ORIENTED_EDGE ( 'NONE', *, *, #1125, .F. ) ;
#929 = ORIENTED_EDGE ( 'NONE', *, *, #473, .T. ) ;
#930 = DIRECTION ( 'NONE',  ( -4.906538933386822485E-15, 0.7071067811865444641, 0.7071067811865505703 ) ) ;
#931 = CARTESIAN_POINT ( 'NONE',  ( -13.99999999999999822, 1.734723475976807094E-15, 12.50000000000000000 ) ) ;
#932 = CIRCLE ( 'NONE', #1475, 1.249999999999997558 ) ;
#933 = CARTESIAN_POINT ( 'NONE',  ( 15.00100000000000477, -20.28518477094399941, 1.202081528017128864 ) ) ;
#934 = FACE_OUTER_BOUND ( 'NONE', #2, .T. ) ;
#935 = DIRECTION ( 'NONE',  ( -0.5150380749100555988, 1.049727191138617586E-16, -0.8571673007021114454 ) ) ;
#936 = APPLICATION_PROTOCOL_DEFINITION ( 'draft international standard', 'automotive_design', 1998, #301 ) ;
#937 = ORIENTED_EDGE ( 'NONE', *, *, #351, .F. ) ;
#938 = VERTEX_POINT ( 'NONE', #6 ) ;
#939 = ADVANCED_FACE ( 'NONE', ( #1434 ), #1052, .F. ) ;
#940 = ORIENTED_EDGE ( 'NONE', *, *, #76, .F. ) ;
#941 = CARTESIAN_POINT ( 'NONE',  ( 2.000000000000002665, -11.61895003862225018, 12.50000000000000000 ) ) ;
#942 = LINE ( 'NONE', #149, #131 ) ;
#943 = DIRECTION ( 'NONE',  ( 0.2651650429449540214, 0.6555055301063416051, 0.7071067811865510144 ) ) ;
#944 = AXIS2_PLACEMENT_3D ( 'NONE', #376, #633, #1041 ) ;
#945 = DIRECTION ( 'NONE',  ( -1.000000000000000000, 0.000000000000000000, 0.000000000000000000 ) ) ;
#946 = CONICAL_SURFACE ( 'NONE', #1510, 13.99999999999999645, 0.7853981633974491672 ) ;
#947 = ORIENTED_EDGE ( 'NONE', *, *, #641, .F. ) ;
#948 = ADVANCED_FACE ( 'NONE', ( #150 ), #288, .F. ) ;
#949 = VECTOR ( 'NONE', #678, 1000.000000000000000 ) ;
#950 = ORIENTED_EDGE ( 'NONE', *, *, #1541, .F. ) ;
#951 = EDGE_LOOP ( 'NONE', ( #833, #1037, #1562 ) ) ;
#952 = DIRECTION ( 'NONE',  ( 0.000000000000000000, -0.000000000000000000, -1.000000000000000000 ) ) ;
#953 = CYLINDRICAL_SURFACE ( 'NONE', #193, 15.00000000000000178 ) ;
#954 = DIRECTION ( 'NONE',  ( 0.000000000000000000, -0.000000000000000000, -1.000000000000000000 ) ) ;
#955 = ADVANCED_FACE ( 'NONE', ( #668 ), #509, .T. ) ;
#956 = VECTOR ( 'NONE', #1038, 1000.000000000000114 ) ;
#957 = FACE_OUTER_BOUND ( 'NONE', #1388, .T. ) ;
#958 = ORIENTED_EDGE ( 'NONE', *, *, #691, .T. ) ;
#959 = ORIENTED_EDGE ( 'NONE', *, *, #1438, .F. ) ;
#960 = VERTEX_POINT ( 'NONE', #886 ) ;
#961 = DIRECTION ( 'NONE',  ( -0.000000000000000000, -0.000000000000000000, -1.000000000000000000 ) ) ;
#962 = DIRECTION ( 'NONE',  ( -1.000000000000000000, -1.139421349896794992E-16, 0.000000000000000000 ) ) ;
#963 = VECTOR ( 'NONE', #1119, 1000.000000000000114 ) ;
#964 = SURFACE_STYLE_USAGE ( .BOTH. , #1210 ) ;
#965 = CARTESIAN_POINT ( 'NONE',  ( -1.734723475976807094E-15, 1.734723475976807094E-15, 12.50000000000000000 ) ) ;
#966 = ADVANCED_FACE ( 'NONE', ( #1400 ), #896, .F. ) ;
#967 = VECTOR ( 'NONE', #1522, 1000.000000000000000 ) ;
#968 = DIRECTION ( 'NONE',  ( -1.000000000000000000, 0.000000000000000000, 0.000000000000000000 ) ) ;
#969 = VERTEX_POINT ( 'NONE', #1462 ) ;
#970 = VERTEX_POINT ( 'NONE', #1345 ) ;
#971 = ORIENTED_EDGE ( 'NONE', *, *, #56, .F. ) ;
#972 = CARTESIAN_POINT ( 'NONE',  ( 14.00000000000000178, -28.14213562373096167, 12.50000000000000000 ) ) ;
#973 = LINE ( 'NONE', #1600, #49 ) ;
#974 = LINE ( 'NONE', #881, #403 ) ;
#975 = EDGE_LOOP ( 'NONE', ( #695, #1553, #1059, #197 ) ) ;
#976 = CIRCLE ( 'NONE', #564, 1.249999999999997558 ) ;
#977 = AXIS2_PLACEMENT_3D ( 'NONE', #805, #529, #551 ) ;
#978 = LINE ( 'NONE', #470, #1301 ) ;
#979 = VERTEX_POINT ( 'NONE', #444 ) ;
#980 = DIRECTION ( 'NONE',  ( -0.000000000000000000, -0.000000000000000000, -1.000000000000000000 ) ) ;
#981 = DIRECTION ( 'NONE',  ( 0.000000000000000000, -1.000000000000000000, 0.000000000000000000 ) ) ;
#982 = EDGE_CURVE ( 'NONE', #782, #1662, #1090, .T. ) ;
#983 = ORIENTED_EDGE ( 'NONE', *, *, #82, .T. ) ;
#984 = PRODUCT ( '01 - FSB - 1003 - Tube Mount', '01 - FSB - 1003 - Tube Mount', '', ( #636 ) ) ;
#985 = MANIFOLD_SOLID_BREP ( 'Cut-Extrude1', #342 ) ;
#986 = DIRECTION ( 'NONE',  ( 0.000000000000000000, 1.000000000000000000, 0.000000000000000000 ) ) ;
#987 = ORIENTED_EDGE ( 'NONE', *, *, #1658, .T. ) ;
#988 = CARTESIAN_POINT ( 'NONE',  ( -0.9999999999999978906, -28.14213562373095101, -11.50000000000000711 ) ) ;
#989 = LINE ( 'NONE', #217, #1567 ) ;
#990 = ORIENTED_EDGE ( 'NONE', *, *, #625, .F. ) ;
#991 = DIRECTION ( 'NONE',  ( -1.000000000000000000, -0.000000000000000000, -0.000000000000000000 ) ) ;
#992 = ADVANCED_FACE ( 'NONE', ( #1202 ), #1375, .F. ) ;
#993 = CARTESIAN_POINT ( 'NONE',  ( -1.734723475976807094E-15, 1.734723475976807094E-15, -11.50000000000000711 ) ) ;
#994 = CARTESIAN_POINT ( 'NONE',  ( -5.999999999999998224, -14.83239697419132597, 12.50000000000000000 ) ) ;
#995 = CARTESIAN_POINT ( 'NONE',  ( 2.000000000000002220, -21.48726629896113494, -1.734723475976807094E-15 ) ) ;
#996 = EDGE_CURVE ( 'NONE', #1480, #9, #189, .T. ) ;
#997 = ORIENTED_EDGE ( 'NONE', *, *, #1571, .T. ) ;
#998 = AXIS2_PLACEMENT_3D ( 'NONE', #1019, #640, #243 ) ;
#999 = DIRECTION ( 'NONE',  ( 0.000000000000000000, -0.000000000000000000, -1.000000000000000000 ) ) ;
#1000 = EDGE_CURVE ( 'NONE', #1086, #1635, #424, .T. ) ;
#1001 = VECTOR ( 'NONE', #19, 1000.000000000000000 ) ;
#1002 = CIRCLE ( 'NONE', #756, 11.99999999999999645 ) ;
#1003 = EDGE_CURVE ( 'NONE', #927, #676, #1263, .T. ) ;
#1004 = PLANE ( 'NONE',  #1407 ) ;
#1005 = EDGE_LOOP ( 'NONE', ( #751, #1217, #91, #629 ) ) ;
#1006 = AXIS2_PLACEMENT_3D ( 'NONE', #585, #1496, #968 ) ;
#1007 = DIRECTION ( 'NONE',  ( 0.000000000000000000, -0.000000000000000000, -1.000000000000000000 ) ) ;
#1008 = ADVANCED_FACE ( 'NONE', ( #38 ), #433, .T. ) ;
#1009 = VECTOR ( 'NONE', #1, 1000.000000000000000 ) ;
#1010 = CARTESIAN_POINT ( 'NONE',  ( 1.734723475976807094E-15, -20.28518477094399941, 1.202081528017129752 ) ) ;
#1011 = VERTEX_POINT ( 'NONE', #1484 ) ;
#1012 = LINE ( 'NONE', #1664, #1216 ) ;
#1013 = DIRECTION ( 'NONE',  ( -1.000000000000000000, 0.000000000000000000, 0.000000000000000000 ) ) ;
#1014 = EDGE_CURVE ( 'NONE', #1115, #1136, #103, .T. ) ;
#1015 = VERTEX_POINT ( 'NONE', #1356 ) ;
#1016 = CARTESIAN_POINT ( 'NONE',  ( -1.000000000000005107, -29.14213562373095101, -11.50000000000000711 ) ) ;
#1017 = DIRECTION ( 'NONE',  ( -0.7071067811865440200, 8.659560562354978464E-17, -0.7071067811865511255 ) ) ;
#1018 = AXIS2_PLACEMENT_3D ( 'NONE', #659, #1666, #249 ) ;
#1019 = CARTESIAN_POINT ( 'NONE',  ( 14.00000000000000178, -28.14213562373096167, 12.50000000000000000 ) ) ;
#1020 = AXIS2_PLACEMENT_3D ( 'NONE', #965, #734, #1116 ) ;
#1021 = DIRECTION ( 'NONE',  ( -1.000000000000000000, -0.000000000000000000, -0.000000000000000000 ) ) ;
#1022 = ORIENTED_EDGE ( 'NONE', *, *, #728, .F. ) ;
#1023 = DIRECTION ( 'NONE',  ( -1.000000000000000000, 0.000000000000000000, 0.000000000000000000 ) ) ;
#1024 = CARTESIAN_POINT ( 'NONE',  ( 3.000000000000001776, -28.14213562373095812, -12.50000000000000000 ) ) ;
#1025 = CARTESIAN_POINT ( 'NONE',  ( 2.250000000000003109, -21.48726629896113494, 1.249999999999996003 ) ) ;
#1026 = LINE ( 'NONE', #117, #66 ) ;
#1027 = ORIENTED_EDGE ( 'NONE', *, *, #395, .T. ) ;
#1028 = ORIENTED_EDGE ( 'NONE', *, *, #419, .T. ) ;
#1029 = DIRECTION ( 'NONE',  ( -1.000000000000000000, -0.000000000000000000, -0.000000000000000000 ) ) ;
#1030 = CARTESIAN_POINT ( 'NONE',  ( 15.00000000000000000, 1.843143693225357538E-15, -11.50000000000000711 ) ) ;
#1031 = AXIS2_PLACEMENT_3D ( 'NONE', #1320, #1186, #309 ) ;
#1032 = CARTESIAN_POINT ( 'NONE',  ( -0.9999999999999978906, -28.14213562373095812, -12.50000000000000000 ) ) ;
#1033 = DIRECTION ( 'NONE',  ( 0.000000000000000000, 0.000000000000000000, -1.000000000000000000 ) ) ;
#1034 = DIRECTION ( 'NONE',  ( -1.000000000000000000, -0.000000000000000000, -0.000000000000000000 ) ) ;
#1035 = ORIENTED_EDGE ( 'NONE', *, *, #1226, .T. ) ;
#1036 = EDGE_CURVE ( 'NONE', #1480, #430, #973, .T. ) ;
#1037 = ORIENTED_EDGE ( 'NONE', *, *, #827, .T. ) ;
#1038 = DIRECTION ( 'NONE',  ( 0.000000000000000000, 0.7071067811865474617, -0.7071067811865474617 ) ) ;
#1039 = DIRECTION ( 'NONE',  ( -0.000000000000000000, -0.000000000000000000, 1.000000000000000000 ) ) ;
#1040 = ADVANCED_FACE ( 'NONE', ( #1072, #307 ), #1587, .F. ) ;
#1041 = DIRECTION ( 'NONE',  ( -1.000000000000000000, 0.000000000000000000, 0.000000000000000000 ) ) ;
#1042 = DIRECTION ( 'NONE',  ( 1.000000000000000000, 0.000000000000000000, 0.000000000000000000 ) ) ;
#1043 = CIRCLE ( 'NONE', #619, 11.00000000000000355 ) ;
#1044 = VECTOR ( 'NONE', #697, 999.9999999999998863 ) ;
#1045 = DIRECTION ( 'NONE',  ( 0.7071067811865444641, 0.000000000000000000, -0.7071067811865505703 ) ) ;
#1046 = CARTESIAN_POINT ( 'NONE',  ( 0.000000000000000000, 0.000000000000000000, 0.000000000000000000 ) ) ;
#1047 = ORIENTED_EDGE ( 'NONE', *, *, #1000, .T. ) ;
#1048 = VERTEX_POINT ( 'NONE', #1231 ) ;
#1049 = EDGE_LOOP ( 'NONE', ( #587, #580, #673, #144 ) ) ;
#1050 = LINE ( 'NONE', #1016, #626 ) ;
#1051 = DIRECTION ( 'NONE',  ( 0.000000000000000000, 0.000000000000000000, -1.000000000000000000 ) ) ;
#1052 = PLANE ( 'NONE',  #1454 ) ;
#1053 = CARTESIAN_POINT ( 'NONE',  ( 11.99999999999999467, 3.204299634953630450E-15, -12.50000000000000000 ) ) ;
#1054 = VECTOR ( 'NONE', #8, 1000.000000000000000 ) ;
#1055 = EDGE_CURVE ( 'NONE', #65, #1341, #1568, .T. ) ;
#1056 = CARTESIAN_POINT ( 'NONE',  ( -1.734723475976807094E-15, 1.734723475976807094E-15, 11.50000000000000178 ) ) ;
#1057 = ORIENTED_EDGE ( 'NONE', *, *, #799, .T. ) ;
#1058 = ORIENTED_EDGE ( 'NONE', *, *, #114, .T. ) ;
#1059 = ORIENTED_EDGE ( 'NONE', *, *, #349, .F. ) ;
#1060 = CARTESIAN_POINT ( 'NONE',  ( 9.200000000000002842, -21.48726629896113494, -1.734723475976807094E-15 ) ) ;
#1061 = DIRECTION ( 'NONE',  ( 0.000000000000000000, -0.7071067811865461294, -0.7071067811865489050 ) ) ;
#1062 = VECTOR ( 'NONE', #340, 1000.000000000000000 ) ;
#1063 = CARTESIAN_POINT ( 'NONE',  ( 13.99999999999999467, -29.14213562373095101, 12.50000000000000000 ) ) ;
#1064 = EDGE_CURVE ( 'NONE', #491, #841, #284, .T. ) ;
#1065 = DIRECTION ( 'NONE',  ( -0.000000000000000000, -0.7071067811865475727, -0.7071067811865475727 ) ) ;
#1066 = ORIENTED_EDGE ( 'NONE', *, *, #1524, .F. ) ;
#1067 = ADVANCED_FACE ( 'NONE', ( #28 ), #946, .T. ) ;
#1068 = ORIENTED_EDGE ( 'NONE', *, *, #99, .F. ) ;
#1069 = ORIENTED_EDGE ( 'NONE', *, *, #1098, .F. ) ;
#1070 = CARTESIAN_POINT ( 'NONE',  ( -4.999999999999998224, -21.48726629896113494, 2.404163056034265278 ) ) ;
#1071 = DIRECTION ( 'NONE',  ( -1.232830016293430002E-16, 1.000000000000000000, 0.000000000000000000 ) ) ;
#1072 = FACE_BOUND ( 'NONE', #1670, .T. ) ;
#1073 = CARTESIAN_POINT ( 'NONE',  ( -1.734723475976807094E-15, 1.734723475976807094E-15, -11.50000000000000711 ) ) ;
#1074 = STYLED_ITEM ( 'NONE', ( #434 ), #985 ) ;
#1075 = PLANE ( 'NONE',  #1255 ) ;
#1076 = CIRCLE ( 'NONE', #352, 0.9999999999999995559 ) ;
#1077 = ORIENTED_EDGE ( 'NONE', *, *, #1650, .T. ) ;
#1078 = AXIS2_PLACEMENT_3D ( 'NONE', #688, #305, #1201 ) ;
#1079 = ORIENTED_EDGE ( 'NONE', *, *, #204, .T. ) ;
#1080 = ORIENTED_EDGE ( 'NONE', *, *, #542, .F. ) ;
#1081 = CARTESIAN_POINT ( 'NONE',  ( 3.000000000000001776, -28.14213562373095101, 11.50000000000000178 ) ) ;
#1082 = CARTESIAN_POINT ( 'NONE',  ( 2.750000000000011990, -10.65070420207039348, -11.50000000000000711 ) ) ;
#1083 = FACE_OUTER_BOUND ( 'NONE', #646, .T. ) ;
#1084 = AXIS2_PLACEMENT_3D ( 'NONE', #1308, #269, #1436 ) ;
#1085 = DIRECTION ( 'NONE',  ( 0.7071067811865474617, 4.906538933386827219E-15, 0.7071067811865474617 ) ) ;
#1086 = VERTEX_POINT ( 'NONE', #1182 ) ;
#1087 = EDGE_LOOP ( 'NONE', ( #983, #156, #647 ) ) ;
#1088 = VERTEX_POINT ( 'NONE', #435 ) ;
#1089 = CARTESIAN_POINT ( 'NONE',  ( 2.000000000000002220, -28.14213562373094391, 12.50000000000000000 ) ) ;
#1090 = LINE ( 'NONE', #67, #191 ) ;
#1091 = CARTESIAN_POINT ( 'NONE',  ( 2.602085213965210642E-15, -28.14213562373094391, 12.50000000000000000 ) ) ;
#1092 = VECTOR ( 'NONE', #906, 999.9999999999998863 ) ;
#1093 = CARTESIAN_POINT ( 'NONE',  ( -4.000000000000005329, -14.83239697419132597, -12.50000000000000000 ) ) ;
#1094 = EDGE_LOOP ( 'NONE', ( #427, #1546, #715 ) ) ;
#1095 = LINE ( 'NONE', #851, #744 ) ;
#1096 = EDGE_LOOP ( 'NONE', ( #997, #119, #365, #533 ) ) ;
#1097 = DIRECTION ( 'NONE',  ( -0.7071067811865505703, -8.717424645714100126E-17, -0.7071067811865444641 ) ) ;
#1098 = EDGE_CURVE ( 'NONE', #1431, #313, #1043, .T. ) ;
#1099 = LINE ( 'NONE', #1346, #1638 ) ;
#1100 = EDGE_CURVE ( 'NONE', #979, #907, #660, .T. ) ;
#1101 = CARTESIAN_POINT ( 'NONE',  ( 11.00000000000000178, 3.081834955038895696E-15, -11.50000000000000711 ) ) ;
#1102 = ORIENTED_EDGE ( 'NONE', *, *, #221, .F. ) ;
#1103 = CIRCLE ( 'NONE', #1659, 1.249999999999997558 ) ;
#1104 = CARTESIAN_POINT ( 'NONE',  ( -4.999999999999998224, -28.14213562373094391, -11.50000000000000711 ) ) ;
#1105 = ORIENTED_EDGE ( 'NONE', *, *, #1478, .F. ) ;
#1106 = CARTESIAN_POINT ( 'NONE',  ( 8.448924226215551059, -21.48726629896113494, 1.249999999999996003 ) ) ;
#1107 = CIRCLE ( 'NONE', #1427, 11.99999999999999289 ) ;
#1108 = DIRECTION ( 'NONE',  ( 0.7071067811865503483, 0.000000000000000000, -0.7071067811865447972 ) ) ;
#1109 = PRODUCT_DEFINITION_FORMATION_WITH_SPECIFIED_SOURCE ( 'ANY', '', #984, .NOT_KNOWN. ) ;
#1110 = CARTESIAN_POINT ( 'NONE',  ( -1.734723475976807094E-15, 1.734723475976807094E-15, 12.50000000000000000 ) ) ;
#1111 = ORIENTED_EDGE ( 'NONE', *, *, #1447, .F. ) ;
#1112 = ADVANCED_FACE ( 'NONE', ( #681 ), #48, .F. ) ;
#1113 = CIRCLE ( 'NONE', #607, 11.00000000000000355 ) ;
#1114 = CARTESIAN_POINT ( 'NONE',  ( -15.00000000000000355, 1.734723475976807094E-15, 12.50000000000000000 ) ) ;
#1115 = VERTEX_POINT ( 'NONE', #1053 ) ;
#1116 = DIRECTION ( 'NONE',  ( -1.000000000000000000, 0.000000000000000000, 0.000000000000000000 ) ) ;
#1117 = CIRCLE ( 'NONE', #611, 1.000000000000000888 ) ;
#1118 = ADVANCED_FACE ( 'NONE', ( #1569 ), #293, .T. ) ;
#1119 = DIRECTION ( 'NONE',  ( 0.7071067811865474617, 8.659560562354932858E-17, -0.7071067811865474617 ) ) ;
#1120 = AXIS2_PLACEMENT_3D ( 'NONE', #1056, #51, #1204 ) ;
#1121 = ORIENTED_EDGE ( 'NONE', *, *, #391, .F. ) ;
#1122 = EDGE_CURVE ( 'NONE', #313, #1048, #16, .T. ) ;
#1123 = CARTESIAN_POINT ( 'NONE',  ( 14.00000000000000888, -28.14213562373095101, -12.50000000000000000 ) ) ;
#1124 = ORIENTED_EDGE ( 'NONE', *, *, #679, .T. ) ;
#1125 = EDGE_CURVE ( 'NONE', #1048, #907, #393, .T. ) ;
#1126 = CYLINDRICAL_SURFACE ( 'NONE', #436, 11.00000000000000355 ) ;
#1127 = PLANE ( 'NONE',  #690 ) ;
#1128 =( LENGTH_UNIT ( ) NAMED_UNIT ( * ) SI_UNIT ( .MILLI., .METRE. ) );
#1129 = VERTEX_POINT ( 'NONE', #415 ) ;
#1130 = AXIS2_PLACEMENT_3D ( 'NONE', #1607, #1616, #1229 ) ;
#1131 = DIRECTION ( 'NONE',  ( -1.000000000000000000, 0.000000000000000000, 0.000000000000000000 ) ) ;
#1132 = AXIS2_PLACEMENT_3D ( 'NONE', #1337, #182, #719 ) ;
#1133 = ADVANCED_FACE ( 'NONE', ( #934 ), #669, .T. ) ;
#1134 = CARTESIAN_POINT ( 'NONE',  ( -4.999999999999998224, -21.48726629896113494, -1.734723475976807094E-15 ) ) ;
#1135 = DIRECTION ( 'NONE',  ( -0.000000000000000000, -0.000000000000000000, -1.000000000000000000 ) ) ;
#1136 = VERTEX_POINT ( 'NONE', #7 ) ;
#1137 = VECTOR ( 'NONE', #1373, 1000.000000000000000 ) ;
#1138 = DIRECTION ( 'NONE',  ( -1.000000000000000000, 0.000000000000000000, 0.000000000000000000 ) ) ;
#1139 = EDGE_CURVE ( 'NONE', #1157, #850, #1214, .T. ) ;
#1140 = DIRECTION ( 'NONE',  ( 0.000000000000000000, 0.000000000000000000, 1.000000000000000000 ) ) ;
#1141 = EDGE_LOOP ( 'NONE', ( #1575, #565, #1332, #1155, #1197, #261, #630, #1027, #1028, #1528, #1198, #606 ) ) ;
#1142 = CYLINDRICAL_SURFACE ( 'NONE', #717, 1.000000000000000888 ) ;
#1143 = DIRECTION ( 'NONE',  ( 0.000000000000000000, 1.000000000000000000, 0.000000000000000000 ) ) ;
#1144 = DIRECTION ( 'NONE',  ( 0.000000000000000000, 0.000000000000000000, 1.000000000000000000 ) ) ;
#1145 = EDGE_CURVE ( 'NONE', #782, #1115, #1618, .T. ) ;
#1146 = CARTESIAN_POINT ( 'NONE',  ( 2.000000000000002220, -21.48726629896113494, -1.734723475976807094E-15 ) ) ;
#1147 = ORIENTED_EDGE ( 'NONE', *, *, #622, .T. ) ;
#1148 = CARTESIAN_POINT ( 'NONE',  ( 8.448924226215551059, -21.48726629896113494, -1.734723475976807094E-15 ) ) ;
#1149 = DIRECTION ( 'NONE',  ( -1.000000000000000000, 0.000000000000000000, 0.000000000000000000 ) ) ;
#1150 = COLOUR_RGB ( '',0.7764705882352941346, 0.7568627450980391913, 0.7372549019607843590 ) ;
#1151 = FACE_OUTER_BOUND ( 'NONE', #412, .T. ) ;
#1152 = AXIS2_PLACEMENT_3D ( 'NONE', #912, #295, #1042 ) ;
#1153 = AXIS2_PLACEMENT_3D ( 'NONE', #58, #1254, #1610 ) ;
#1154 = CARTESIAN_POINT ( 'NONE',  ( 3.000000000000002220, -11.61895003862225018, 12.50000000000000000 ) ) ;
#1155 = ORIENTED_EDGE ( 'NONE', *, *, #329, .T. ) ;
#1156 = ADVANCED_FACE ( 'NONE', ( #1194 ), #237, .T. ) ;
#1157 = VERTEX_POINT ( 'NONE', #1551 ) ;
#1158 = DIRECTION ( 'NONE',  ( -0.000000000000000000, -0.000000000000000000, -1.000000000000000000 ) ) ;
#1159 = CARTESIAN_POINT ( 'NONE',  ( -1.000000000000005107, -29.14213562373095101, 11.50000000000000178 ) ) ;
#1160 = LINE ( 'NONE', #404, #11 ) ;
#1161 = AXIS2_PLACEMENT_3D ( 'NONE', #1134, #627, #115 ) ;
#1162 = ADVANCED_FACE ( 'NONE', ( #29 ), #162, .F. ) ;
#1163 = FACE_OUTER_BOUND ( 'NONE', #725, .T. ) ;
#1164 = ADVANCED_BREP_SHAPE_REPRESENTATION ( '01 - FSB - 1003 - Tube Mount', ( #985, #298 ), #889 ) ;
#1165 = EDGE_LOOP ( 'NONE', ( #958, #684, #852, #165 ) ) ;
#1166 = ADVANCED_FACE ( 'NONE', ( #1338 ), #216, .T. ) ;
#1167 = CIRCLE ( 'NONE', #1503, 1.500000000000001332 ) ;
#1168 = VERTEX_POINT ( 'NONE', #1425 ) ;
#1169 = PLANE ( 'NONE',  #489 ) ;
#1170 = FACE_OUTER_BOUND ( 'NONE', #356, .T. ) ;
#1171 = ADVANCED_FACE ( 'NONE', ( #1558 ), #867, .F. ) ;
#1172 = EDGE_CURVE ( 'NONE', #289, #322, #689, .T. ) ;
#1173 = CARTESIAN_POINT ( 'NONE',  ( -5.249999999999998224, -12.97834735241741733, -12.50000000000000000 ) ) ;
#1174 = DIRECTION ( 'NONE',  ( -1.139421349896794992E-16, 1.000000000000000000, 0.000000000000000000 ) ) ;
#1175 = FACE_OUTER_BOUND ( 'NONE', #1439, .T. ) ;
#1176 = VERTEX_POINT ( 'NONE', #561 ) ;
#1177 = ORIENTED_EDGE ( 'NONE', *, *, #1145, .T. ) ;
#1178 = ORIENTED_EDGE ( 'NONE', *, *, #1602, .F. ) ;
#1179 = DIRECTION ( 'NONE',  ( 0.000000000000000000, 0.000000000000000000, -1.000000000000000000 ) ) ;
#1180 = CARTESIAN_POINT ( 'NONE',  ( -1.000000000000005107, -29.14213562373095101, -11.50000000000000711 ) ) ;
#1181 = FACE_OUTER_BOUND ( 'NONE', #1668, .T. ) ;
#1182 = CARTESIAN_POINT ( 'NONE',  ( -5.624999999999997335, -13.90537216330436898, 11.50000000000000178 ) ) ;
#1183 = AXIS2_PLACEMENT_3D ( 'NONE', #853, #726, #1237 ) ;
#1184 = EDGE_CURVE ( 'NONE', #258, #1342, #887, .T. ) ;
#1185 = AXIS2_PLACEMENT_3D ( 'NONE', #402, #962, #47 ) ;
#1186 = DIRECTION ( 'NONE',  ( 0.000000000000000000, -0.000000000000000000, -1.000000000000000000 ) ) ;
#1187 = APPLICATION_PROTOCOL_DEFINITION ( 'draft international standard', 'automotive_design', 1998, #74 ) ;
#1188 = ORIENTED_EDGE ( 'NONE', *, *, #1570, .F. ) ;
#1189 = ORIENTED_EDGE ( 'NONE', *, *, #1428, .T. ) ;
#1190 = ORIENTED_EDGE ( 'NONE', *, *, #152, .F. ) ;
#1191 = FACE_OUTER_BOUND ( 'NONE', #576, .T. ) ;
#1192 = CARTESIAN_POINT ( 'NONE',  ( -1.734723475976807094E-15, 1.734723475976807094E-15, -11.50000000000000711 ) ) ;
#1193 = CARTESIAN_POINT ( 'NONE',  ( 11.99999999999999112, 1.734723475976807094E-15, 12.50000000000000000 ) ) ;
#1194 = FACE_OUTER_BOUND ( 'NONE', #1606, .T. ) ;
#1195 = EDGE_CURVE ( 'NONE', #577, #322, #445, .T. ) ;
#1196 = FACE_OUTER_BOUND ( 'NONE', #1351, .T. ) ;
#1197 = ORIENTED_EDGE ( 'NONE', *, *, #1645, .T. ) ;
#1198 = ORIENTED_EDGE ( 'NONE', *, *, #1064, .T. ) ;
#1199 = EDGE_LOOP ( 'NONE', ( #1624, #1584, #450 ) ) ;
#1200 = FACE_OUTER_BOUND ( 'NONE', #1049, .T. ) ;
#1201 = DIRECTION ( 'NONE',  ( -1.000000000000000000, 0.000000000000000000, 0.000000000000000000 ) ) ;
#1202 = FACE_OUTER_BOUND ( 'NONE', #1633, .T. ) ;
#1203 = DIRECTION ( 'NONE',  ( -1.000000000000000000, 0.000000000000000000, 0.000000000000000000 ) ) ;
#1204 = DIRECTION ( 'NONE',  ( -1.000000000000000000, 0.000000000000000000, 0.000000000000000000 ) ) ;
#1205 = ORIENTED_EDGE ( 'NONE', *, *, #691, .F. ) ;
#1206 = VERTEX_POINT ( 'NONE', #1238 ) ;
#1207 = ORIENTED_EDGE ( 'NONE', *, *, #869, .T. ) ;
#1208 = LINE ( 'NONE', #567, #326 ) ;
#1209 = DIRECTION ( 'NONE',  ( 0.000000000000000000, 0.000000000000000000, -1.000000000000000000 ) ) ;
#1210 = SURFACE_SIDE_STYLE ('',( #172 ) ) ;
#1211 = CARTESIAN_POINT ( 'NONE',  ( -0.9999999999999870104, -28.14213562373095101, 12.50000000000000000 ) ) ;
#1212 = VECTOR ( 'NONE', #18, 1000.000000000000000 ) ;
#1213 = DIRECTION ( 'NONE',  ( -0.7071067811865442421, 4.906538933386823274E-15, -0.7071067811865507924 ) ) ;
#1214 = CIRCLE ( 'NONE', #483, 0.9999999999999993339 ) ;
#1215 = ORIENTED_EDGE ( 'NONE', *, *, #1226, .F. ) ;
#1216 = VECTOR ( 'NONE', #1017, 999.9999999999998863 ) ;
#1217 = ORIENTED_EDGE ( 'NONE', *, *, #329, .F. ) ;
#1218 = ORIENTED_EDGE ( 'NONE', *, *, #387, .F. ) ;
#1219 = LINE ( 'NONE', #677, #170 ) ;
#1220 = ORIENTED_EDGE ( 'NONE', *, *, #359, .F. ) ;
#1221 = CARTESIAN_POINT ( 'NONE',  ( -1.734723475976807094E-15, 1.734723475976807094E-15, -12.50000000000000000 ) ) ;
#1222 = CARTESIAN_POINT ( 'NONE',  ( -4.999999999999998224, -20.28518477094399941, 1.202081528017128864 ) ) ;
#1223 = AXIS2_PLACEMENT_3D ( 'NONE', #1612, #1380, #330 ) ;
#1224 = CARTESIAN_POINT ( 'NONE',  ( 2.999999999999992450, -28.14213562373095101, 12.50000000000000000 ) ) ;
#1225 = ORIENTED_EDGE ( 'NONE', *, *, #1594, .F. ) ;
#1226 = EDGE_CURVE ( 'NONE', #676, #1629, #477, .T. ) ;
#1227 = CARTESIAN_POINT ( 'NONE',  ( -1.734723475976807094E-15, 1.734723475976807094E-15, 12.50000000000000000 ) ) ;
#1228 = ORIENTED_EDGE ( 'NONE', *, *, #174, .T. ) ;
#1229 = DIRECTION ( 'NONE',  ( 0.000000000000000000, 0.000000000000000000, -1.000000000000000000 ) ) ;
#1230 = EDGE_CURVE ( 'NONE', #766, #831, #914, .T. ) ;
#1231 = CARTESIAN_POINT ( 'NONE',  ( 1.091862749457699646E-16, -11.95826074310139653, 11.50000000000000178 ) ) ;
#1232 = CARTESIAN_POINT ( 'NONE',  ( -4.999999999999998224, -28.14213562373094391, -11.50000000000000711 ) ) ;
#1233 = VECTOR ( 'NONE', #1281, 1000.000000000000000 ) ;
#1234 = ORIENTED_EDGE ( 'NONE', *, *, #1602, .T. ) ;
#1235 = DIRECTION ( 'NONE',  ( -1.000000000000000000, 0.000000000000000000, 0.000000000000000000 ) ) ;
#1236 = ORIENTED_EDGE ( 'NONE', *, *, #894, .F. ) ;
#1237 = DIRECTION ( 'NONE',  ( -1.000000000000000000, 0.000000000000000000, 0.000000000000000000 ) ) ;
#1238 = CARTESIAN_POINT ( 'NONE',  ( 8.448924226215551059, -21.48726629896113494, -1.249999999999999334 ) ) ;
#1239 = EDGE_CURVE ( 'NONE', #1342, #1157, #472, .T. ) ;
#1240 = CARTESIAN_POINT ( 'NONE',  ( -4.999999999999998224, -21.48726629896113494, 2.404163056034265278 ) ) ;
#1241 = ORIENTED_EDGE ( 'NONE', *, *, #82, .F. ) ;
#1242 = AXIS2_PLACEMENT_3D ( 'NONE', #1435, #816, #173 ) ;
#1243 = FACE_OUTER_BOUND ( 'NONE', #781, .T. ) ;
#1244 = ORIENTED_EDGE ( 'NONE', *, *, #76, .T. ) ;
#1245 = AXIS2_PLACEMENT_3D ( 'NONE', #1532, #92, #1398 ) ;
#1246 = CARTESIAN_POINT ( 'NONE',  ( 3.000000000000002220, -11.61895003862225018, -11.50000000000000711 ) ) ;
#1247 = EDGE_CURVE ( 'NONE', #451, #1360, #1350, .T. ) ;
#1248 = DIRECTION ( 'NONE',  ( -1.000000000000000000, -0.000000000000000000, -0.000000000000000000 ) ) ;
#1249 = ORIENTED_EDGE ( 'NONE', *, *, #1347, .F. ) ;
#1250 = ADVANCED_FACE ( 'NONE', ( #1083 ), #190, .F. ) ;
#1251 = CIRCLE ( 'NONE', #1381, 13.99999999999999645 ) ;
#1252 = DIRECTION ( 'NONE',  ( -1.000000000000000000, -0.000000000000000000, -0.000000000000000000 ) ) ;
#1253 = VERTEX_POINT ( 'NONE', #209 ) ;
#1254 = DIRECTION ( 'NONE',  ( 0.000000000000000000, 0.000000000000000000, -1.000000000000000000 ) ) ;
#1255 = AXIS2_PLACEMENT_3D ( 'NONE', #1429, #1065, #1580 ) ;
#1256 = CONICAL_SURFACE ( 'NONE', #522, 0.9999999999999897859, 0.7853981633974435050 ) ;
#1257 = LINE ( 'NONE', #97, #878 ) ;
#1258 = ORIENTED_EDGE ( 'NONE', *, *, #982, .T. ) ;
#1259 = DIRECTION ( 'NONE',  ( -1.000000000000000000, 0.000000000000000000, 0.000000000000000000 ) ) ;
#1260 = DIRECTION ( 'NONE',  ( -1.000000000000000000, 0.000000000000000000, 0.000000000000000000 ) ) ;
#1261 = VECTOR ( 'NONE', #158, 1000.000000000000000 ) ;
#1262 = ORIENTED_EDGE ( 'NONE', *, *, #1611, .T. ) ;
#1263 = CIRCLE ( 'NONE', #1589, 14.00000000000000711 ) ;
#1264 = CARTESIAN_POINT ( 'NONE',  ( -1.734723475976807094E-15, 1.734723475976807094E-15, 12.50000000000000000 ) ) ;
#1265 = VECTOR ( 'NONE', #1443, 1000.000000000000000 ) ;
#1266 = AXIS2_PLACEMENT_3D ( 'NONE', #1672, #518, #5 ) ;
#1267 = LINE ( 'NONE', #495, #33 ) ;
#1268 = EDGE_CURVE ( 'NONE', #841, #1088, #1099, .T. ) ;
#1269 = ORIENTED_EDGE ( 'NONE', *, *, #1122, .F. ) ;
#1270 = CONICAL_SURFACE ( 'NONE', #1084, 1.999999999999989564, 0.7853981633974439491 ) ;
#1271 = LINE ( 'NONE', #1089, #895 ) ;
#1272 = DIRECTION ( 'NONE',  ( -1.000000000000000000, 0.000000000000000000, 0.000000000000000000 ) ) ;
#1273 = EDGE_CURVE ( 'NONE', #773, #1342, #464, .T. ) ;
#1274 = CARTESIAN_POINT ( 'NONE',  ( 14.00000000000000888, 1.835915678742122288E-15, 12.50000000000000000 ) ) ;
#1275 = DIRECTION ( 'NONE',  ( -0.1767766952966293159, 0.6846531968814566493, -0.7071067811865503483 ) ) ;
#1276 = ORIENTED_EDGE ( 'NONE', *, *, #655, .T. ) ;
#1277 = PLANE ( 'NONE',  #1674 ) ;
#1278 = CARTESIAN_POINT ( 'NONE',  ( 13.99999999999999467, -29.14213562373095101, 11.50000000000000178 ) ) ;
#1279 = DIRECTION ( 'NONE',  ( 1.000000000000000000, 0.000000000000000000, 0.000000000000000000 ) ) ;
#1280 = EDGE_CURVE ( 'NONE', #1596, #258, #1625, .T. ) ;
#1281 = DIRECTION ( 'NONE',  ( -0.5150380749100555988, 0.000000000000000000, 0.8571673007021114454 ) ) ;
#1282 = ORIENTED_EDGE ( 'NONE', *, *, #1014, .F. ) ;
#1283 = ORIENTED_EDGE ( 'NONE', *, *, #223, .F. ) ;
#1284 = DIRECTION ( 'NONE',  ( -1.000000000000000000, 0.000000000000000000, -0.000000000000000000 ) ) ;
#1285 = LINE ( 'NONE', #37, #371 ) ;
#1286 = CONICAL_SURFACE ( 'NONE', #1183, 0.9999999999999895639, 0.7853981633974435050 ) ;
#1287 = DIRECTION ( 'NONE',  ( 0.000000000000000000, -0.7071067811865469066, 0.7071067811865482389 ) ) ;
#1288 = EDGE_CURVE ( 'NONE', #430, #1662, #1487, .T. ) ;
#1289 = AXIS2_PLACEMENT_3D ( 'NONE', #1422, #1039, #1556 ) ;
#1290 = ADVANCED_FACE ( 'NONE', ( #1617 ), #127, .T. ) ;
#1291 = DIRECTION ( 'NONE',  ( 0.000000000000000000, 0.000000000000000000, 1.000000000000000000 ) ) ;
#1292 = EDGE_CURVE ( 'NONE', #970, #451, #85, .T. ) ;
#1293 = ORIENTED_EDGE ( 'NONE', *, *, #225, .T. ) ;
#1294 = ORIENTED_EDGE ( 'NONE', *, *, #655, .F. ) ;
#1295 = CARTESIAN_POINT ( 'NONE',  ( -1.000000000000005107, -29.14213562373095101, 12.50000000000000000 ) ) ;
#1296 = PLANE ( 'NONE',  #848 ) ;
#1297 = CONICAL_SURFACE ( 'NONE', #873, 0.9999999999999991118, 0.7853981633974485010 ) ;
#1298 = LINE ( 'NONE', #139, #368 ) ;
#1299 = DIRECTION ( 'NONE',  ( 0.7071067811865444641, 5.110978055610165525E-18, -0.7071067811865505703 ) ) ;
#1300 = ORIENTED_EDGE ( 'NONE', *, *, #364, .T. ) ;
#1301 = VECTOR ( 'NONE', #986, 1000.000000000000000 ) ;
#1302 = EDGE_CURVE ( 'NONE', #773, #1596, #259, .T. ) ;
#1303 = ORIENTED_EDGE ( 'NONE', *, *, #351, .T. ) ;
#1304 = DIRECTION ( 'NONE',  ( -1.000000000000000000, 0.000000000000000000, 0.000000000000000000 ) ) ;
#1305 = LINE ( 'NONE', #283, #868 ) ;
#1306 = CARTESIAN_POINT ( 'NONE',  ( -3.999999999999991562, -29.14213562373095101, 11.50000000000000178 ) ) ;
#1307 = DIRECTION ( 'NONE',  ( 1.000000000000000000, 0.000000000000000000, 0.000000000000000000 ) ) ;
#1308 = CARTESIAN_POINT ( 'NONE',  ( -5.999999999999998224, -14.83239697419132597, 12.50000000000000000 ) ) ;
#1309 = ORIENTED_EDGE ( 'NONE', *, *, #343, .F. ) ;
#1310 = ORIENTED_EDGE ( 'NONE', *, *, #163, .F. ) ;
#1311 = ORIENTED_EDGE ( 'NONE', *, *, #1172, .T. ) ;
#1312 = CARTESIAN_POINT ( 'NONE',  ( 2.602085213965210642E-15, -28.14213562373094391, 11.50000000000000178 ) ) ;
#1313 = DIRECTION ( 'NONE',  ( -0.2651650429449560198, -0.6555055301063442696, 0.7071067811865475727 ) ) ;
#1314 = DIRECTION ( 'NONE',  ( 0.000000000000000000, -1.000000000000000000, 0.000000000000000000 ) ) ;
#1315 = DIRECTION ( 'NONE',  ( -0.000000000000000000, -0.000000000000000000, 1.000000000000000000 ) ) ;
#1316 = EDGE_CURVE ( 'NONE', #900, #1500, #1530, .T. ) ;
#1317 = VECTOR ( 'NONE', #324, 1000.000000000000000 ) ;
#1318 = VECTOR ( 'NONE', #1631, 1000.000000000000000 ) ;
#1319 = AXIS2_PLACEMENT_3D ( 'NONE', #247, #106, #624 ) ;
#1320 = CARTESIAN_POINT ( 'NONE',  ( -5.999999999999998224, -14.83239697419132597, 12.50000000000000000 ) ) ;
#1321 = EDGE_LOOP ( 'NONE', ( #411, #471, #281, #971 ) ) ;
#1322 = ORIENTED_EDGE ( 'NONE', *, *, #1145, .F. ) ;
#1323 = EDGE_LOOP ( 'NONE', ( #1446, #1068 ) ) ;
#1324 = DIRECTION ( 'NONE',  ( 0.000000000000000000, 0.000000000000000000, 1.000000000000000000 ) ) ;
#1325 = CARTESIAN_POINT ( 'NONE',  ( -4.999999999999999112, -14.83239697419132597, 11.50000000000000178 ) ) ;
#1326 = EDGE_CURVE ( 'NONE', #1662, #970, #1076, .T. ) ;
#1327 = DIRECTION ( 'NONE',  ( -0.000000000000000000, -0.000000000000000000, 1.000000000000000000 ) ) ;
#1328 = CIRCLE ( 'NONE', #582, 0.9999999999999991118 ) ;
#1329 = CARTESIAN_POINT ( 'NONE',  ( -0.9166666666666665186, -10.96173901450961452, 11.50000000000000178 ) ) ;
#1330 = ORIENTED_EDGE ( 'NONE', *, *, #145, .F. ) ;
#1331 = ORIENTED_EDGE ( 'NONE', *, *, #996, .T. ) ;
#1332 = ORIENTED_EDGE ( 'NONE', *, *, #391, .T. ) ;
#1333 = CARTESIAN_POINT ( 'NONE',  ( -0.9166666666666665186, -10.96173901450961452, 12.50000000000000000 ) ) ;
#1334 = DIRECTION ( 'NONE',  ( 0.000000000000000000, -1.000000000000000000, 0.000000000000000000 ) ) ;
#1335 = AXIS2_PLACEMENT_3D ( 'NONE', #596, #460, #1511 ) ;
#1336 = VECTOR ( 'NONE', #124, 1000.000000000000000 ) ;
#1337 = CARTESIAN_POINT ( 'NONE',  ( -4.999999999999998224, -28.14213562373094391, 12.50000000000000000 ) ) ;
#1338 = FACE_OUTER_BOUND ( 'NONE', #1582, .T. ) ;
#1339 = CARTESIAN_POINT ( 'NONE',  ( 15.00000000000000000, 1.843143693225357538E-15, 12.50000000000000000 ) ) ;
#1340 = EDGE_LOOP ( 'NONE', ( #1035, #547, #1344, #525 ) ) ;
#1341 = VERTEX_POINT ( 'NONE', #1222 ) ;
#1342 = VERTEX_POINT ( 'NONE', #742 ) ;
#1343 = FACE_BOUND ( 'NONE', #1323, .T. ) ;
#1344 = ORIENTED_EDGE ( 'NONE', *, *, #364, .F. ) ;
#1345 = CARTESIAN_POINT ( 'NONE',  ( 2.000000000000002665, -11.61895003862225018, -11.50000000000000711 ) ) ;
#1346 = CARTESIAN_POINT ( 'NONE',  ( 3.000000000000010214, -28.14213562373096167, 12.50000000000000000 ) ) ;
#1347 = EDGE_CURVE ( 'NONE', #313, #907, #350, .T. ) ;
#1348 = MECHANICAL_DESIGN_GEOMETRIC_PRESENTATION_REPRESENTATION (  '', ( #1074 ), #840 ) ;
#1349 = ADVANCED_FACE ( 'NONE', ( #1379 ), #736, .F. ) ;
#1350 = CIRCLE ( 'NONE', #710, 1.000000000000000000 ) ;
#1351 = EDGE_LOOP ( 'NONE', ( #1069, #723, #378, #1249 ) ) ;
#1352 = AXIS2_PLACEMENT_3D ( 'NONE', #752, #1518, #362 ) ;
#1353 = DIRECTION ( 'NONE',  ( -0.7071067811865474617, 0.000000000000000000, 0.7071067811865474617 ) ) ;
#1354 = EDGE_LOOP ( 'NONE', ( #597, #1581, #1102, #318 ) ) ;
#1355 = DIRECTION ( 'NONE',  ( 1.139421349896794992E-16, -1.000000000000000000, 0.000000000000000000 ) ) ;
#1356 = CARTESIAN_POINT ( 'NONE',  ( -4.999999999999998224, -22.68934782697827046, 1.202081528017125978 ) ) ;
#1357 = DIRECTION ( 'NONE',  ( 0.000000000000000000, 0.000000000000000000, 1.000000000000000000 ) ) ;
#1358 = AXIS2_PLACEMENT_3D ( 'NONE', #994, #1508, #755 ) ;
#1359 = DIRECTION ( 'NONE',  ( -1.000000000000000000, 0.000000000000000000, 0.000000000000000000 ) ) ;
#1360 = VERTEX_POINT ( 'NONE', #455 ) ;
#1361 = FACE_OUTER_BOUND ( 'NONE', #147, .T. ) ;
#1362 = ORIENTED_EDGE ( 'NONE', *, *, #94, .F. ) ;
#1363 = CYLINDRICAL_SURFACE ( 'NONE', #482, 1.000000000000000000 ) ;
#1364 = EDGE_CURVE ( 'NONE', #474, #1341, #974, .T. ) ;
#1365 = CARTESIAN_POINT ( 'NONE',  ( -4.000000000000007105, -28.14213562373095101, 12.50000000000000000 ) ) ;
#1366 = CARTESIAN_POINT ( 'NONE',  ( 13.99999999999999467, -29.14213562373095101, -11.50000000000000711 ) ) ;
#1367 = ORIENTED_EDGE ( 'NONE', *, *, #171, .T. ) ;
#1368 = LINE ( 'NONE', #605, #416 ) ;
#1369 = ORIENTED_EDGE ( 'NONE', *, *, #96, .F. ) ;
#1370 = EDGE_CURVE ( 'NONE', #1459, #1360, #902, .T. ) ;
#1371 = CARTESIAN_POINT ( 'NONE',  ( 2.000000000000002220, -28.14213562373094391, -11.50000000000000711 ) ) ;
#1372 = EDGE_CURVE ( 'NONE', #1129, #398, #1404, .T. ) ;
#1373 = DIRECTION ( 'NONE',  ( -0.000000000000000000, -0.000000000000000000, -1.000000000000000000 ) ) ;
#1374 = ORIENTED_EDGE ( 'NONE', *, *, #1370, .F. ) ;
#1375 = CONICAL_SURFACE ( 'NONE', #323, 1.249999999999997558, 1.029744258676652757 ) ;
#1376 = AXIS2_PLACEMENT_3D ( 'NONE', #1221, #711, #57 ) ;
#1377 = CARTESIAN_POINT ( 'NONE',  ( 15.00000000000000355, -28.14213562373094391, -11.50000000000000711 ) ) ;
#1378 = CIRCLE ( 'NONE', #1642, 1.000000000000000888 ) ;
#1379 = FACE_OUTER_BOUND ( 'NONE', #1605, .T. ) ;
#1380 = DIRECTION ( 'NONE',  ( 0.000000000000000000, -0.000000000000000000, -1.000000000000000000 ) ) ;
#1381 = AXIS2_PLACEMENT_3D ( 'NONE', #573, #31, #554 ) ;
#1382 = DIRECTION ( 'NONE',  ( -0.000000000000000000, -0.000000000000000000, -1.000000000000000000 ) ) ;
#1383 = ORIENTED_EDGE ( 'NONE', *, *, #593, .T. ) ;
#1384 = CARTESIAN_POINT ( 'NONE',  ( -11.00000000000000533, 1.734723475976807094E-15, -11.50000000000000711 ) ) ;
#1385 = CONICAL_SURFACE ( 'NONE', #108, 0.9999999999999904521, 0.7853981633974435050 ) ;
#1386 = AXIS2_PLACEMENT_3D ( 'NONE', #1657, #1401, #503 ) ;
#1387 = AXIS2_PLACEMENT_3D ( 'NONE', #1146, #1021, #1291 ) ;
#1388 = EDGE_LOOP ( 'NONE', ( #1383, #84, #1595, #1066 ) ) ;
#1389 = LINE ( 'NONE', #109, #1009 ) ;
#1390 = EDGE_LOOP ( 'NONE', ( #656, #63, #558, #252 ) ) ;
#1391 = FACE_OUTER_BOUND ( 'NONE', #858, .T. ) ;
#1392 = ADVANCED_FACE ( 'NONE', ( #632 ), #674, .T. ) ;
#1393 = EDGE_CURVE ( 'NONE', #300, #1480, #1620, .T. ) ;
#1394 = LINE ( 'NONE', #757, #141 ) ;
#1395 = ORIENTED_EDGE ( 'NONE', *, *, #876, .F. ) ;
#1396 = AXIS2_PLACEMENT_3D ( 'NONE', #988, #1502, #344 ) ;
#1397 = DIRECTION ( 'NONE',  ( -4.906538933386822485E-15, -0.7071067811865444641, -0.7071067811865505703 ) ) ;
#1398 = DIRECTION ( 'NONE',  ( 1.000000000000000000, 0.000000000000000000, 0.000000000000000000 ) ) ;
#1399 = VECTOR ( 'NONE', #1143, 1000.000000000000000 ) ;
#1400 = FACE_OUTER_BOUND ( 'NONE', #468, .T. ) ;
#1401 = DIRECTION ( 'NONE',  ( -0.000000000000000000, -0.000000000000000000, -1.000000000000000000 ) ) ;
#1402 = EDGE_LOOP ( 'NONE', ( #1121, #1058, #1178, #1047 ) ) ;
#1403 = CARTESIAN_POINT ( 'NONE',  ( 1.953211531250545459E-15, -28.14213562373094391, 11.50000000000000178 ) ) ;
#1404 = LINE ( 'NONE', #357, #1399 ) ;
#1405 = EDGE_CURVE ( 'NONE', #289, #1412, #768, .T. ) ;
#1406 = LINE ( 'NONE', #265, #236 ) ;
#1407 = AXIS2_PLACEMENT_3D ( 'NONE', #616, #205, #71 ) ;
#1408 = CYLINDRICAL_SURFACE ( 'NONE', #231, 0.9999999999999995559 ) ;
#1409 = ORIENTED_EDGE ( 'NONE', *, *, #1036, .F. ) ;
#1410 = EDGE_CURVE ( 'NONE', #938, #1088, #498, .T. ) ;
#1411 = ORIENTED_EDGE ( 'NONE', *, *, #761, .F. ) ;
#1412 = VERTEX_POINT ( 'NONE', #760 ) ;
#1413 = CARTESIAN_POINT ( 'NONE',  ( -3.999999999999991562, -29.14213562373095101, -11.50000000000000711 ) ) ;
#1414 = FACE_OUTER_BOUND ( 'NONE', #440, .T. ) ;
#1415 = ADVANCED_FACE ( 'NONE', ( #1391 ), #121, .F. ) ;
#1416 = DIRECTION ( 'NONE',  ( -1.000000000000000000, -0.000000000000000000, -0.000000000000000000 ) ) ;
#1417 = ADVANCED_FACE ( 'NONE', ( #639 ), #296, .T. ) ;
#1418 = FACE_OUTER_BOUND ( 'NONE', #331, .T. ) ;
#1419 = EDGE_LOOP ( 'NONE', ( #1497, #128, #386, #654 ) ) ;
#1420 = ORIENTED_EDGE ( 'NONE', *, *, #1347, .T. ) ;
#1421 = CARTESIAN_POINT ( 'NONE',  ( 14.00000000000000178, -28.14213562373095101, 11.50000000000000178 ) ) ;
#1422 = CARTESIAN_POINT ( 'NONE',  ( -1.734723475976807094E-15, 1.734723475976807094E-15, -11.50000000000000711 ) ) ;
#1423 = AXIS2_PLACEMENT_3D ( 'NONE', #383, #904, #1144 ) ;
#1424 = DIRECTION ( 'NONE',  ( 0.000000000000000000, 0.000000000000000000, 1.000000000000000000 ) ) ;
#1425 = CARTESIAN_POINT ( 'NONE',  ( 15.00000000000000000, 1.843143693225357538E-15, 11.50000000000000178 ) ) ;
#1426 = VECTOR ( 'NONE', #151, 1000.000000000000000 ) ;
#1427 = AXIS2_PLACEMENT_3D ( 'NONE', #1636, #1007, #481 ) ;
#1428 = EDGE_CURVE ( 'NONE', #872, #1129, #235, .T. ) ;
#1429 = CARTESIAN_POINT ( 'NONE',  ( -1.000000000000005107, -29.14213562373095101, -11.50000000000000711 ) ) ;
#1430 = ORIENTED_EDGE ( 'NONE', *, *, #704, .F. ) ;
#1431 = VERTEX_POINT ( 'NONE', #747 ) ;
#1432 = CARTESIAN_POINT ( 'NONE',  ( 2.250000000000003109, -21.48726629896113494, -1.249999999999999334 ) ) ;
#1433 = DIRECTION ( 'NONE',  ( -1.000000000000000000, 0.000000000000000000, 0.000000000000000000 ) ) ;
#1434 = FACE_OUTER_BOUND ( 'NONE', #798, .T. ) ;
#1435 = CARTESIAN_POINT ( 'NONE',  ( -0.9999999999999870104, -28.14213562373095101, 12.50000000000000000 ) ) ;
#1436 = DIRECTION ( 'NONE',  ( 1.000000000000000000, 0.000000000000000000, 0.000000000000000000 ) ) ;
#1437 = ORIENTED_EDGE ( 'NONE', *, *, #796, .F. ) ;
#1438 = EDGE_CURVE ( 'NONE', #665, #831, #1012, .T. ) ;
#1439 = EDGE_LOOP ( 'NONE', ( #1269, #1420, #928 ) ) ;
#1440 = ORIENTED_EDGE ( 'NONE', *, *, #242, .T. ) ;
#1441 = CARTESIAN_POINT ( 'NONE',  ( 2.000000000000002220, -21.48726629896113494, 1.499999999999999556 ) ) ;
#1442 = LINE ( 'NONE', #538, #643 ) ;
#1443 = DIRECTION ( 'NONE',  ( -1.000000000000000000, -0.000000000000000000, -0.000000000000000000 ) ) ;
#1444 = DIRECTION ( 'NONE',  ( -0.000000000000000000, 0.000000000000000000, 1.000000000000000000 ) ) ;
#1445 = CARTESIAN_POINT ( 'NONE',  ( 2.603732834741848119E-15, -28.14213562373094391, -11.50000000000000711 ) ) ;
#1446 = ORIENTED_EDGE ( 'NONE', *, *, #1230, .F. ) ;
#1447 = EDGE_CURVE ( 'NONE', #289, #1505, #508, .T. ) ;
#1448 = EDGE_LOOP ( 'NONE', ( #617, #990, #1374, #940 ) ) ;
#1449 = EDGE_LOOP ( 'NONE', ( #1220, #1430, #176, #1294 ) ) ;
#1450 = CARTESIAN_POINT ( 'NONE',  ( 2.000000000000002220, -21.48726629896113494, -1.734723475976807094E-15 ) ) ;
#1451 = LINE ( 'NONE', #1180, #949 ) ;
#1452 = DIRECTION ( 'NONE',  ( 1.000000000000000000, 0.000000000000000000, 0.000000000000000000 ) ) ;
#1453 = DIRECTION ( 'NONE',  ( -0.000000000000000000, 0.000000000000000000, 1.000000000000000000 ) ) ;
#1454 = AXIS2_PLACEMENT_3D ( 'NONE', #762, #528, #1287 ) ;
#1455 = CIRCLE ( 'NONE', #80, 1.000000000000000888 ) ;
#1456 = DIRECTION ( 'NONE',  ( -0.000000000000000000, -0.000000000000000000, -1.000000000000000000 ) ) ;
#1457 = VERTEX_POINT ( 'NONE', #1384 ) ;
#1458 = ORIENTED_EDGE ( 'NONE', *, *, #748, .F. ) ;
#1459 = VERTEX_POINT ( 'NONE', #380 ) ;
#1460 = DIRECTION ( 'NONE',  ( -0.000000000000000000, -0.000000000000000000, -1.000000000000000000 ) ) ;
#1461 = CARTESIAN_POINT ( 'NONE',  ( -1.734723475976807094E-15, 1.734723475976807094E-15, 12.50000000000000000 ) ) ;
#1462 = CARTESIAN_POINT ( 'NONE',  ( -4.000000000000007105, -14.83239697419132597, 12.50000000000000000 ) ) ;
#1463 = CARTESIAN_POINT ( 'NONE',  ( -0.9999999999999997780, -11.95826074310139653, -11.50000000000000711 ) ) ;
#1464 = ADVANCED_FACE ( 'NONE', ( #1414 ), #255, .F. ) ;
#1465 = AXIS2_PLACEMENT_3D ( 'NONE', #1366, #863, #1359 ) ;
#1466 = DIRECTION ( 'NONE',  ( 0.7071067811865473507, 8.056925631407534436E-17, -0.7071067811865477948 ) ) ;
#1467 = EDGE_LOOP ( 'NONE', ( #1311, #610, #947, #675 ) ) ;
#1468 = VECTOR ( 'NONE', #783, 1000.000000000000000 ) ;
#1469 = CARTESIAN_POINT ( 'NONE',  ( 11.99999999999999112, 1.734723475976807094E-15, 12.50000000000000000 ) ) ;
#1470 = ORIENTED_EDGE ( 'NONE', *, *, #494, .F. ) ;
#1471 = LINE ( 'NONE', #304, #155 ) ;
#1472 = LINE ( 'NONE', #823, #484 ) ;
#1473 = CONICAL_SURFACE ( 'NONE', #1335, 0.9999999999999947820, 0.7853981633974485010 ) ;
#1474 = ADVANCED_FACE ( 'NONE', ( #615 ), #1126, .F. ) ;
#1475 = AXIS2_PLACEMENT_3D ( 'NONE', #238, #1034, #1140 ) ;
#1476 = FILL_AREA_STYLE_COLOUR ( '', #1150 ) ;
#1477 = DIRECTION ( 'NONE',  ( -0.000000000000000000, 0.000000000000000000, 1.000000000000000000 ) ) ;
#1478 = EDGE_CURVE ( 'NONE', #9, #491, #1107, .T. ) ;
#1479 = EDGE_CURVE ( 'NONE', #1253, #938, #1455, .T. ) ;
#1480 = VERTEX_POINT ( 'NONE', #112 ) ;
#1481 = ORIENTED_EDGE ( 'NONE', *, *, #584, .F. ) ;
#1482 = ORIENTED_EDGE ( 'NONE', *, *, #1316, .F. ) ;
#1483 = DIRECTION ( 'NONE',  ( 0.000000000000000000, 0.000000000000000000, 1.000000000000000000 ) ) ;
#1484 = CARTESIAN_POINT ( 'NONE',  ( -15.00000000000000355, 1.734723475976807094E-15, 11.49999999999999822 ) ) ;
#1485 = CARTESIAN_POINT ( 'NONE',  ( -0.9999999999999978906, -28.14213562373095101, 11.50000000000000178 ) ) ;
#1486 = CONICAL_SURFACE ( 'NONE', #77, 1.500000000000001332, 0.7853981633974533860 ) ;
#1487 = CIRCLE ( 'NONE', #754, 11.00000000000000355 ) ;
#1488 = DIRECTION ( 'NONE',  ( -1.000000000000000000, 0.000000000000000000, 0.000000000000000000 ) ) ;
#1489 = ORIENTED_EDGE ( 'NONE', *, *, #297, .F. ) ;
#1490 = ADVANCED_FACE ( 'NONE', ( #1514 ), #1560, .T. ) ;
#1491 = AXIS2_PLACEMENT_3D ( 'NONE', #1192, #27, #274 ) ;
#1492 = FACE_OUTER_BOUND ( 'NONE', #334, .T. ) ;
#1493 = ORIENTED_EDGE ( 'NONE', *, *, #1393, .F. ) ;
#1494 = CARTESIAN_POINT ( 'NONE',  ( 2.000000000000002220, -21.48726629896113494, -1.500000000000003109 ) ) ;
#1495 = DIRECTION ( 'NONE',  ( -0.000000000000000000, 0.000000000000000000, 1.000000000000000000 ) ) ;
#1496 = DIRECTION ( 'NONE',  ( 0.000000000000000000, -0.000000000000000000, -1.000000000000000000 ) ) ;
#1497 = ORIENTED_EDGE ( 'NONE', *, *, #1280, .T. ) ;
#1498 = PRODUCT_RELATED_PRODUCT_CATEGORY ( 'part', '', ( #984 ) ) ;
#1499 = LINE ( 'NONE', #83, #553 ) ;
#1500 = VERTEX_POINT ( 'NONE', #931 ) ;
#1501 = EDGE_CURVE ( 'NONE', #1088, #1360, #1577, .T. ) ;
#1502 = DIRECTION ( 'NONE',  ( -0.000000000000000000, 0.000000000000000000, 1.000000000000000000 ) ) ;
#1503 = AXIS2_PLACEMENT_3D ( 'NONE', #475, #991, #1630 ) ;
#1504 = DIRECTION ( 'NONE',  ( -1.000000000000000000, 0.000000000000000000, 0.000000000000000000 ) ) ;
#1505 = VERTEX_POINT ( 'NONE', #1325 ) ;
#1506 = FACE_OUTER_BOUND ( 'NONE', #438, .T. ) ;
#1507 = CARTESIAN_POINT ( 'NONE',  ( -1.000000000000005107, -29.14213562373095101, 12.50000000000000000 ) ) ;
#1508 = DIRECTION ( 'NONE',  ( -0.000000000000000000, -0.000000000000000000, -1.000000000000000000 ) ) ;
#1509 = AXIS2_PLACEMENT_3D ( 'NONE', #64, #1097, #441 ) ;
#1510 = AXIS2_PLACEMENT_3D ( 'NONE', #550, #786, #1203 ) ;
#1511 = DIRECTION ( 'NONE',  ( 1.000000000000000000, 0.000000000000000000, 0.000000000000000000 ) ) ;
#1512 = ORIENTED_EDGE ( 'NONE', *, *, #457, .F. ) ;
#1513 = CIRCLE ( 'NONE', #1491, 15.00000000000000178 ) ;
#1514 = FACE_OUTER_BOUND ( 'NONE', #595, .T. ) ;
#1515 = CIRCLE ( 'NONE', #1223, 1.000000000000000000 ) ;
#1516 = CARTESIAN_POINT ( 'NONE',  ( 3.000000000000010214, -28.14213562373095812, -12.50000000000000000 ) ) ;
#1517 = ORIENTED_EDGE ( 'NONE', *, *, #1055, .T. ) ;
#1518 = DIRECTION ( 'NONE',  ( -0.000000000000000000, 0.000000000000000000, 1.000000000000000000 ) ) ;
#1519 = EDGE_CURVE ( 'NONE', #1629, #154, #1513, .T. ) ;
#1520 = EDGE_CURVE ( 'NONE', #23, #34, #1378, .T. ) ;
#1521 = VECTOR ( 'NONE', #1526, 999.9999999999998863 ) ;
#1522 = DIRECTION ( 'NONE',  ( 1.232830016293430002E-16, -1.000000000000000000, 0.000000000000000000 ) ) ;
#1523 = EDGE_LOOP ( 'NONE', ( #950, #210, #898, #918 ) ) ;
#1524 = EDGE_CURVE ( 'NONE', #536, #258, #1451, .T. ) ;
#1525 = DIRECTION ( 'NONE',  ( -0.000000000000000000, -0.000000000000000000, -1.000000000000000000 ) ) ;
#1526 = DIRECTION ( 'NONE',  ( 8.056925631407530739E-17, -0.7071067811865469066, 0.7071067811865482389 ) ) ;
#1527 = AXIS2_PLACEMENT_3D ( 'NONE', #777, #1557, #911 ) ;
#1528 = ORIENTED_EDGE ( 'NONE', *, *, #1478, .T. ) ;
#1529 = ADVANCED_FACE ( 'NONE', ( #1170 ), #953, .T. ) ;
#1530 = CIRCLE ( 'NONE', #1020, 13.99999999999999645 ) ;
#1531 = LINE ( 'NONE', #1413, #956 ) ;
#1532 = CARTESIAN_POINT ( 'NONE',  ( 14.00000000000000178, -28.14213562373096167, 12.50000000000000000 ) ) ;
#1533 = CIRCLE ( 'NONE', #354, 15.00000000000000178 ) ;
#1534 = DIRECTION ( 'NONE',  ( 0.000000000000000000, 1.000000000000000000, 0.000000000000000000 ) ) ;
#1535 = ADVANCED_FACE ( 'NONE', ( #792 ), #1296, .F. ) ;
#1536 = LINE ( 'NONE', #652, #967 ) ;
#1537 = VERTEX_POINT ( 'NONE', #414 ) ;
#1538 = CONICAL_SURFACE ( 'NONE', #556, 1.500000000000001332, 0.7853981633974533860 ) ;
#1539 = FACE_OUTER_BOUND ( 'NONE', #418, .T. ) ;
#1540 = CARTESIAN_POINT ( 'NONE',  ( -4.999999999999998224, -28.14213562373094391, 11.50000000000000178 ) ) ;
#1541 = EDGE_CURVE ( 'NONE', #1457, #1136, #1442, .T. ) ;
#1542 = CYLINDRICAL_SURFACE ( 'NONE', #1527, 1.000000000000000888 ) ;
#1543 = AXIS2_PLACEMENT_3D ( 'NONE', #490, #644, #133 ) ;
#1544 = DIRECTION ( 'NONE',  ( -1.000000000000000000, 0.000000000000000000, 0.000000000000000000 ) ) ;
#1545 = SHAPE_DEFINITION_REPRESENTATION ( #116, #1164 ) ;
#1546 = ORIENTED_EDGE ( 'NONE', *, *, #171, .F. ) ;
#1547 = ORIENTED_EDGE ( 'NONE', *, *, #1273, .T. ) ;
#1548 = LINE ( 'NONE', #1654, #1669 ) ;
#1549 = DIRECTION ( 'NONE',  ( 8.056925631407520878E-17, -0.7071067811865461294, -0.7071067811865489050 ) ) ;
#1550 = DIRECTION ( 'NONE',  ( -0.000000000000000000, -0.000000000000000000, -1.000000000000000000 ) ) ;
#1551 = CARTESIAN_POINT ( 'NONE',  ( 1.091862749457699646E-16, -11.95826074310139653, -11.50000000000000711 ) ) ;
#1552 = CYLINDRICAL_SURFACE ( 'NONE', #384, 11.00000000000000355 ) ;
#1553 = ORIENTED_EDGE ( 'NONE', *, *, #43, .F. ) ;
#1554 = ORIENTED_EDGE ( 'NONE', *, *, #1372, .F. ) ;
#1555 = CARTESIAN_POINT ( 'NONE',  ( -3.999999999999998224, -28.14213562373095101, 12.50000000000000000 ) ) ;
#1556 = DIRECTION ( 'NONE',  ( -1.000000000000000000, 0.000000000000000000, 0.000000000000000000 ) ) ;
#1557 = DIRECTION ( 'NONE',  ( -0.000000000000000000, -0.000000000000000000, -1.000000000000000000 ) ) ;
#1558 = FACE_OUTER_BOUND ( 'NONE', #544, .T. ) ;
#1559 = AXIS2_PLACEMENT_3D ( 'NONE', #1365, #1108, #75 ) ;
#1560 = CONICAL_SURFACE ( 'NONE', #915, 0.9999999999999895639, 0.7853981633974435050 ) ;
#1561 = PLANE ( 'NONE',  #93 ) ;
#1562 = ORIENTED_EDGE ( 'NONE', *, *, #593, .F. ) ;
#1563 = ORIENTED_EDGE ( 'NONE', *, *, #1364, .T. ) ;
#1564 = ORIENTED_EDGE ( 'NONE', *, *, #1520, .F. ) ;
#1565 = FACE_OUTER_BOUND ( 'NONE', #1467, .T. ) ;
#1566 = DIRECTION ( 'NONE',  ( -1.000000000000000000, 0.000000000000000000, 0.000000000000000000 ) ) ;
#1567 = VECTOR ( 'NONE', #1248, 1000.000000000000000 ) ;
#1568 = LINE ( 'NONE', #933, #1265 ) ;
#1569 = FACE_OUTER_BOUND ( 'NONE', #730, .T. ) ;
#1570 = EDGE_CURVE ( 'NONE', #61, #23, #390, .T. ) ;
#1571 = EDGE_CURVE ( 'NONE', #1176, #513, #1305, .T. ) ;
#1572 = LINE ( 'NONE', #437, #614 ) ;
#1573 = EDGE_LOOP ( 'NONE', ( #187, #136, #3, #1124 ) ) ;
#1574 = EDGE_LOOP ( 'NONE', ( #555, #1660, #52, #1022 ) ) ;
#1575 = ORIENTED_EDGE ( 'NONE', *, *, #1583, .T. ) ;
#1576 = CARTESIAN_POINT ( 'NONE',  ( 8.448924226215551059, -21.48726629896113494, -1.734723475976807094E-15 ) ) ;
#1577 = LINE ( 'NONE', #920, #539 ) ;
#1578 = DIRECTION ( 'NONE',  ( 0.000000000000000000, -0.000000000000000000, -1.000000000000000000 ) ) ;
#1579 = DIRECTION ( 'NONE',  ( 0.000000000000000000, 1.000000000000000000, -0.000000000000000000 ) ) ;
#1580 = DIRECTION ( 'NONE',  ( -1.000000000000000000, 0.000000000000000000, 0.000000000000000000 ) ) ;
#1581 = ORIENTED_EDGE ( 'NONE', *, *, #625, .T. ) ;
#1582 = EDGE_LOOP ( 'NONE', ( #908, #1077, #1310 ) ) ;
#1583 = EDGE_CURVE ( 'NONE', #167, #900, #942, .T. ) ;
#1584 = ORIENTED_EDGE ( 'NONE', *, *, #469, .F. ) ;
#1585 = DIRECTION ( 'NONE',  ( 0.000000000000000000, 0.000000000000000000, 1.000000000000000000 ) ) ;
#1586 = LINE ( 'NONE', #527, #328 ) ;
#1587 = PLANE ( 'NONE',  #1132 ) ;
#1588 = CARTESIAN_POINT ( 'NONE',  ( -4.999999999999998224, -28.14213562373094391, 12.50000000000000000 ) ) ;
#1589 = AXIS2_PLACEMENT_3D ( 'NONE', #835, #1578, #591 ) ;
#1590 = VECTOR ( 'NONE', #583, 1000.000000000000000 ) ;
#1591 = VECTOR ( 'NONE', #292, 1000.000000000000114 ) ;
#1592 = DIRECTION ( 'NONE',  ( 0.000000000000000000, -0.000000000000000000, -1.000000000000000000 ) ) ;
#1593 = ORIENTED_EDGE ( 'NONE', *, *, #552, .F. ) ;
#1594 = EDGE_CURVE ( 'NONE', #1457, #430, #20, .T. ) ;
#1595 = ORIENTED_EDGE ( 'NONE', *, *, #581, .F. ) ;
#1596 = VERTEX_POINT ( 'NONE', #1159 ) ;
#1597 = LINE ( 'NONE', #972, #1261 ) ;
#1598 = LINE ( 'NONE', #181, #1044 ) ;
#1599 = EDGE_CURVE ( 'NONE', #34, #1629, #1285, .T. ) ;
#1600 = CARTESIAN_POINT ( 'NONE',  ( 11.00000000000000178, 3.081834955038895696E-15, 12.50000000000000000 ) ) ;
#1601 = DIRECTION ( 'NONE',  ( -0.000000000000000000, -0.000000000000000000, -1.000000000000000000 ) ) ;
#1602 = EDGE_CURVE ( 'NONE', #1086, #1011, #1533, .T. ) ;
#1603 = AXIS2_PLACEMENT_3D ( 'NONE', #426, #299, #1504 ) ;
#1604 = ORIENTED_EDGE ( 'NONE', *, *, #494, .T. ) ;
#1605 = EDGE_LOOP ( 'NONE', ( #563, #1604, #1322, #1258 ) ) ;
#1606 = EDGE_LOOP ( 'NONE', ( #1262, #746, #504, #1215, #179 ) ) ;
#1607 = CARTESIAN_POINT ( 'NONE',  ( 2.000000000000002220, -28.14213562373094391, 12.50000000000000000 ) ) ;
#1608 = VECTOR ( 'NONE', #935, 1000.000000000000000 ) ;
#1609 = DIRECTION ( 'NONE',  ( 0.000000000000000000, 0.000000000000000000, 1.000000000000000000 ) ) ;
#1610 = DIRECTION ( 'NONE',  ( -1.000000000000000000, 0.000000000000000000, 0.000000000000000000 ) ) ;
#1611 = EDGE_CURVE ( 'NONE', #927, #461, #1586, .T. ) ;
#1612 = CARTESIAN_POINT ( 'NONE',  ( 3.000000000000001776, -28.14213562373095101, 11.50000000000000178 ) ) ;
#1613 = ORIENTED_EDGE ( 'NONE', *, *, #877, .F. ) ;
#1614 = DIRECTION ( 'NONE',  ( -0.7071067811865482389, 0.000000000000000000, -0.7071067811865469066 ) ) ;
#1615 = ORIENTED_EDGE ( 'NONE', *, *, #1239, .T. ) ;
#1616 = DIRECTION ( 'NONE',  ( 1.000000000000000000, 0.000000000000000000, 0.000000000000000000 ) ) ;
#1617 = FACE_OUTER_BOUND ( 'NONE', #516, .T. ) ;
#1618 = CIRCLE ( 'NONE', #977, 11.99999999999999645 ) ;
#1619 = CARTESIAN_POINT ( 'NONE',  ( -0.9999999999999941158, -11.95826074310139653, -12.50000000000000000 ) ) ;
#1620 = CIRCLE ( 'NONE', #1319, 11.00000000000000355 ) ;
#1621 = ORIENTED_EDGE ( 'NONE', *, *, #1288, .T. ) ;
#1622 = EDGE_CURVE ( 'NONE', #1136, #496, #1002, .T. ) ;
#1623 = DIRECTION ( 'NONE',  ( -1.000000000000000000, -0.000000000000000000, -0.000000000000000000 ) ) ;
#1624 = ORIENTED_EDGE ( 'NONE', *, *, #349, .T. ) ;
#1625 = LINE ( 'NONE', #1507, #845 ) ;
#1626 = AXIS2_PLACEMENT_3D ( 'NONE', #1663, #775, #1023 ) ;
#1627 = ADVANCED_FACE ( 'NONE', ( #159 ), #649, .T. ) ;
#1628 = LINE ( 'NONE', #95, #1137 ) ;
#1629 = VERTEX_POINT ( 'NONE', #1030 ) ;
#1630 = DIRECTION ( 'NONE',  ( 0.000000000000000000, 0.000000000000000000, 1.000000000000000000 ) ) ;
#1631 = DIRECTION ( 'NONE',  ( 0.000000000000000000, -1.000000000000000000, 0.000000000000000000 ) ) ;
#1632 = DIRECTION ( 'NONE',  ( 0.7071067811865507924, 0.000000000000000000, -0.7071067811865443531 ) ) ;
#1633 = EDGE_LOOP ( 'NONE', ( #1283, #480, #1293 ) ) ;
#1634 = FACE_BOUND ( 'NONE', #801, .T. ) ;
#1635 = VERTEX_POINT ( 'NONE', #910 ) ;
#1636 = CARTESIAN_POINT ( 'NONE',  ( -1.734723475976807094E-15, 1.734723475976807094E-15, 12.50000000000000000 ) ) ;
#1637 = VECTOR ( 'NONE', #46, 1000.000000000000000 ) ;
#1638 = VECTOR ( 'NONE', #599, 1000.000000000000000 ) ;
#1639 = DIRECTION ( 'NONE',  ( -0.7071067811865472397, 0.000000000000000000, -0.7071067811865479058 ) ) ;
#1640 = EDGE_CURVE ( 'NONE', #154, #461, #810, .T. ) ;
#1641 = ORIENTED_EDGE ( 'NONE', *, *, #530, .T. ) ;
#1642 = AXIS2_PLACEMENT_3D ( 'NONE', #169, #667, #658 ) ;
#1643 = DIRECTION ( 'NONE',  ( 1.232830016293430002E-16, -1.000000000000000000, 0.000000000000000000 ) ) ;
#1644 = EDGE_CURVE ( 'NONE', #65, #513, #779, .T. ) ;
#1645 = EDGE_CURVE ( 'NONE', #969, #1412, #1472, .T. ) ;
#1646 = UNCERTAINTY_MEASURE_WITH_UNIT (LENGTH_MEASURE( 1.000000000000000082E-05 ), #1128, 'distance_accuracy_value', 'NONE');
#1647 = CARTESIAN_POINT ( 'NONE',  ( 14.00000000000000178, -28.14213562373096167, 12.50000000000000000 ) ) ;
#1648 = ORIENTED_EDGE ( 'NONE', *, *, #1003, .T. ) ;
#1649 = CARTESIAN_POINT ( 'NONE',  ( -4.999999999999998224, -28.14213562373094391, 11.50000000000000178 ) ) ;
#1650 = EDGE_CURVE ( 'NONE', #1157, #496, #1598, .T. ) ;
#1651 = CARTESIAN_POINT ( 'NONE',  ( 1.004329473722331678E-15, -22.68934782697827046, 1.202081528017124867 ) ) ;
#1652 = DIRECTION ( 'NONE',  ( 0.000000000000000000, -0.000000000000000000, -1.000000000000000000 ) ) ;
#1653 = ORIENTED_EDGE ( 'NONE', *, *, #1195, .T. ) ;
#1654 = CARTESIAN_POINT ( 'NONE',  ( -1.000000000000005107, -29.14213562373095101, 11.50000000000000178 ) ) ;
#1655 = DIRECTION ( 'NONE',  ( 0.7071067811865446862, 0.000000000000000000, 0.7071067811865503483 ) ) ;
#1656 = DIRECTION ( 'NONE',  ( 0.7071067811865475727, 8.717424645714063148E-17, -0.7071067811865475727 ) ) ;
#1657 = CARTESIAN_POINT ( 'NONE',  ( -1.734723475976807094E-15, 1.734723475976807094E-15, 12.50000000000000000 ) ) ;
#1658 = EDGE_CURVE ( 'NONE', #1011, #1168, #50, .T. ) ;
#1659 = AXIS2_PLACEMENT_3D ( 'NONE', #275, #1416, #1424 ) ;
#1660 = ORIENTED_EDGE ( 'NONE', *, *, #1100, .F. ) ;
#1661 = AXIS2_PLACEMENT_3D ( 'NONE', #1073, #1315, #308 ) ;
#1662 = VERTEX_POINT ( 'NONE', #1082 ) ;
#1663 = CARTESIAN_POINT ( 'NONE',  ( -5.999999999999998224, -14.83239697419132597, -12.50000000000000000 ) ) ;
#1664 = CARTESIAN_POINT ( 'NONE',  ( 2.000000000000002220, -21.48726629896113494, -1.500000000000003109 ) ) ;
#1665 = VECTOR ( 'NONE', #776, 1000.000000000000000 ) ;
#1666 = DIRECTION ( 'NONE',  ( -0.000000000000000000, -0.000000000000000000, -1.000000000000000000 ) ) ;
#1667 = LINE ( 'NONE', #635, #1092 ) ;
#1668 = EDGE_LOOP ( 'NONE', ( #589, #623, #32, #53 ) ) ;
#1669 = VECTOR ( 'NONE', #1304, 1000.000000000000000 ) ;
#1670 = EDGE_LOOP ( 'NONE', ( #212, #693, #613 ) ) ;
#1671 = FACE_OUTER_BOUND ( 'NONE', #1141, .T. ) ;
#1672 = CARTESIAN_POINT ( 'NONE',  ( -0.9999999999999997780, -11.95826074310139653, 12.50000000000000000 ) ) ;
#1673 = CARTESIAN_POINT ( 'NONE',  ( -4.999999999999999112, -14.83239697419132597, 12.50000000000000000 ) ) ;
#1674 = AXIS2_PLACEMENT_3D ( 'NONE', #1295, #919, #120 ) ;
#1675 = CIRCLE ( 'NONE', #1031, 1.999999999999989564 ) ;
ENDSEC;
END-ISO-10303-21;
