ISO-10303-21;
HEADER;
FILE_DESCRIPTION (( 'STEP AP214' ),
    '1' );
FILE_NAME ('01 - FSB - 1000 - Base.STEP',
    '2026-09-14T20:17:52',
    ( '' ),
    ( '' ),
    'SwSTEP 2.0',
    'SolidWorks 2025',
    '' );
FILE_SCHEMA (( 'AUTOMOTIVE_DESIGN' ));
ENDSEC;

DATA;
#1 = CARTESIAN_POINT ( 'NONE',  ( 3.214697902507782446E-15, 1.537059521023110055E-15, -14.64288448352113470 ) ) ;
#2 = EDGE_CURVE ( 'NONE', #2162, #311, #415, .T. ) ;
#3 = ORIENTED_EDGE ( 'NONE', *, *, #913, .F. ) ;
#4 = CARTESIAN_POINT ( 'NONE',  ( -9.099999999999997868, -22.50000000000000000, -1.500000000000003109 ) ) ;
#5 = ORIENTED_EDGE ( 'NONE', *, *, #89, .F. ) ;
#6 = VECTOR ( 'NONE', #3931, 1000.000000000000114 ) ;
#7 = CARTESIAN_POINT ( 'NONE',  ( -9.250000000000001776, -29.10000000000000497, 17.09999999999999787 ) ) ;
#8 = VECTOR ( 'NONE', #803, 1000.000000000000000 ) ;
#9 = CARTESIAN_POINT ( 'NONE',  ( -9.250000000000001776, -29.10000000000000142, 17.09999999999999787 ) ) ;
#10 = ORIENTED_EDGE ( 'NONE', *, *, #3278, .T. ) ;
#11 = ORIENTED_EDGE ( 'NONE', *, *, #373, .F. ) ;
#12 = EDGE_CURVE ( 'NONE', #3162, #2870, #2959, .T. ) ;
#13 = DIRECTION ( 'NONE',  ( 0.000000000000000000, 0.000000000000000000, 1.000000000000000000 ) ) ;
#14 = FACE_OUTER_BOUND ( 'NONE', #926, .T. ) ;
#15 = DIRECTION ( 'NONE',  ( -0.000000000000000000, -1.049697225128599695E-16, 1.000000000000000000 ) ) ;
#16 = VERTEX_POINT ( 'NONE', #438 ) ;
#17 = CARTESIAN_POINT ( 'NONE',  ( 0.000000000000000000, 2.427424983661332428E-15, 7.499999999999996447 ) ) ;
#18 = DIRECTION ( 'NONE',  ( -0.000000000000000000, -1.049697225128599695E-16, 1.000000000000000000 ) ) ;
#19 = DIRECTION ( 'NONE',  ( 0.000000000000000000, 1.049697225128599695E-16, -1.000000000000000000 ) ) ;
#20 = CARTESIAN_POINT ( 'NONE',  ( 2.314800596404746003, -30.24321410188992232, -12.17276219036981111 ) ) ;
#21 = ORIENTED_EDGE ( 'NONE', *, *, #2348, .F. ) ;
#22 = DIRECTION ( 'NONE',  ( 1.171423662820243106E-16, 1.443913095985621810E-15, -1.000000000000000000 ) ) ;
#23 = EDGE_LOOP ( 'NONE', ( #4218, #3161, #905, #697 ) ) ;
#24 = ADVANCED_FACE ( 'NONE', ( #1886 ), #146, .F. ) ;
#25 = CARTESIAN_POINT ( 'NONE',  ( 12.25000000000000000, -20.09999999999999787, 16.49999999999999645 ) ) ;
#26 = DIRECTION ( 'NONE',  ( 0.000000000000000000, 1.000000000000000000, 0.000000000000000000 ) ) ;
#27 = EDGE_CURVE ( 'NONE', #2855, #2336, #247, .T. ) ;
#28 = VECTOR ( 'NONE', #2717, 1000.000000000000000 ) ;
#29 = EDGE_LOOP ( 'NONE', ( #1934, #1965, #3407, #2480 ) ) ;
#30 = CARTESIAN_POINT ( 'NONE',  ( 12.25000000000000000, -20.09999999999999787, 16.49999999999999645 ) ) ;
#31 = CIRCLE ( 'NONE', #3982, 1.099999999999989875 ) ;
#32 = CARTESIAN_POINT ( 'NONE',  ( 0.000000000000000000, -1.677638381484706114E-15, -14.64288448352113470 ) ) ;
#33 = ORIENTED_EDGE ( 'NONE', *, *, #2139, .F. ) ;
#34 = ORIENTED_EDGE ( 'NONE', *, *, #2806, .T. ) ;
#35 = CARTESIAN_POINT ( 'NONE',  ( -4.375000000000000000, -18.09999999999999787, -17.50000000000000355 ) ) ;
#36 = CARTESIAN_POINT ( 'NONE',  ( 0.000000000000000000, 4.997689495292788342E-15, -16.98577027834449638 ) ) ;
#37 = CARTESIAN_POINT ( 'NONE',  ( -10.24999999999999822, -19.09999999999999787, 17.09999999999999787 ) ) ;
#38 = ORIENTED_EDGE ( 'NONE', *, *, #313, .F. ) ;
#39 = ORIENTED_EDGE ( 'NONE', *, *, #1237, .T. ) ;
#40 = DIRECTION ( 'NONE',  ( 0.000000000000000000, 0.7071067811865474617, -0.7071067811865474617 ) ) ;
#41 = EDGE_CURVE ( 'NONE', #2845, #3162, #2990, .T. ) ;
#42 = ADVANCED_FACE ( 'NONE', ( #1672 ), #2000, .F. ) ;
#43 = CARTESIAN_POINT ( 'NONE',  ( -7.603329890623525600, -22.50000000000000000, -1.146670109376445312 ) ) ;
#44 = EDGE_CURVE ( 'NONE', #3263, #3880, #936, .T. ) ;
#45 = FACE_OUTER_BOUND ( 'NONE', #1421, .T. ) ;
#46 = ORIENTED_EDGE ( 'NONE', *, *, #1011, .T. ) ;
#47 = AXIS2_PLACEMENT_3D ( 'NONE', #2569, #3286, #4098 ) ;
#48 = EDGE_CURVE ( 'NONE', #2560, #445, #982, .T. ) ;
#49 = CARTESIAN_POINT ( 'NONE',  ( -7.349999999999996092, -18.09999999999999787, -7.200000000000002842 ) ) ;
#50 = ORIENTED_EDGE ( 'NONE', *, *, #4000, .F. ) ;
#51 = CARTESIAN_POINT ( 'NONE',  ( 9.250000000000001776, -29.10000000000000142, 0.5000000000000108802 ) ) ;
#52 = LINE ( 'NONE', #4025, #2550 ) ;
#53 = EDGE_CURVE ( 'NONE', #414, #4071, #2610, .T. ) ;
#54 = ORIENTED_EDGE ( 'NONE', *, *, #3487, .T. ) ;
#55 = CARTESIAN_POINT ( 'NONE',  ( -1.719844002960905005, 30.95225575956424890, 17.50000000000000355 ) ) ;
#56 = EDGE_LOOP ( 'NONE', ( #841, #3597, #3157, #3052 ) ) ;
#57 = CARTESIAN_POINT ( 'NONE',  ( 29.88584094275239522, -2.614672282429435057, -14.64288448352113825 ) ) ;
#58 = B_SPLINE_CURVE_WITH_KNOTS ( 'NONE', 3,
 ( #484, #4175, #2342, #863 ),
 .UNSPECIFIED., .F., .F.,
 ( 4, 4 ),
 ( 0.000000000000000000, 0.001714047318848903887 ),
 .UNSPECIFIED. ) ;
#59 = CARTESIAN_POINT ( 'NONE',  ( 12.25000000000000355, -26.10000000000000142, 16.49999999999999645 ) ) ;
#60 = DIRECTION ( 'NONE',  ( -0.000000000000000000, -0.000000000000000000, 1.000000000000000000 ) ) ;
#61 = VECTOR ( 'NONE', #1917, 1000.000000000000000 ) ;
#62 = VECTOR ( 'NONE', #3615, 1000.000000000000000 ) ;
#63 = CARTESIAN_POINT ( 'NONE',  ( 7.380487804878044678, -20.44036649973204689, -1.369512195121931786 ) ) ;
#64 = CARTESIAN_POINT ( 'NONE',  ( -7.349999999999996092, -18.09999999999999787, -7.200000000000002842 ) ) ;
#65 = VERTEX_POINT ( 'NONE', #2725 ) ;
#66 = ORIENTED_EDGE ( 'NONE', *, *, #2227, .F. ) ;
#67 = DIRECTION ( 'NONE',  ( -9.637352644315598694E-16, -1.000000000000000000, 0.000000000000000000 ) ) ;
#68 = B_SPLINE_CURVE_WITH_KNOTS ( 'NONE', 3,
 ( #3477, #3903, #211, #571 ),
 .UNSPECIFIED., .F., .F.,
 ( 4, 4 ),
 ( 0.000000000000000000, 0.001714047318848882420 ),
 .UNSPECIFIED. ) ;
#69 = ADVANCED_FACE ( 'NONE', ( #1649, #2391 ), #607, .F. ) ;
#70 = CARTESIAN_POINT ( 'NONE',  ( -7.249999999999965361, -30.09999999999999787, -1.500000000000004441 ) ) ;
#71 = DIRECTION ( 'NONE',  ( 0.000000000000000000, 0.000000000000000000, 1.000000000000000000 ) ) ;
#72 = ORIENTED_EDGE ( 'NONE', *, *, #4143, .F. ) ;
#73 = AXIS2_PLACEMENT_3D ( 'NONE', #4095, #3427, #166 ) ;
#74 = ADVANCED_FACE ( 'NONE', ( #4176 ), #555, .F. ) ;
#75 = DIRECTION ( 'NONE',  ( 1.398970545142587034E-16, -1.000000000000000000, 0.000000000000000000 ) ) ;
#76 = ORIENTED_EDGE ( 'NONE', *, *, #3212, .T. ) ;
#77 = FACE_OUTER_BOUND ( 'NONE', #2711, .T. ) ;
#78 = FACE_OUTER_BOUND ( 'NONE', #2521, .T. ) ;
#79 = ORIENTED_EDGE ( 'NONE', *, *, #2200, .F. ) ;
#80 = DIRECTION ( 'NONE',  ( -0.000000000000000000, 6.162975822039154730E-31, -1.000000000000000000 ) ) ;
#81 = LINE ( 'NONE', #3678, #1754 ) ;
#82 = EDGE_LOOP ( 'NONE', ( #4073, #4441, #2436, #3179 ) ) ;
#83 = LINE ( 'NONE', #2630, #3069 ) ;
#84 = CARTESIAN_POINT ( 'NONE',  ( -7.806188013644372425, -22.00000000000000000, -1.500000000000003109 ) ) ;
#85 = VECTOR ( 'NONE', #1446, 1000.000000000000000 ) ;
#86 = DIRECTION ( 'NONE',  ( -0.000000000000000000, -1.049697225128599695E-16, 1.000000000000000000 ) ) ;
#87 = ORIENTED_EDGE ( 'NONE', *, *, #4103, .T. ) ;
#88 = ORIENTED_EDGE ( 'NONE', *, *, #4419, .F. ) ;
#89 = EDGE_CURVE ( 'NONE', #2336, #3290, #2343, .T. ) ;
#90 = DIRECTION ( 'NONE',  ( 0.000000000000000000, 1.000000000000000000, 0.000000000000000000 ) ) ;
#91 = CARTESIAN_POINT ( 'NONE',  ( 13.00000000000000000, -23.09999999999999787, 15.99999999999999645 ) ) ;
#92 = CARTESIAN_POINT ( 'NONE',  ( 9.099999999999997868, -22.49999999999999645, 0.3500000000000069722 ) ) ;
#93 = ORIENTED_EDGE ( 'NONE', *, *, #395, .F. ) ;
#94 = DIRECTION ( 'NONE',  ( 0.000000000000000000, -0.7071067811865237029, 0.7071067811865713315 ) ) ;
#95 = VERTEX_POINT ( 'NONE', #933 ) ;
#96 = DIRECTION ( 'NONE',  ( 1.000000000000000000, 3.491481338843133355E-15, 0.000000000000000000 ) ) ;
#97 =( BOUNDED_CURVE ( )  B_SPLINE_CURVE ( 3, ( #2259, #2995, #1233, #2685 ),
 .UNSPECIFIED., .F., .T. ) 
 B_SPLINE_CURVE_WITH_KNOTS ( ( 4, 4 ),
 ( 2.891205793294678326E-16, 1.570796326794897224 ),
 .UNSPECIFIED. ) 
 CURVE ( )  GEOMETRIC_REPRESENTATION_ITEM ( )  RATIONAL_B_SPLINE_CURVE ( ( 1.000000000000000000, 0.8047378541243649375, 0.8047378541243649375, 1.000000000000000000 ) ) 
 REPRESENTATION_ITEM ( '' )  );
#98 = EDGE_LOOP ( 'NONE', ( #735, #2682, #2673, #4229, #1219, #1892, #1016 ) ) ;
#99 = VECTOR ( 'NONE', #455, 1000.000000000000000 ) ;
#100 = CARTESIAN_POINT ( 'NONE',  ( 1.099999999999989875, -1.836970143975040049E-15, -7.500000000000007105 ) ) ;
#101 = ORIENTED_EDGE ( 'NONE', *, *, #808, .F. ) ;
#102 = EDGE_CURVE ( 'NONE', #3793, #1465, #3844, .T. ) ;
#103 = AXIS2_PLACEMENT_3D ( 'NONE', #109, #3987, #2175 ) ;
#104 = LINE ( 'NONE', #2600, #787 ) ;
#105 = ADVANCED_FACE ( 'NONE', ( #3151 ), #581, .F. ) ;
#106 = ORIENTED_EDGE ( 'NONE', *, *, #947, .F. ) ;
#107 = ADVANCED_FACE ( 'NONE', ( #2410 ), #2772, .F. ) ;
#108 = AXIS2_PLACEMENT_3D ( 'NONE', #3511, #1245, #2050 ) ;
#109 = CARTESIAN_POINT ( 'NONE',  ( 0.000000000000000000, -1.836970143975040049E-15, -7.500000000000007105 ) ) ;
#110 = VECTOR ( 'NONE', #2575, 1000.000000000000000 ) ;
#111 = CARTESIAN_POINT ( 'NONE',  ( -30.95225575956425601, 1.719844002960767115, -13.64288448352115779 ) ) ;
#112 = ORIENTED_EDGE ( 'NONE', *, *, #4064, .T. ) ;
#113 = ORIENTED_EDGE ( 'NONE', *, *, #678, .F. ) ;
#114 = VECTOR ( 'NONE', #4311, 1000.000000000000000 ) ;
#115 = EDGE_CURVE ( 'NONE', #4348, #721, #3105, .T. ) ;
#116 = FACE_OUTER_BOUND ( 'NONE', #4505, .T. ) ;
#117 = LINE ( 'NONE', #473, #61 ) ;
#118 = VERTEX_POINT ( 'NONE', #2029 ) ;
#119 = CARTESIAN_POINT ( 'NONE',  ( -7.349999999999995204, -22.07142125289667689, -7.000000000000002665 ) ) ;
#120 = ORIENTED_EDGE ( 'NONE', *, *, #3399, .T. ) ;
#121 = CARTESIAN_POINT ( 'NONE',  ( 9.250000000000003553, -19.42071491318185750, 16.09999999999998721 ) ) ;
#122 = CARTESIAN_POINT ( 'NONE',  ( -16.50000000000000000, 16.50000000000000355, -10.75064546427067391 ) ) ;
#123 = AXIS2_PLACEMENT_3D ( 'NONE', #585, #4281, #2031 ) ;
#124 = VERTEX_POINT ( 'NONE', #2747 ) ;
#125 = ORIENTED_EDGE ( 'NONE', *, *, #4310, .F. ) ;
#126 = CARTESIAN_POINT ( 'NONE',  ( -8.250000000000001776, -29.10000000000000142, -7.000000000000002665 ) ) ;
#127 = ORIENTED_EDGE ( 'NONE', *, *, #523, .F. ) ;
#128 = VECTOR ( 'NONE', #205, 1000.000000000000000 ) ;
#129 = LINE ( 'NONE', #1575, #2825 ) ;
#130 = ORIENTED_EDGE ( 'NONE', *, *, #4698, .T. ) ;
#131 = EDGE_CURVE ( 'NONE', #3290, #3188, #1109, .T. ) ;
#132 = CARTESIAN_POINT ( 'NONE',  ( -7.849999999999997868, -24.80000000000000071, -1.500000000000003109 ) ) ;
#133 = EDGE_CURVE ( 'NONE', #1954, #4002, #1629, .T. ) ;
#134 = CARTESIAN_POINT ( 'NONE',  ( 0.000000000000000000, -1.866583882007851121E-15, -12.84288448352115886 ) ) ;
#135 = ORIENTED_EDGE ( 'NONE', *, *, #4353, .F. ) ;
#136 = ORIENTED_EDGE ( 'NONE', *, *, #750, .F. ) ;
#137 = VECTOR ( 'NONE', #2678, 1000.000000000000000 ) ;
#138 = FACE_OUTER_BOUND ( 'NONE', #1782, .T. ) ;
#139 = DIRECTION ( 'NONE',  ( -0.000000000000000000, 6.162975822039154730E-31, -1.000000000000000000 ) ) ;
#140 = AXIS2_PLACEMENT_3D ( 'NONE', #1516, #2968, #1824 ) ;
#141 = DIRECTION ( 'NONE',  ( 0.000000000000000000, 0.000000000000000000, 1.000000000000000000 ) ) ;
#142 = ORIENTED_EDGE ( 'NONE', *, *, #2744, .F. ) ;
#143 = DIRECTION ( 'NONE',  ( 0.000000000000000000, 1.000000000000000000, 0.000000000000000000 ) ) ;
#144 = DIRECTION ( 'NONE',  ( 1.000000000000000000, -1.445602896647339163E-16, 0.000000000000000000 ) ) ;
#145 = CARTESIAN_POINT ( 'NONE',  ( 7.349999999999996092, -20.32857874710332169, -1.399999999999975708 ) ) ;
#146 = CONICAL_SURFACE ( 'NONE', #979, 0.7499999999999988898, 1.029744258676651425 ) ;
#147 = ORIENTED_EDGE ( 'NONE', *, *, #1940, .F. ) ;
#148 = EDGE_CURVE ( 'NONE', #4606, #1066, #3044, .T. ) ;
#149 = ORIENTED_EDGE ( 'NONE', *, *, #395, .T. ) ;
#150 = LINE ( 'NONE', #100, #465 ) ;
#151 = VERTEX_POINT ( 'NONE', #3912 ) ;
#152 = AXIS2_PLACEMENT_3D ( 'NONE', #1726, #2470, #1280 ) ;
#153 = CARTESIAN_POINT ( 'NONE',  ( -7.349999999999995204, -20.32857874710331814, -7.000000000000002665 ) ) ;
#154 = DIRECTION ( 'NONE',  ( -0.000000000000000000, -1.049697225128599695E-16, 1.000000000000000000 ) ) ;
#155 = DIRECTION ( 'NONE',  ( -0.000000000000000000, -0.000000000000000000, 1.000000000000000000 ) ) ;
#156 = LINE ( 'NONE', #4493, #137 ) ;
#157 = DIRECTION ( 'NONE',  ( 0.000000000000000000, 1.000000000000000000, 0.000000000000000000 ) ) ;
#158 = ORIENTED_EDGE ( 'NONE', *, *, #4100, .F. ) ;
#159 = ORIENTED_EDGE ( 'NONE', *, *, #3429, .F. ) ;
#160 = CIRCLE ( 'NONE', #4499, 30.00000000000000000 ) ;
#161 = CARTESIAN_POINT ( 'NONE',  ( 4.375000000000000000, -21.19999999999999574, -7.200000000000001954 ) ) ;
#162 = DIRECTION ( 'NONE',  ( 0.000000000000000000, 1.000000000000000000, 0.000000000000000000 ) ) ;
#163 = CIRCLE ( 'NONE', #996, 1.250000000000001110 ) ;
#164 = ORIENTED_EDGE ( 'NONE', *, *, #1872, .T. ) ;
#165 = EDGE_CURVE ( 'NONE', #2964, #3680, #2462, .T. ) ;
#166 = DIRECTION ( 'NONE',  ( 1.000000000000000000, 0.000000000000000000, 0.000000000000000000 ) ) ;
#167 = DIRECTION ( 'NONE',  ( -0.000000000000000000, -0.000000000000000000, -1.000000000000000000 ) ) ;
#168 = DIRECTION ( 'NONE',  ( 0.6427876096865471345, -0.7660444431189714631, -8.041147262671677598E-17 ) ) ;
#169 = EDGE_LOOP ( 'NONE', ( #1530, #3013, #3638, #2424 ) ) ;
#170 = EDGE_CURVE ( 'NONE', #2870, #2219, #2937, .T. ) ;
#171 = DIRECTION ( 'NONE',  ( -0.000000000000000000, 6.162975822039154730E-31, -1.000000000000000000 ) ) ;
#172 = ORIENTED_EDGE ( 'NONE', *, *, #2223, .F. ) ;
#173 = CARTESIAN_POINT ( 'NONE',  ( -1.099999999999989875, -1.089935596495155212E-15, -7.500000000000007105 ) ) ;
#174 = FACE_OUTER_BOUND ( 'NONE', #2589, .T. ) ;
#175 = EDGE_CURVE ( 'NONE', #2324, #255, #3818, .T. ) ;
#176 = DIRECTION ( 'NONE',  ( -0.000000000000000000, -0.000000000000000000, 1.000000000000000000 ) ) ;
#177 = DIRECTION ( 'NONE',  ( 1.000000000000000000, 1.416100796715760617E-16, 0.000000000000000000 ) ) ;
#178 = FACE_OUTER_BOUND ( 'NONE', #4297, .T. ) ;
#179 = VECTOR ( 'NONE', #2127, 1000.000000000000000 ) ;
#180 = CARTESIAN_POINT ( 'NONE',  ( -7.349999999999995204, -24.29999999999999361, -7.200000000000002842 ) ) ;
#181 = ORIENTED_EDGE ( 'NONE', *, *, #1894, .F. ) ;
#182 = VERTEX_POINT ( 'NONE', #1669 ) ;
#183 = CIRCLE ( 'NONE', #2154, 0.7499999999999988898 ) ;
#184 = AXIS2_PLACEMENT_3D ( 'NONE', #3517, #253, #1506 ) ;
#185 = CARTESIAN_POINT ( 'NONE',  ( -2.614672282429749917, 29.88584094275235614, -14.64288448352113114 ) ) ;
#186 = CARTESIAN_POINT ( 'NONE',  ( -30.95225575956423825, -1.719844002961016471, -13.64288448352115779 ) ) ;
#187 = EDGE_LOOP ( 'NONE', ( #1147, #1838 ) ) ;
#188 = ADVANCED_FACE ( 'NONE', ( #174 ), #2769, .T. ) ;
#189 = PLANE ( 'NONE',  #2732 ) ;
#190 = ADVANCED_FACE ( 'NONE', ( #2364 ), #1292, .F. ) ;
#191 = ADVANCED_FACE ( 'NONE', ( #3149 ), #4580, .F. ) ;
#192 = FACE_OUTER_BOUND ( 'NONE', #3198, .T. ) ;
#193 = DIRECTION ( 'NONE',  ( 1.000000000000000000, 0.000000000000000000, 0.000000000000000000 ) ) ;
#194 = ORIENTED_EDGE ( 'NONE', *, *, #3550, .T. ) ;
#195 = EDGE_CURVE ( 'NONE', #3659, #2855, #604, .T. ) ;
#196 = CARTESIAN_POINT ( 'NONE',  ( 7.849999999999997868, -24.29999999999999716, -7.000000000000002665 ) ) ;
#197 = ORIENTED_EDGE ( 'NONE', *, *, #1247, .F. ) ;
#198 = DIRECTION ( 'NONE',  ( 1.000000000000000000, -2.051189749233279761E-16, 0.000000000000000000 ) ) ;
#199 = EDGE_CURVE ( 'NONE', #124, #4029, #1624, .T. ) ;
#200 = DIRECTION ( 'NONE',  ( 0.7071067811865440200, -2.044391222244488497E-16, 0.7071067811865511255 ) ) ;
#201 = CARTESIAN_POINT ( 'NONE',  ( 7.349999999999995204, -18.09999999999999787, -7.000000000000002665 ) ) ;
#202 = DIRECTION ( 'NONE',  ( -0.000000000000000000, -0.000000000000000000, 1.000000000000000000 ) ) ;
#203 = CIRCLE ( 'NONE', #123, 30.99999999999997513 ) ;
#204 = CYLINDRICAL_SURFACE ( 'NONE', #4550, 0.5000000000000004441 ) ;
#205 = DIRECTION ( 'NONE',  ( 1.398970545142587034E-16, -1.000000000000000000, 0.000000000000000000 ) ) ;
#206 = VERTEX_POINT ( 'NONE', #2386 ) ;
#207 = ORIENTED_EDGE ( 'NONE', *, *, #4618, .F. ) ;
#208 = LINE ( 'NONE', #4183, #983 ) ;
#209 = CARTESIAN_POINT ( 'NONE',  ( 0.000000000000000000, 38.36880897422129522, 17.50000000000000000 ) ) ;
#210 = VERTEX_POINT ( 'NONE', #4223 ) ;
#211 = CARTESIAN_POINT ( 'NONE',  ( -30.24321410188992587, -2.314800596404850364, -12.17276219036981999 ) ) ;
#212 = ADVANCED_FACE ( 'NONE', ( #4199 ), #507, .F. ) ;
#213 = AXIS2_PLACEMENT_3D ( 'NONE', #2852, #4626, #2095 ) ;
#214 = AXIS2_PLACEMENT_3D ( 'NONE', #2955, #1075, #434 ) ;
#215 = CARTESIAN_POINT ( 'NONE',  ( 9.099999999999997868, -22.50000000000000000, -1.500000000000003109 ) ) ;
#216 = LINE ( 'NONE', #1950, #437 ) ;
#217 = ORIENTED_EDGE ( 'NONE', *, *, #2064, .F. ) ;
#218 = CARTESIAN_POINT ( 'NONE',  ( 7.349999999999995204, -18.09999999999999787, -7.200000000000002842 ) ) ;
#219 = VERTEX_POINT ( 'NONE', #3079 ) ;
#220 = DIRECTION ( 'NONE',  ( -1.000000000000000000, 2.102695122396129669E-16, 2.207193235270658624E-32 ) ) ;
#221 = CARTESIAN_POINT ( 'NONE',  ( 4.375000000000000000, -21.19999999999999574, -7.200000000000001954 ) ) ;
#222 = AXIS2_PLACEMENT_3D ( 'NONE', #161, #1612, #3014 ) ;
#223 = PLANE ( 'NONE',  #2972 ) ;
#224 = CARTESIAN_POINT ( 'NONE',  ( 10.25000000000000178, -27.10000000000000142, 16.49999999999999645 ) ) ;
#225 = VECTOR ( 'NONE', #4112, 1000.000000000000000 ) ;
#226 = DIRECTION ( 'NONE',  ( -0.000000000000000000, 0.000000000000000000, -1.000000000000000000 ) ) ;
#227 = CARTESIAN_POINT ( 'NONE',  ( 7.349999999999995204, -18.09999999999999787, -7.200000000000002842 ) ) ;
#228 = ORIENTED_EDGE ( 'NONE', *, *, #4622, .T. ) ;
#229 = VERTEX_POINT ( 'NONE', #1646 ) ;
#230 = EDGE_CURVE ( 'NONE', #3743, #3110, #4533, .T. ) ;
#231 = CARTESIAN_POINT ( 'NONE',  ( 0.000000000000000000, 4.562811923007712982E-15, -12.84288448352115886 ) ) ;
#232 = VECTOR ( 'NONE', #2164, 1000.000000000000000 ) ;
#233 = DIRECTION ( 'NONE',  ( 0.000000000000000000, -1.049697225128599695E-16, 1.000000000000000000 ) ) ;
#234 = ADVANCED_FACE ( 'NONE', ( #2768 ), #4174, .T. ) ;
#235 = ORIENTED_EDGE ( 'NONE', *, *, #2599, .F. ) ;
#236 = CIRCLE ( 'NONE', #2509, 0.7499999999999972244 ) ;
#237 = VERTEX_POINT ( 'NONE', #3101 ) ;
#238 = LINE ( 'NONE', #265, #447 ) ;
#239 = VECTOR ( 'NONE', #3039, 1000.000000000000000 ) ;
#240 = FACE_OUTER_BOUND ( 'NONE', #527, .T. ) ;
#241 = PLANE ( 'NONE',  #2022 ) ;
#242 = ORIENTED_EDGE ( 'NONE', *, *, #4182, .T. ) ;
#243 = CARTESIAN_POINT ( 'NONE',  ( -9.649999999999995026, -17.10000000000000142, 17.49999999999999645 ) ) ;
#244 = ORIENTED_EDGE ( 'NONE', *, *, #2849, .F. ) ;
#245 = CYLINDRICAL_SURFACE ( 'NONE', #558, 0.7499999999999972244 ) ;
#246 = CARTESIAN_POINT ( 'NONE',  ( 12.25000000000000355, -26.10000000000000142, 17.09999999999999787 ) ) ;
#247 = LINE ( 'NONE', #912, #3413 ) ;
#248 = CARTESIAN_POINT ( 'NONE',  ( 0.000000000000000000, 4.751757423530858777E-15, -14.64288448352113470 ) ) ;
#249 = EDGE_CURVE ( 'NONE', #2015, #2417, #931, .T. ) ;
#250 = EDGE_CURVE ( 'NONE', #618, #2705, #2340, .T. ) ;
#251 = ADVANCED_FACE ( 'NONE', ( #2027 ), #1980, .T. ) ;
#252 = CARTESIAN_POINT ( 'NONE',  ( -2.614672282429750805, 29.88584094275236680, -11.84288448352117662 ) ) ;
#253 = DIRECTION ( 'NONE',  ( -0.000000000000000000, 6.162975822039154730E-31, -1.000000000000000000 ) ) ;
#254 = ORIENTED_EDGE ( 'NONE', *, *, #2698, .F. ) ;
#255 = VERTEX_POINT ( 'NONE', #153 ) ;
#256 = EDGE_CURVE ( 'NONE', #2855, #1637, #183, .T. ) ;
#257 = CARTESIAN_POINT ( 'NONE',  ( -11.50000000000000178, -23.10000000000000142, 9.750645464270666807 ) ) ;
#258 = PLANE ( 'NONE',  #4136 ) ;
#259 = CIRCLE ( 'NONE', #1317, 0.7500000000000006661 ) ;
#260 = EDGE_CURVE ( 'NONE', #2954, #1277, #710, .T. ) ;
#261 = CARTESIAN_POINT ( 'NONE',  ( 0.000000000000000000, 0.000000000000000000, 0.000000000000000000 ) ) ;
#262 = ORIENTED_EDGE ( 'NONE', *, *, #4543, .F. ) ;
#263 = VECTOR ( 'NONE', #3343, 1000.000000000000000 ) ;
#264 = ORIENTED_EDGE ( 'NONE', *, *, #3916, .T. ) ;
#265 = CARTESIAN_POINT ( 'NONE',  ( 10.25000000000000355, -20.09999999999999787, 17.09999999999999787 ) ) ;
#266 = VECTOR ( 'NONE', #1521, 1000.000000000000000 ) ;
#267 = DIRECTION ( 'NONE',  ( 1.000000000000000000, 1.416100796715760617E-16, 1.486477076814933186E-32 ) ) ;
#268 = LINE ( 'NONE', #2160, #62 ) ;
#269 = ORIENTED_EDGE ( 'NONE', *, *, #4387, .F. ) ;
#270 = CARTESIAN_POINT ( 'NONE',  ( 0.000000000000000000, -1.866583882007851121E-15, -12.84288448352115886 ) ) ;
#271 = VERTEX_POINT ( 'NONE', #3438 ) ;
#272 = CARTESIAN_POINT ( 'NONE',  ( 0.000000000000000000, 29.48577027834452480, -17.50000000000000000 ) ) ;
#273 = CARTESIAN_POINT ( 'NONE',  ( 8.250000000000001776, -30.09999999999999787, 17.09999999999999787 ) ) ;
#274 = CARTESIAN_POINT ( 'NONE',  ( -7.349999999999995204, -22.20467656487052110, -7.000000000000002665 ) ) ;
#275 = EDGE_CURVE ( 'NONE', #3267, #1312, #1602, .T. ) ;
#276 = DIRECTION ( 'NONE',  ( 0.000000000000000000, 1.000000000000000000, 0.000000000000000000 ) ) ;
#277 = DIRECTION ( 'NONE',  ( 0.000000000000000000, 1.000000000000000000, 0.000000000000000000 ) ) ;
#278 = ORIENTED_EDGE ( 'NONE', *, *, #4083, .F. ) ;
#279 = EDGE_CURVE ( 'NONE', #4133, #2762, #1761, .T. ) ;
#280 = VECTOR ( 'NONE', #1165, 1000.000000000000000 ) ;
#281 = ORIENTED_EDGE ( 'NONE', *, *, #1505, .T. ) ;
#282 = EDGE_CURVE ( 'NONE', #804, #3188, #1024, .T. ) ;
#283 = DIRECTION ( 'NONE',  ( 0.000000000000000000, 1.000000000000000000, 0.000000000000000000 ) ) ;
#284 = CONICAL_SURFACE ( 'NONE', #3553, 30.99999999999997513, 0.7853981633974466137 ) ;
#285 = VECTOR ( 'NONE', #1718, 1000.000000000000000 ) ;
#286 = DIRECTION ( 'NONE',  ( 1.000000000000000000, 1.416100796715760617E-16, 1.486477076814933186E-32 ) ) ;
#287 = EDGE_LOOP ( 'NONE', ( #101, #1868, #811 ) ) ;
#288 = DIRECTION ( 'NONE',  ( 1.000000000000000000, 0.000000000000000000, 0.000000000000000000 ) ) ;
#289 = DIRECTION ( 'NONE',  ( 0.000000000000000000, -1.049697225128599695E-16, 1.000000000000000000 ) ) ;
#290 = PLANE ( 'NONE',  #1652 ) ;
#291 = ORIENTED_EDGE ( 'NONE', *, *, #133, .F. ) ;
#292 = VECTOR ( 'NONE', #1397, 1000.000000000000114 ) ;
#293 = CIRCLE ( 'NONE', #1799, 3.099999999999998757 ) ;
#294 = CARTESIAN_POINT ( 'NONE',  ( -2.614672282429749917, -29.88584094275236325, -14.64288448352114180 ) ) ;
#295 = ORIENTED_EDGE ( 'NONE', *, *, #2322, .F. ) ;
#296 = DIRECTION ( 'NONE',  ( -0.7071067811865482389, 2.786639248325634932E-16, -0.7071067811865467956 ) ) ;
#297 = ADVANCED_FACE ( 'NONE', ( #672 ), #316, .F. ) ;
#298 = CARTESIAN_POINT ( 'NONE',  ( -2.614672282429750805, 29.88584094275236680, -11.84288448352117662 ) ) ;
#299 = CARTESIAN_POINT ( 'NONE',  ( 2.614672282429749917, 29.88584094275236680, -14.64288448352113470 ) ) ;
#300 = ORIENTED_EDGE ( 'NONE', *, *, #1940, .T. ) ;
#301 = AXIS2_PLACEMENT_3D ( 'NONE', #3591, #1038, #3641 ) ;
#302 = ORIENTED_EDGE ( 'NONE', *, *, #2929, .T. ) ;
#303 = CARTESIAN_POINT ( 'NONE',  ( 9.099999999999997868, -22.50000000000000000, -7.000000000000002665 ) ) ;
#304 = EDGE_CURVE ( 'NONE', #1330, #549, #4674, .T. ) ;
#305 = CARTESIAN_POINT ( 'NONE',  ( 9.099999999999997868, -24.29999999999999716, -7.000000000000002665 ) ) ;
#306 = ORIENTED_EDGE ( 'NONE', *, *, #781, .T. ) ;
#307 = CYLINDRICAL_SURFACE ( 'NONE', #1128, 1.000000000000000888 ) ;
#308 = FACE_OUTER_BOUND ( 'NONE', #3720, .T. ) ;
#309 = DIRECTION ( 'NONE',  ( 1.000000000000000000, 3.491481338843133355E-15, 0.000000000000000000 ) ) ;
#310 = DIRECTION ( 'NONE',  ( -0.000000000000000000, 6.162975822039154730E-31, -1.000000000000000000 ) ) ;
#311 = VERTEX_POINT ( 'NONE', #3933 ) ;
#312 = CIRCLE ( 'NONE', #762, 30.99999999999997513 ) ;
#313 = EDGE_CURVE ( 'NONE', #4149, #3469, #2915, .T. ) ;
#314 = LINE ( 'NONE', #3532, #2821 ) ;
#315 = ORIENTED_EDGE ( 'NONE', *, *, #1297, .F. ) ;
#316 = PLANE ( 'NONE',  #1322 ) ;
#317 = AXIS2_PLACEMENT_3D ( 'NONE', #2246, #3701, #3984 ) ;
#318 = EDGE_CURVE ( 'NONE', #3282, #681, #3558, .T. ) ;
#319 = DIRECTION ( 'NONE',  ( 1.000000000000000000, 3.491481338843133355E-15, 0.000000000000000000 ) ) ;
#320 = ADVANCED_FACE ( 'NONE', ( #3260 ), #487, .F. ) ;
#321 = CARTESIAN_POINT ( 'NONE',  ( 15.25000000000000355, -23.09999999999999787, 16.49999999999999645 ) ) ;
#322 = VERTEX_POINT ( 'NONE', #1071 ) ;
#323 = VERTEX_POINT ( 'NONE', #2482 ) ;
#324 = DIRECTION ( 'NONE',  ( -0.000000000000000000, 6.162975822039154730E-31, -1.000000000000000000 ) ) ;
#325 = CYLINDRICAL_SURFACE ( 'NONE', #4593, 11.09999999999999964 ) ;
#326 = UNCERTAINTY_MEASURE_WITH_UNIT (LENGTH_MEASURE( 1.000000000000000082E-05 ), #2334, 'distance_accuracy_value', 'NONE');
#327 = VERTEX_POINT ( 'NONE', #2836 ) ;
#328 = AXIS2_PLACEMENT_3D ( 'NONE', #1686, #663, #2069 ) ;
#329 = CARTESIAN_POINT ( 'NONE',  ( 4.747809781703525573E-15, 38.76880897422125827, 7.500000000000000888 ) ) ;
#330 = DIRECTION ( 'NONE',  ( 1.000000000000000000, 0.000000000000000000, 0.000000000000000000 ) ) ;
#331 = FACE_OUTER_BOUND ( 'NONE', #4094, .T. ) ;
#332 = DIRECTION ( 'NONE',  ( -0.000000000000000000, -0.000000000000000000, -1.000000000000000000 ) ) ;
#333 = EDGE_LOOP ( 'NONE', ( #127, #1074, #3147 ) ) ;
#334 = EDGE_CURVE ( 'NONE', #3392, #2099, #335, .T. ) ;
#335 = CIRCLE ( 'NONE', #4214, 29.99999999999999645 ) ;
#336 = AXIS2_PLACEMENT_3D ( 'NONE', #32, #1099, #768 ) ;
#337 = CARTESIAN_POINT ( 'NONE',  ( 7.380487804878045566, -20.44036649973204689, 17.49999999999999645 ) ) ;
#338 = EDGE_CURVE ( 'NONE', #118, #3275, #1702, .T. ) ;
#339 = ORIENTED_EDGE ( 'NONE', *, *, #808, .T. ) ;
#340 = CARTESIAN_POINT ( 'NONE',  ( -8.835786437626905965, -16.10000000000000142, 0.08578643762692182706 ) ) ;
#341 = AXIS2_PLACEMENT_3D ( 'NONE', #3117, #4527, #2043 ) ;
#342 = VERTEX_POINT ( 'NONE', #3581 ) ;
#343 = CARTESIAN_POINT ( 'NONE',  ( -29.88584094275238101, 2.614672282429646888, -11.84288448352118017 ) ) ;
#344 = DIRECTION ( 'NONE',  ( -0.7071067811865511255, -0.000000000000000000, 0.7071067811865440200 ) ) ;
#345 = ORIENTED_EDGE ( 'NONE', *, *, #828, .F. ) ;
#346 = ORIENTED_EDGE ( 'NONE', *, *, #1057, .F. ) ;
#347 = CARTESIAN_POINT ( 'NONE',  ( 0.000000000000000000, -30.49999999999999645, 17.49999999999999645 ) ) ;
#348 = CIRCLE ( 'NONE', #2326, 38.76880897422125827 ) ;
#349 = CARTESIAN_POINT ( 'NONE',  ( 16.50000000000000000, 15.24999999999999645, -17.50000000000000355 ) ) ;
#350 = EDGE_LOOP ( 'NONE', ( #194, #4134, #833, #4672, #3256, #302, #3902, #1712, #4486, #855, #3717, #2730 ) ) ;
#351 = AXIS2_PLACEMENT_3D ( 'NONE', #1580, #4179, #3084 ) ;
#352 = CARTESIAN_POINT ( 'NONE',  ( 16.50000000000000000, -16.49999999999999645, -10.75064546427067391 ) ) ;
#353 = CARTESIAN_POINT ( 'NONE',  ( -1.719844002960904561, 30.95225575956424535, -12.84288448352115530 ) ) ;
#354 = CARTESIAN_POINT ( 'NONE',  ( -12.25000000000000000, -23.10000000000000142, 9.750645464270666807 ) ) ;
#355 = FACE_OUTER_BOUND ( 'NONE', #2377, .T. ) ;
#356 = ORIENTED_EDGE ( 'NONE', *, *, #943, .F. ) ;
#357 = DIRECTION ( 'NONE',  ( -0.000000000000000000, -1.049697225128599695E-16, 1.000000000000000000 ) ) ;
#358 = ORIENTED_EDGE ( 'NONE', *, *, #4039, .T. ) ;
#359 = CARTESIAN_POINT ( 'NONE',  ( -10.25000000000000178, -27.10000000000000497, 17.09999999999999787 ) ) ;
#360 = FACE_OUTER_BOUND ( 'NONE', #2254, .T. ) ;
#361 = ORIENTED_EDGE ( 'NONE', *, *, #610, .T. ) ;
#362 = DIRECTION ( 'NONE',  ( 8.659560562354640733E-17, 0.7071067811865234809, 0.7071067811865716646 ) ) ;
#363 = AXIS2_PLACEMENT_3D ( 'NONE', #2327, #2013, #3375 ) ;
#364 = AXIS2_PLACEMENT_3D ( 'NONE', #1407, #2773, #4227 ) ;
#365 = LINE ( 'NONE', #413, #3512 ) ;
#366 = VERTEX_POINT ( 'NONE', #2501 ) ;
#367 = ORIENTED_EDGE ( 'NONE', *, *, #402, .T. ) ;
#368 = CARTESIAN_POINT ( 'NONE',  ( 8.250000000000001776, -30.09999999999999787, 17.09999999999999787 ) ) ;
#369 = DIRECTION ( 'NONE',  ( 1.445602896647339163E-16, 1.000000000000000000, 1.049697225128599695E-16 ) ) ;
#370 = CARTESIAN_POINT ( 'NONE',  ( 0.000000000000000000, 4.211910128732925518E-15, -9.499998688697816718 ) ) ;
#371 = CIRCLE ( 'NONE', #526, 0.7499999999999988898 ) ;
#372 = EDGE_LOOP ( 'NONE', ( #570, #671, #1030, #1276, #1008 ) ) ;
#373 = EDGE_CURVE ( 'NONE', #1277, #1948, #3953, .T. ) ;
#374 = DIRECTION ( 'NONE',  ( 0.000000000000000000, 1.049697225128599695E-16, -1.000000000000000000 ) ) ;
#375 = EDGE_CURVE ( 'NONE', #1428, #1954, #692, .T. ) ;
#376 = CARTESIAN_POINT ( 'NONE',  ( -7.349999999999997868, -24.29999999999999716, -7.000000000000002665 ) ) ;
#377 = LINE ( 'NONE', #3643, #4471 ) ;
#378 = CARTESIAN_POINT ( 'NONE',  ( 1.719844002960906559, -30.95225575956424890, -12.84288448352116241 ) ) ;
#379 = ORIENTED_EDGE ( 'NONE', *, *, #1014, .T. ) ;
#380 = LINE ( 'NONE', #4406, #2818 ) ;
#381 = ORIENTED_EDGE ( 'NONE', *, *, #599, .T. ) ;
#382 = CARTESIAN_POINT ( 'NONE',  ( 9.099999999999997868, -22.50000000000000000, -7.000000000000002665 ) ) ;
#383 = AXIS2_PLACEMENT_3D ( 'NONE', #3043, #2286, #476 ) ;
#384 = DIRECTION ( 'NONE',  ( 0.000000000000000000, 1.049697225128600065E-16, -1.000000000000000000 ) ) ;
#385 = ORIENTED_EDGE ( 'NONE', *, *, #2702, .T. ) ;
#386 = AXIS2_PLACEMENT_3D ( 'NONE', #626, #3579, #3170 ) ;
#387 = DIRECTION ( 'NONE',  ( 0.000000000000000000, 6.162975822039154730E-31, -1.000000000000000000 ) ) ;
#388 = CIRCLE ( 'NONE', #317, 3.099999999999998757 ) ;
#389 = CARTESIAN_POINT ( 'NONE',  ( -9.250000000000000000, -17.10000000000000142, -7.000000000000002665 ) ) ;
#390 = VERTEX_POINT ( 'NONE', #1361 ) ;
#391 = EDGE_LOOP ( 'NONE', ( #2981, #4088, #3061, #3085 ) ) ;
#392 = EDGE_CURVE ( 'NONE', #229, #3762, #31, .T. ) ;
#393 = FACE_OUTER_BOUND ( 'NONE', #2555, .T. ) ;
#394 = CARTESIAN_POINT ( 'NONE',  ( -16.50000000000000000, -17.24999999999999645, -17.00000000000000355 ) ) ;
#395 = EDGE_CURVE ( 'NONE', #3231, #618, #1427, .T. ) ;
#396 = CARTESIAN_POINT ( 'NONE',  ( 7.249999999999968914, -16.10000000000000142, -1.500000000000002665 ) ) ;
#397 = ADVANCED_FACE ( 'NONE', ( #3976 ), #3238, .F. ) ;
#398 = ORIENTED_EDGE ( 'NONE', *, *, #3428, .T. ) ;
#399 = DIRECTION ( 'NONE',  ( 0.000000000000000000, -1.000000000000000000, -1.118633459394048983E-16 ) ) ;
#400 = ADVANCED_FACE ( 'NONE', ( #714, #2166, #1002, #2437, #3890, #2074 ), #3535, .F. ) ;
#401 = CARTESIAN_POINT ( 'NONE',  ( 2.614672282429749917, 29.88584094275236680, -14.64288448352113470 ) ) ;
#402 = EDGE_CURVE ( 'NONE', #1707, #1576, #834, .T. ) ;
#403 = LINE ( 'NONE', #665, #2368 ) ;
#404 = VERTEX_POINT ( 'NONE', #1833 ) ;
#405 = LINE ( 'NONE', #712, #3344 ) ;
#406 = EDGE_LOOP ( 'NONE', ( #3351, #3612, #2829, #4360 ) ) ;
#407 = DIRECTION ( 'NONE',  ( -1.000000000000000000, 0.000000000000000000, 0.000000000000000000 ) ) ;
#408 = CARTESIAN_POINT ( 'NONE',  ( -4.375000000000000000, -18.09999999999999787, 17.49999999999999645 ) ) ;
#409 = AXIS2_PLACEMENT_3D ( 'NONE', #3485, #1623, #3729 ) ;
#410 = VERTEX_POINT ( 'NONE', #382 ) ;
#411 = DIRECTION ( 'NONE',  ( 0.000000000000000000, -1.000000000000000000, -1.156482317317871971E-16 ) ) ;
#412 = EDGE_LOOP ( 'NONE', ( #3851, #2909, #4588, #2497 ) ) ;
#413 = CARTESIAN_POINT ( 'NONE',  ( -16.50000000000000000, -17.24999999999999289, -17.50000000000000355 ) ) ;
#414 = VERTEX_POINT ( 'NONE', #4097 ) ;
#415 = LINE ( 'NONE', #59, #1360 ) ;
#416 = DIRECTION ( 'NONE',  ( -0.000000000000000000, -1.049697225128599695E-16, 1.000000000000000000 ) ) ;
#417 = EDGE_CURVE ( 'NONE', #4423, #4304, #4056, .T. ) ;
#418 = DIRECTION ( 'NONE',  ( 0.000000000000000000, 0.7071067811865463515, -0.7071067811865487940 ) ) ;
#419 = LINE ( 'NONE', #64, #263 ) ;
#420 = EDGE_LOOP ( 'NONE', ( #172, #4613, #1472, #1852 ) ) ;
#421 = ADVANCED_FACE ( 'NONE', ( #2927 ), #2903, .T. ) ;
#422 = ORIENTED_EDGE ( 'NONE', *, *, #1631, .F. ) ;
#423 = CARTESIAN_POINT ( 'NONE',  ( 0.000000000000000000, -1.836970143975040049E-15, -7.500000000000007105 ) ) ;
#424 = CARTESIAN_POINT ( 'NONE',  ( 30.95225575956426667, -1.719844002960563500, -13.64288448352115779 ) ) ;
#425 = LINE ( 'NONE', #4427, #2976 ) ;
#426 = ORIENTED_EDGE ( 'NONE', *, *, #4387, .T. ) ;
#427 = ADVANCED_FACE ( 'NONE', ( #3744 ), #1878, .F. ) ;
#428 = AXIS2_PLACEMENT_3D ( 'NONE', #4145, #3479, #3791 ) ;
#429 = CARTESIAN_POINT ( 'NONE',  ( 10.25000000000000178, -27.10000000000000142, 17.49999999999999645 ) ) ;
#430 = ORIENTED_EDGE ( 'NONE', *, *, #1935, .F. ) ;
#431 = CARTESIAN_POINT ( 'NONE',  ( 9.650000000000012790, -23.09999999999999787, 16.49999999999999645 ) ) ;
#432 = DIRECTION ( 'NONE',  ( 1.398970545142587034E-16, -1.000000000000000000, 0.000000000000000000 ) ) ;
#433 = ORIENTED_EDGE ( 'NONE', *, *, #4064, .F. ) ;
#434 = DIRECTION ( 'NONE',  ( 0.000000000000000000, 1.000000000000000000, 0.000000000000000000 ) ) ;
#435 = ORIENTED_EDGE ( 'NONE', *, *, #3856, .T. ) ;
#436 = EDGE_CURVE ( 'NONE', #4078, #4423, #2545, .T. ) ;
#437 = VECTOR ( 'NONE', #1663, 1000.000000000000114 ) ;
#438 = CARTESIAN_POINT ( 'NONE',  ( 16.50000000000000000, -17.24999999999999645, -17.00000000000000355 ) ) ;
#439 = CARTESIAN_POINT ( 'NONE',  ( 3.214697902507782051E-15, 1.348114020499964654E-15, -12.84288448352115886 ) ) ;
#440 = CONICAL_SURFACE ( 'NONE', #1044, 1.250000000000001110, 0.7853981633974482790 ) ;
#441 = AXIS2_PLACEMENT_3D ( 'NONE', #3403, #1596, #3118 ) ;
#442 = CARTESIAN_POINT ( 'NONE',  ( 8.250000000000001776, -30.49999999999999645, 17.49999999999999645 ) ) ;
#443 = CARTESIAN_POINT ( 'NONE',  ( -16.50000000000000000, -16.49999999999999645, -10.75064546427067391 ) ) ;
#444 = VERTEX_POINT ( 'NONE', #4024 ) ;
#445 = VERTEX_POINT ( 'NONE', #2242 ) ;
#446 = CARTESIAN_POINT ( 'NONE',  ( 9.250000000000001776, -29.10000000000000142, 17.09999999999999787 ) ) ;
#447 = VECTOR ( 'NONE', #2041, 1000.000000000000114 ) ;
#448 = CARTESIAN_POINT ( 'NONE',  ( 30.24321410188996495, -2.314800596404419153, -14.31300677667248777 ) ) ;
#449 = DIRECTION ( 'NONE',  ( 0.000000000000000000, -1.000000000000000000, -8.949067675152391866E-17 ) ) ;
#450 = ORIENTED_EDGE ( 'NONE', *, *, #4032, .F. ) ;
#451 = AXIS2_PLACEMENT_3D ( 'NONE', #231, #4589, #1325 ) ;
#452 = EDGE_CURVE ( 'NONE', #1144, #3287, #1914, .T. ) ;
#453 = DIRECTION ( 'NONE',  ( 0.000000000000000000, 0.000000000000000000, 1.000000000000000000 ) ) ;
#454 = EDGE_LOOP ( 'NONE', ( #4244, #2675, #875, #481 ) ) ;
#455 = DIRECTION ( 'NONE',  ( -0.000000000000000000, 6.162975822039154730E-31, -1.000000000000000000 ) ) ;
#456 = CARTESIAN_POINT ( 'NONE',  ( -7.349999999999996092, -18.09999999999999787, -7.200000000000002842 ) ) ;
#457 = EDGE_CURVE ( 'NONE', #3962, #1130, #1544, .T. ) ;
#458 = ORIENTED_EDGE ( 'NONE', *, *, #3567, .F. ) ;
#459 = CARTESIAN_POINT ( 'NONE',  ( 9.649999999999998579, -27.10000000000000142, 17.49999999999999645 ) ) ;
#460 = ORIENTED_EDGE ( 'NONE', *, *, #1732, .F. ) ;
#461 = AXIS2_PLACEMENT_3D ( 'NONE', #1, #3329, #1851 ) ;
#462 = ADVANCED_FACE ( 'NONE', ( #2190 ), #3673, .T. ) ;
#463 = CARTESIAN_POINT ( 'NONE',  ( -7.849999999999997868, -24.80000000000000071, -7.000000000000002665 ) ) ;
#464 = EDGE_LOOP ( 'NONE', ( #3387, #4354, #1690, #2592 ) ) ;
#465 = VECTOR ( 'NONE', #529, 1000.000000000000000 ) ;
#466 = CARTESIAN_POINT ( 'NONE',  ( -30.95225575956425956, 1.719844002960764007, 17.50000000000000000 ) ) ;
#467 = CARTESIAN_POINT ( 'NONE',  ( -29.88584094275238101, 2.614672282429646888, -11.84288448352118017 ) ) ;
#468 = VECTOR ( 'NONE', #4504, 1000.000000000000000 ) ;
#469 = DIRECTION ( 'NONE',  ( 0.000000000000000000, -1.049697225128599695E-16, 1.000000000000000000 ) ) ;
#470 = EDGE_LOOP ( 'NONE', ( #3451, #2693 ) ) ;
#471 = ORIENTED_EDGE ( 'NONE', *, *, #2783, .T. ) ;
#472 = CARTESIAN_POINT ( 'NONE',  ( -16.50000000000000000, -16.49999999999999645, -10.75064546427067391 ) ) ;
#473 = CARTESIAN_POINT ( 'NONE',  ( 2.789718569530049290E-15, -19.70000000000000284, 17.49999999999999645 ) ) ;
#474 = LINE ( 'NONE', #2616, #8 ) ;
#475 = VERTEX_POINT ( 'NONE', #3000 ) ;
#476 = DIRECTION ( 'NONE',  ( 0.000000000000000000, -1.000000000000000000, -9.912705577010331712E-17 ) ) ;
#477 = ORIENTED_EDGE ( 'NONE', *, *, #1366, .F. ) ;
#478 = DIRECTION ( 'NONE',  ( 1.445602896647339163E-16, 1.000000000000000000, -0.000000000000000000 ) ) ;
#479 = CARTESIAN_POINT ( 'NONE',  ( -9.249999999999998224, -19.09999999999999787, 17.09999999999999787 ) ) ;
#480 = EDGE_CURVE ( 'NONE', #4187, #1228, #1255, .T. ) ;
#481 = ORIENTED_EDGE ( 'NONE', *, *, #2087, .T. ) ;
#482 = DIRECTION ( 'NONE',  ( -1.338943373472760361E-15, -1.217264376917833110E-17, -1.000000000000000000 ) ) ;
#483 = CIRCLE ( 'NONE', #1696, 30.99999999999997513 ) ;
#484 = CARTESIAN_POINT ( 'NONE',  ( -30.95225575956425601, 1.719844002960767115, -13.64288448352115779 ) ) ;
#485 = CIRCLE ( 'NONE', #1169, 11.09999999999999964 ) ;
#486 = ORIENTED_EDGE ( 'NONE', *, *, #2538, .T. ) ;
#487 = CONICAL_SURFACE ( 'NONE', #4597, 1.249999999999997558, 0.7853981633974466137 ) ;
#488 = CARTESIAN_POINT ( 'NONE',  ( 7.360214704941546060, -22.03984396308287685, -1.389785295058426851 ) ) ;
#489 = VECTOR ( 'NONE', #793, 1000.000000000000000 ) ;
#490 = CARTESIAN_POINT ( 'NONE',  ( 30.59860519837237547, 2.016592058422939537, -12.50624183010349810 ) ) ;
#491 = ORIENTED_EDGE ( 'NONE', *, *, #2644, .F. ) ;
#492 = ORIENTED_EDGE ( 'NONE', *, *, #318, .T. ) ;
#493 = CARTESIAN_POINT ( 'NONE',  ( 12.25000000000000355, -26.10000000000000142, 16.49999999999999645 ) ) ;
#494 = DIRECTION ( 'NONE',  ( 0.7071067811865463515, 7.480775195854898151E-15, -0.7071067811865487940 ) ) ;
#495 = ADVANCED_FACE ( 'NONE', ( #77 ), #2622, .T. ) ;
#496 = CARTESIAN_POINT ( 'NONE',  ( 7.380487804878043789, -21.95963350026795524, -1.369512195121933118 ) ) ;
#497 = ORIENTED_EDGE ( 'NONE', *, *, #891, .F. ) ;
#498 = FACE_OUTER_BOUND ( 'NONE', #4578, .T. ) ;
#499 = LINE ( 'NONE', #4574, #2158 ) ;
#500 = CYLINDRICAL_SURFACE ( 'NONE', #4381, 0.7499999999999972244 ) ;
#501 = VERTEX_POINT ( 'NONE', #809 ) ;
#502 = ORIENTED_EDGE ( 'NONE', *, *, #2373, .F. ) ;
#503 = DIRECTION ( 'NONE',  ( -1.000000000000000000, 0.000000000000000000, 0.000000000000000000 ) ) ;
#504 = EDGE_LOOP ( 'NONE', ( #2256, #3699, #1945, #2260, #4284, #2319, #3284, #1884, #1329, #3259, #3026, #4452 ) ) ;
#505 = EDGE_CURVE ( 'NONE', #4051, #3306, #4004, .T. ) ;
#506 = AXIS2_PLACEMENT_3D ( 'NONE', #4515, #2700, #3128 ) ;
#507 = PLANE ( 'NONE',  #108 ) ;
#508 = CARTESIAN_POINT ( 'NONE',  ( 0.000000000000000000, -29.99999999999999645, -14.64288448352113825 ) ) ;
#509 = B_SPLINE_CURVE_WITH_KNOTS ( 'NONE', 3,
 ( #467, #577, #3100, #1978 ),
 .UNSPECIFIED., .F., .F.,
 ( 4, 4 ),
 ( 3.724609258790015365E-17, 0.001714047318848937063 ),
 .UNSPECIFIED. ) ;
#510 = ORIENTED_EDGE ( 'NONE', *, *, #2288, .F. ) ;
#511 = DIRECTION ( 'NONE',  ( 0.000000000000000000, 1.000000000000000000, 0.000000000000000000 ) ) ;
#512 = FACE_OUTER_BOUND ( 'NONE', #2660, .T. ) ;
#513 = VERTEX_POINT ( 'NONE', #736 ) ;
#514 = VERTEX_POINT ( 'NONE', #1901 ) ;
#515 = ADVANCED_FACE ( 'NONE', ( #3355 ), #3650, .F. ) ;
#516 = CARTESIAN_POINT ( 'NONE',  ( -30.95225575956425601, 1.719844002960767115, -12.84288448352115886 ) ) ;
#517 = MANIFOLD_SOLID_BREP ( 'Chamfer4', #3646 ) ;
#518 = FACE_OUTER_BOUND ( 'NONE', #350, .T. ) ;
#519 = EDGE_CURVE ( 'NONE', #3781, #410, #524, .T. ) ;
#520 = LINE ( 'NONE', #922, #4349 ) ;
#521 = ORIENTED_EDGE ( 'NONE', *, *, #4560, .T. ) ;
#522 = FACE_OUTER_BOUND ( 'NONE', #3458, .T. ) ;
#523 = EDGE_CURVE ( 'NONE', #3962, #1100, #2593, .T. ) ;
#524 = LINE ( 'NONE', #215, #1931 ) ;
#525 = LINE ( 'NONE', #2692, #4687 ) ;
#526 = AXIS2_PLACEMENT_3D ( 'NONE', #4332, #4688, #1415 ) ;
#527 = EDGE_LOOP ( 'NONE', ( #3816, #1926, #822, #2738, #4026 ) ) ;
#528 = ORIENTED_EDGE ( 'NONE', *, *, #971, .T. ) ;
#529 = DIRECTION ( 'NONE',  ( 0.7071067811865516806, 0.000000000000000000, 0.7071067811865434649 ) ) ;
#530 = VERTEX_POINT ( 'NONE', #1238 ) ;
#531 = CARTESIAN_POINT ( 'NONE',  ( -7.249999999999963585, -16.10000000000000142, -1.500000000000002887 ) ) ;
#532 = CARTESIAN_POINT ( 'NONE',  ( 16.50000000000000000, 16.49999999999999645, -10.75064546427067391 ) ) ;
#533 = DIRECTION ( 'NONE',  ( -0.000000000000000000, -0.000000000000000000, 1.000000000000000000 ) ) ;
#534 = DIRECTION ( 'NONE',  ( -0.000000000000000000, 6.162975822039154730E-31, -1.000000000000000000 ) ) ;
#535 = CARTESIAN_POINT ( 'NONE',  ( 16.50000000000000000, -16.49999999999999645, -17.50000000000000355 ) ) ;
#536 = ORIENTED_EDGE ( 'NONE', *, *, #4414, .T. ) ;
#537 = EDGE_CURVE ( 'NONE', #3306, #1948, #2604, .T. ) ;
#538 = ORIENTED_EDGE ( 'NONE', *, *, #1406, .F. ) ;
#539 = ADVANCED_FACE ( 'NONE', ( #192 ), #1308, .T. ) ;
#540 = DIRECTION ( 'NONE',  ( -1.000000000000000000, 0.000000000000000000, 0.000000000000000000 ) ) ;
#541 = EDGE_CURVE ( 'NONE', #1113, #2478, #556, .T. ) ;
#542 = DIRECTION ( 'NONE',  ( -0.000000000000000000, -1.049697225128599695E-16, 1.000000000000000000 ) ) ;
#543 = AXIS2_PLACEMENT_3D ( 'NONE', #2318, #154, #887 ) ;
#544 = ORIENTED_EDGE ( 'NONE', *, *, #1464, .T. ) ;
#545 = DIRECTION ( 'NONE',  ( 0.000000000000000000, 1.000000000000000000, 0.000000000000000000 ) ) ;
#546 = ADVANCED_FACE ( 'NONE', ( #1617 ), #4551, .F. ) ;
#547 = DIRECTION ( 'NONE',  ( 0.000000000000000000, -1.049697225128599695E-16, 1.000000000000000000 ) ) ;
#548 = CARTESIAN_POINT ( 'NONE',  ( -9.099999999999997868, -22.50000000000000000, -1.500000000000003109 ) ) ;
#549 = VERTEX_POINT ( 'NONE', #2691 ) ;
#550 = DIRECTION ( 'NONE',  ( -1.000000000000000000, 0.000000000000000000, 0.000000000000000000 ) ) ;
#551 = ORIENTED_EDGE ( 'NONE', *, *, #44, .F. ) ;
#552 = CARTESIAN_POINT ( 'NONE',  ( 16.50000000000000000, -16.49999999999999645, -17.00000000000000355 ) ) ;
#553 = CARTESIAN_POINT ( 'NONE',  ( 11.50000000000000178, -23.09999999999999787, 9.750645464270666807 ) ) ;
#554 = DIRECTION ( 'NONE',  ( -0.000000000000000000, -1.049697225128599695E-16, 1.000000000000000000 ) ) ;
#555 = PLANE ( 'NONE',  #885 ) ;
#556 = CIRCLE ( 'NONE', #3826, 11.09999999999999964 ) ;
#557 = PLANE ( 'NONE',  #4089 ) ;
#558 = AXIS2_PLACEMENT_3D ( 'NONE', #4607, #3148, #3008 ) ;
#559 = DIRECTION ( 'NONE',  ( -1.247268898962840931E-45, 0.000000000000000000, -1.000000000000000000 ) ) ;
#560 = ORIENTED_EDGE ( 'NONE', *, *, #1203, .T. ) ;
#561 = VERTEX_POINT ( 'NONE', #1262 ) ;
#562 = AXIS2_PLACEMENT_3D ( 'NONE', #1405, #650, #3622 ) ;
#563 = ADVANCED_FACE ( 'NONE', ( #3810 ), #1662, .T. ) ;
#564 = AXIS2_PLACEMENT_3D ( 'NONE', #2056, #1723, #3541 ) ;
#565 = AXIS2_PLACEMENT_3D ( 'NONE', #2129, #3900, #1749 ) ;
#566 = DIRECTION ( 'NONE',  ( 1.000000000000000000, -0.000000000000000000, -0.000000000000000000 ) ) ;
#567 = EDGE_CURVE ( 'NONE', #2705, #3649, #2020, .T. ) ;
#568 = CARTESIAN_POINT ( 'NONE',  ( -7.349999999999996092, -20.32857874710332169, -1.399999999999972378 ) ) ;
#569 = VECTOR ( 'NONE', #3528, 1000.000000000000000 ) ;
#570 = ORIENTED_EDGE ( 'NONE', *, *, #1297, .T. ) ;
#571 = CARTESIAN_POINT ( 'NONE',  ( -29.88584094275235614, -2.614672282429853833, -11.84288448352118017 ) ) ;
#572 = CARTESIAN_POINT ( 'NONE',  ( 4.375000000000000000, -21.19999999999999574, -17.50000000000000355 ) ) ;
#573 = DIRECTION ( 'NONE',  ( 0.000000000000000000, 0.7071067811865474617, 0.7071067811865474617 ) ) ;
#574 = ORIENTED_EDGE ( 'NONE', *, *, #601, .F. ) ;
#575 = LINE ( 'NONE', #977, #2669 ) ;
#576 = EDGE_LOOP ( 'NONE', ( #1644, #3595, #159, #3383, #1457, #4044, #244, #1494, #3804, #1715, #3340, #2262, #1483, #3686, #2197, #491 ) ) ;
#577 = CARTESIAN_POINT ( 'NONE',  ( -30.24321410188993298, 2.314800596404631872, -12.17276219036980756 ) ) ;
#578 = VECTOR ( 'NONE', #4565, 1000.000000000000000 ) ;
#579 = DIRECTION ( 'NONE',  ( 0.000000000000000000, 1.049697225128600065E-16, -1.000000000000000000 ) ) ;
#580 = LINE ( 'NONE', #932, #1607 ) ;
#581 = PLANE ( 'NONE',  #4386 ) ;
#582 = CIRCLE ( 'NONE', #3167, 0.7499999999999972244 ) ;
#583 = CARTESIAN_POINT ( 'NONE',  ( 7.349999999999996092, -22.20467656487052466, -1.399999999999975042 ) ) ;
#584 = ADVANCED_FACE ( 'NONE', ( #877 ), #3478, .T. ) ;
#585 = CARTESIAN_POINT ( 'NONE',  ( 0.000000000000000000, -1.866583882007851121E-15, -12.84288448352115886 ) ) ;
#586 = EDGE_LOOP ( 'NONE', ( #430, #76, #3060, #1093 ) ) ;
#587 = ORIENTED_EDGE ( 'NONE', *, *, #678, .T. ) ;
#588 =( BOUNDED_CURVE ( )  B_SPLINE_CURVE ( 3, ( #1029, #4701, #2484, #2799 ),
 .UNSPECIFIED., .F., .T. ) 
 B_SPLINE_CURVE_WITH_KNOTS ( ( 4, 4 ),
 ( 2.894028542469950782, 3.389156764709638114 ),
 .UNSPECIFIED. ) 
 CURVE ( )  GEOMETRIC_REPRESENTATION_ITEM ( )  RATIONAL_B_SPLINE_CURVE ( ( 1.000000000000000000, 0.9796747967479668695, 0.9796747967479668695, 1.000000000000000000 ) ) 
 REPRESENTATION_ITEM ( '' )  );
#589 = LINE ( 'NONE', #3877, #831 ) ;
#590 = DIRECTION ( 'NONE',  ( 1.000000000000000000, 0.000000000000000000, 0.000000000000000000 ) ) ;
#591 = ORIENTED_EDGE ( 'NONE', *, *, #4517, .T. ) ;
#592 = CIRCLE ( 'NONE', #3244, 38.36880897422129522 ) ;
#593 = DIRECTION ( 'NONE',  ( 1.000000000000000000, 0.000000000000000000, 0.000000000000000000 ) ) ;
#594 = VECTOR ( 'NONE', #3786, 1000.000000000000000 ) ;
#595 = VECTOR ( 'NONE', #3152, 1000.000000000000000 ) ;
#596 = DIRECTION ( 'NONE',  ( 0.000000000000000000, 1.000000000000000000, 0.000000000000000000 ) ) ;
#597 = FACE_OUTER_BOUND ( 'NONE', #3669, .T. ) ;
#598 = ORIENTED_EDGE ( 'NONE', *, *, #3042, .T. ) ;
#599 = EDGE_CURVE ( 'NONE', #3584, #4461, #2380, .T. ) ;
#600 = LINE ( 'NONE', #4577, #232 ) ;
#601 = EDGE_CURVE ( 'NONE', #3299, #4362, #499, .T. ) ;
#602 = VERTEX_POINT ( 'NONE', #2759 ) ;
#603 = DIRECTION ( 'NONE',  ( 0.000000000000000000, 0.000000000000000000, 1.000000000000000000 ) ) ;
#604 = LINE ( 'NONE', #553, #2992 ) ;
#605 = AXIS2_PLACEMENT_3D ( 'NONE', #4625, #1661, #2830 ) ;
#606 = EDGE_CURVE ( 'NONE', #2954, #2870, #4121, .T. ) ;
#607 = PLANE ( 'NONE',  #506 ) ;
#608 = VECTOR ( 'NONE', #1941, 1000.000000000000000 ) ;
#609 = DIRECTION ( 'NONE',  ( -1.000000000000000000, -0.000000000000000000, -0.000000000000000000 ) ) ;
#610 = EDGE_CURVE ( 'NONE', #3743, #4692, #3402, .T. ) ;
#611 = DIRECTION ( 'NONE',  ( -0.000000000000000000, 6.162975822039154730E-31, -1.000000000000000000 ) ) ;
#612 = FACE_OUTER_BOUND ( 'NONE', #454, .T. ) ;
#613 = ORIENTED_EDGE ( 'NONE', *, *, #1237, .F. ) ;
#614 = ORIENTED_EDGE ( 'NONE', *, *, #1382, .F. ) ;
#615 = DIRECTION ( 'NONE',  ( -0.000000000000000000, 6.162975822039154730E-31, -1.000000000000000000 ) ) ;
#616 = CONICAL_SURFACE ( 'NONE', #383, 34.99999999999997868, 0.2181661564992913860 ) ;
#617 = CARTESIAN_POINT ( 'NONE',  ( 16.50000000000000000, 15.75000000000000000, -10.75064546427067391 ) ) ;
#618 = VERTEX_POINT ( 'NONE', #3551 ) ;
#619 = AXIS2_PLACEMENT_3D ( 'NONE', #4530, #1243, #2315 ) ;
#620 = ORIENTED_EDGE ( 'NONE', *, *, #3797, .F. ) ;
#621 = CIRCLE ( 'NONE', #4195, 0.9999999999999991118 ) ;
#622 = DIRECTION ( 'NONE',  ( 1.445602896647339163E-16, 1.000000000000000000, 0.000000000000000000 ) ) ;
#623 = DIRECTION ( 'NONE',  ( -0.000000000000000000, -0.000000000000000000, -1.000000000000000000 ) ) ;
#624 = ORIENTED_EDGE ( 'NONE', *, *, #3923, .F. ) ;
#625 = EDGE_CURVE ( 'NONE', #255, #3469, #4436, .T. ) ;
#626 = CARTESIAN_POINT ( 'NONE',  ( -4.375000000000000000, -21.19999999999999574, -7.200000000000001954 ) ) ;
#627 = B_SPLINE_CURVE_WITH_KNOTS ( 'NONE', 3,
 ( #1932, #911, #1670, #1603 ),
 .UNSPECIFIED., .F., .F.,
 ( 4, 4 ),
 ( 1.177345717488980092E-17, 0.001714047318848893695 ),
 .UNSPECIFIED. ) ;
#628 = ORIENTED_EDGE ( 'NONE', *, *, #417, .T. ) ;
#629 = EDGE_CURVE ( 'NONE', #1999, #2149, #706, .T. ) ;
#630 = CARTESIAN_POINT ( 'NONE',  ( -9.250000000000000000, -17.10000000000000142, 0.5000000000000108802 ) ) ;
#631 = DIRECTION ( 'NONE',  ( -0.7071067811865450192, 8.659560562354902043E-17, 0.7071067811865500152 ) ) ;
#632 = DIRECTION ( 'NONE',  ( 1.000000000000000000, 0.000000000000000000, -0.000000000000000000 ) ) ;
#633 = CARTESIAN_POINT ( 'NONE',  ( 9.250000000000001776, -29.10000000000000497, 17.09999999999999787 ) ) ;
#634 = DIRECTION ( 'NONE',  ( 0.000000000000000000, 0.000000000000000000, 1.000000000000000000 ) ) ;
#635 = ORIENTED_EDGE ( 'NONE', *, *, #250, .F. ) ;
#636 = EDGE_CURVE ( 'NONE', #1518, #4413, #2984, .T. ) ;
#637 = ORIENTED_EDGE ( 'NONE', *, *, #3916, .F. ) ;
#638 = LINE ( 'NONE', #2089, #1210 ) ;
#639 = DIRECTION ( 'NONE',  ( -1.000000000000000000, -1.047444401652939849E-14, 0.000000000000000000 ) ) ;
#640 = CIRCLE ( 'NONE', #3450, 3.000000000000002665 ) ;
#641 = ORIENTED_EDGE ( 'NONE', *, *, #373, .T. ) ;
#642 = AXIS2_PLACEMENT_3D ( 'NONE', #4306, #1373, #1681 ) ;
#643 = DIRECTION ( 'NONE',  ( 1.000000000000000000, 3.491481338843133355E-15, 0.000000000000000000 ) ) ;
#644 = ADVANCED_FACE ( 'NONE', ( #2114 ), #3988, .F. ) ;
#645 = CARTESIAN_POINT ( 'NONE',  ( 16.50000000000000000, -15.24999999999999645, -17.50000000000000355 ) ) ;
#646 = FACE_OUTER_BOUND ( 'NONE', #3795, .T. ) ;
#647 = EDGE_LOOP ( 'NONE', ( #2696, #147, #1504, #4265 ) ) ;
#648 = LINE ( 'NONE', #2815, #1224 ) ;
#649 = EDGE_LOOP ( 'NONE', ( #1306, #2734, #4226, #2986, #3965 ) ) ;
#650 = DIRECTION ( 'NONE',  ( -0.000000000000000000, -0.000000000000000000, -1.000000000000000000 ) ) ;
#651 = CARTESIAN_POINT ( 'NONE',  ( 7.507157676348546360, -20.94153548953538646, -1.242842323651430991 ) ) ;
#652 = DIRECTION ( 'NONE',  ( 0.7071067811865485719, -2.799475850411171651E-17, -0.7071067811865464625 ) ) ;
#653 = DIRECTION ( 'NONE',  ( -1.000000000000000000, 0.000000000000000000, 0.000000000000000000 ) ) ;
#654 = ORIENTED_EDGE ( 'NONE', *, *, #1585, .T. ) ;
#655 = VECTOR ( 'NONE', #2594, 1000.000000000000000 ) ;
#656 = ORIENTED_EDGE ( 'NONE', *, *, #2861, .F. ) ;
#657 = CARTESIAN_POINT ( 'NONE',  ( -10.24999999999999822, -19.70000000000000284, 17.49999999999999645 ) ) ;
#658 = CARTESIAN_POINT ( 'NONE',  ( 8.349999999999994316, -22.20467656487052110, -7.000000000000002665 ) ) ;
#659 = ADVANCED_FACE ( 'NONE', ( #2831 ), #1019, .F. ) ;
#660 = VERTEX_POINT ( 'NONE', #3592 ) ;
#661 = CARTESIAN_POINT ( 'NONE',  ( 3.214697902507782051E-15, -1.836970143975015989E-15, 17.50000000000000000 ) ) ;
#662 = EDGE_CURVE ( 'NONE', #95, #1615, #1710, .T. ) ;
#663 = DIRECTION ( 'NONE',  ( 0.000000000000000000, 0.000000000000000000, 1.000000000000000000 ) ) ;
#664 = CARTESIAN_POINT ( 'NONE',  ( 4.375000000000000000, -24.29999999999999716, -17.50000000000000711 ) ) ;
#665 = CARTESIAN_POINT ( 'NONE',  ( -10.25000000000000178, -26.10000000000000497, 16.49999999999999645 ) ) ;
#666 = ORIENTED_EDGE ( 'NONE', *, *, #4438, .F. ) ;
#667 = ADVANCED_FACE ( 'NONE', ( #308 ), #3947, .F. ) ;
#668 = CIRCLE ( 'NONE', #1199, 0.7499999999999988898 ) ;
#669 = AXIS2_PLACEMENT_3D ( 'NONE', #354, #1711, #4648 ) ;
#670 = FACE_OUTER_BOUND ( 'NONE', #586, .T. ) ;
#671 = ORIENTED_EDGE ( 'NONE', *, *, #4675, .T. ) ;
#672 = FACE_OUTER_BOUND ( 'NONE', #1383, .T. ) ;
#673 = DIRECTION ( 'NONE',  ( 1.338943373472762333E-15, -1.217264376915965728E-17, -1.000000000000000000 ) ) ;
#674 = AXIS2_PLACEMENT_3D ( 'NONE', #949, #3857, #3502 ) ;
#675 = ORIENTED_EDGE ( 'NONE', *, *, #2163, .F. ) ;
#676 = VECTOR ( 'NONE', #288, 1000.000000000000000 ) ;
#677 = ORIENTED_EDGE ( 'NONE', *, *, #2285, .T. ) ;
#678 = EDGE_CURVE ( 'NONE', #1130, #16, #3142, .T. ) ;
#679 = LINE ( 'NONE', #3922, #4062 ) ;
#680 = ADVANCED_FACE ( 'NONE', ( #4689 ), #2760, .T. ) ;
#681 = VERTEX_POINT ( 'NONE', #2787 ) ;
#682 = EDGE_CURVE ( 'NONE', #342, #2431, #3968, .T. ) ;
#683 = AXIS2_PLACEMENT_3D ( 'NONE', #4338, #760, #1092 ) ;
#684 = ADVANCED_FACE ( 'NONE', ( #240 ), #4320, .T. ) ;
#685 = DIRECTION ( 'NONE',  ( 1.000000000000000000, 3.491481338843133355E-15, 0.000000000000000000 ) ) ;
#686 = DIRECTION ( 'NONE',  ( 0.000000000000000000, -1.049697225128599695E-16, 1.000000000000000000 ) ) ;
#687 = CARTESIAN_POINT ( 'NONE',  ( -7.349999999999996980, -30.10000000000000142, -1.500000000000003109 ) ) ;
#688 = ORIENTED_EDGE ( 'NONE', *, *, #2078, .T. ) ;
#689 = DIRECTION ( 'NONE',  ( -0.000000000000000000, 6.162975822039154730E-31, -1.000000000000000000 ) ) ;
#690 = VECTOR ( 'NONE', #2137, 1000.000000000000000 ) ;
#691 = ORIENTED_EDGE ( 'NONE', *, *, #2763, .T. ) ;
#692 = LINE ( 'NONE', #2101, #786 ) ;
#693 = ORIENTED_EDGE ( 'NONE', *, *, #1302, .F. ) ;
#694 = LINE ( 'NONE', #4655, #1957 ) ;
#695 = LINE ( 'NONE', #2146, #3454 ) ;
#696 = VERTEX_POINT ( 'NONE', #1332 ) ;
#697 = ORIENTED_EDGE ( 'NONE', *, *, #318, .F. ) ;
#698 = DIRECTION ( 'NONE',  ( 1.000000000000000000, 3.491481338843133355E-15, 0.000000000000000000 ) ) ;
#699 = LINE ( 'NONE', #2153, #1341 ) ;
#700 = EDGE_CURVE ( 'NONE', #4078, #1359, #1578, .T. ) ;
#701 = ORIENTED_EDGE ( 'NONE', *, *, #27, .F. ) ;
#702 = AXIS2_PLACEMENT_3D ( 'NONE', #4664, #3165, #1039 ) ;
#703 = CARTESIAN_POINT ( 'NONE',  ( 7.349999999999996092, -22.20467656487052466, -7.000000000000002665 ) ) ;
#704 = EDGE_CURVE ( 'NONE', #2417, #4187, #4239, .T. ) ;
#705 = CONICAL_SURFACE ( 'NONE', #2079, 30.99999999999997513, 0.7853981633974466137 ) ;
#706 = LINE ( 'NONE', #1377, #114 ) ;
#707 = CARTESIAN_POINT ( 'NONE',  ( -3.214697902507782051E-15, 1.243144297987061790E-15, -11.84288448352118017 ) ) ;
#708 = CARTESIAN_POINT ( 'NONE',  ( -12.25000000000000000, -26.50000000000000711, 17.49999999999999645 ) ) ;
#709 = ORIENTED_EDGE ( 'NONE', *, *, #3274, .T. ) ;
#710 = CIRCLE ( 'NONE', #2840, 3.099999999999998757 ) ;
#711 = VECTOR ( 'NONE', #1817, 1000.000000000000114 ) ;
#712 = CARTESIAN_POINT ( 'NONE',  ( -9.099999999999997868, -22.50000000000000000, -7.000000000000002665 ) ) ;
#713 = ORIENTED_EDGE ( 'NONE', *, *, #3923, .T. ) ;
#714 = FACE_BOUND ( 'NONE', #470, .T. ) ;
#715 = DIRECTION ( 'NONE',  ( 1.445602896647339163E-16, 1.000000000000000000, 1.049697225128599695E-16 ) ) ;
#716 = ORIENTED_EDGE ( 'NONE', *, *, #250, .T. ) ;
#717 = DIRECTION ( 'NONE',  ( -1.000000000000000000, -1.416100796715760863E-16, 0.000000000000000000 ) ) ;
#718 = EDGE_CURVE ( 'NONE', #3445, #3030, #974, .T. ) ;
#719 = PLANE ( 'NONE',  #1145 ) ;
#720 = VERTEX_POINT ( 'NONE', #2428 ) ;
#721 = VERTEX_POINT ( 'NONE', #3882 ) ;
#722 = DIRECTION ( 'NONE',  ( 0.000000000000000000, 1.000000000000000000, 1.119176436114070071E-16 ) ) ;
#723 = ADVANCED_FACE ( 'NONE', ( #3904 ), #2946, .T. ) ;
#724 = CARTESIAN_POINT ( 'NONE',  ( -16.50000000000000000, -17.74999999999999645, -17.50000000000000355 ) ) ;
#725 = AXIS2_PLACEMENT_3D ( 'NONE', #2788, #1286, #925 ) ;
#726 = CARTESIAN_POINT ( 'NONE',  ( 7.806188013644372425, -22.00000000000000000, -1.500000000000003109 ) ) ;
#727 = EDGE_LOOP ( 'NONE', ( #1336, #4404, #1514, #1212 ) ) ;
#728 = VECTOR ( 'NONE', #559, 1000.000000000000000 ) ;
#729 = DIRECTION ( 'NONE',  ( 0.000000000000000000, -6.162975822039154730E-31, 1.000000000000000000 ) ) ;
#730 = CARTESIAN_POINT ( 'NONE',  ( 2.614672282429749028, 29.88584094275235614, 17.50000000000000355 ) ) ;
#731 = CARTESIAN_POINT ( 'NONE',  ( -29.88584094275238101, 2.614672282429646888, -11.84288448352118017 ) ) ;
#732 = DIRECTION ( 'NONE',  ( -1.000000000000000000, 0.000000000000000000, 0.000000000000000000 ) ) ;
#733 = ORIENTED_EDGE ( 'NONE', *, *, #2432, .T. ) ;
#734 = DIRECTION ( 'NONE',  ( -0.000000000000000000, -0.000000000000000000, 1.000000000000000000 ) ) ;
#735 = ORIENTED_EDGE ( 'NONE', *, *, #4543, .T. ) ;
#736 = CARTESIAN_POINT ( 'NONE',  ( -16.50000000000000000, 17.75000000000000355, -17.50000000000000355 ) ) ;
#737 = DIRECTION ( 'NONE',  ( 0.000000000000000000, 1.000000000000000000, 9.042362910677311526E-17 ) ) ;
#738 = EDGE_CURVE ( 'NONE', #2941, #1350, #744, .T. ) ;
#739 = VECTOR ( 'NONE', #2838, 1000.000000000000000 ) ;
#740 = ADVANCED_FACE ( 'NONE', ( #3324 ), #3713, .T. ) ;
#741 = ORIENTED_EDGE ( 'NONE', *, *, #913, .T. ) ;
#742 = DIRECTION ( 'NONE',  ( -1.000000000000000000, 0.000000000000000000, 0.000000000000000000 ) ) ;
#743 = EDGE_CURVE ( 'NONE', #993, #501, #4019, .T. ) ;
#744 = CIRCLE ( 'NONE', #1422, 30.99999999999997513 ) ;
#745 = AXIS2_PLACEMENT_3D ( 'NONE', #3582, #961, #319 ) ;
#746 = FACE_OUTER_BOUND ( 'NONE', #576, .T. ) ;
#747 = ORIENTED_EDGE ( 'NONE', *, *, #2295, .T. ) ;
#748 = ORIENTED_EDGE ( 'NONE', *, *, #610, .F. ) ;
#749 = LINE ( 'NONE', #2938, #4052 ) ;
#750 = EDGE_CURVE ( 'NONE', #1637, #2855, #668, .T. ) ;
#751 = DIRECTION ( 'NONE',  ( 0.000000000000000000, -1.049697225128599695E-16, 1.000000000000000000 ) ) ;
#752 = VECTOR ( 'NONE', #3702, 1000.000000000000000 ) ;
#753 = LINE ( 'NONE', #349, #3220 ) ;
#754 = CONICAL_SURFACE ( 'NONE', #3333, 0.7499999999999972244, 1.029744258676652979 ) ;
#755 = ORIENTED_EDGE ( 'NONE', *, *, #131, .T. ) ;
#756 = CARTESIAN_POINT ( 'NONE',  ( 9.099999999999997868, -24.29999999999999716, 0.3500000000000091371 ) ) ;
#757 = DIRECTION ( 'NONE',  ( 0.000000000000000000, 1.000000000000000000, 1.049697225128599695E-16 ) ) ;
#758 = CARTESIAN_POINT ( 'NONE',  ( 0.000000000000000000, 0.000000000000000000, -7.200000000000002842 ) ) ;
#759 = ORIENTED_EDGE ( 'NONE', *, *, #2225, .F. ) ;
#760 = DIRECTION ( 'NONE',  ( 0.000000000000000000, 0.000000000000000000, 1.000000000000000000 ) ) ;
#761 = CARTESIAN_POINT ( 'NONE',  ( 9.250000000000003553, -19.09999999999999432, 16.09999999999998721 ) ) ;
#762 = AXIS2_PLACEMENT_3D ( 'NONE', #3305, #4001, #1495 ) ;
#763 = CARTESIAN_POINT ( 'NONE',  ( -9.649999999999996803, -19.09999999999999787, 17.49999999999999645 ) ) ;
#764 = EDGE_CURVE ( 'NONE', #602, #2877, #2945, .T. ) ;
#765 = ORIENTED_EDGE ( 'NONE', *, *, #662, .T. ) ;
#766 = FACE_OUTER_BOUND ( 'NONE', #2973, .T. ) ;
#767 = ORIENTED_EDGE ( 'NONE', *, *, #334, .F. ) ;
#768 = DIRECTION ( 'NONE',  ( 0.000000000000000000, 1.000000000000000000, 1.156482317317871478E-16 ) ) ;
#769 = ORIENTED_EDGE ( 'NONE', *, *, #2229, .F. ) ;
#770 = ORIENTED_EDGE ( 'NONE', *, *, #2458, .F. ) ;
#771 = PLANE ( 'NONE',  #3294 ) ;
#772 = CARTESIAN_POINT ( 'NONE',  ( -16.50000000000000000, 17.75000000000000355, -17.50000000000000355 ) ) ;
#773 = FACE_OUTER_BOUND ( 'NONE', #1859, .T. ) ;
#774 = ORIENTED_EDGE ( 'NONE', *, *, #452, .F. ) ;
#775 = ORIENTED_EDGE ( 'NONE', *, *, #3625, .T. ) ;
#776 = DIRECTION ( 'NONE',  ( 1.495451272393798556E-16, -1.000000000000000000, -4.386657065688432509E-16 ) ) ;
#777 = CARTESIAN_POINT ( 'NONE',  ( 13.00000000000000000, -23.09999999999999787, 9.750645464270666807 ) ) ;
#778 = LINE ( 'NONE', #874, #1532 ) ;
#779 = ORIENTED_EDGE ( 'NONE', *, *, #3068, .T. ) ;
#780 = DIRECTION ( 'NONE',  ( 0.000000000000000000, 1.049697225128599695E-16, -1.000000000000000000 ) ) ;
#781 = EDGE_CURVE ( 'NONE', #1535, #4065, #2253, .T. ) ;
#782 = ORIENTED_EDGE ( 'NONE', *, *, #2313, .F. ) ;
#783 = CIRCLE ( 'NONE', #3531, 29.99999999999999289 ) ;
#784 = CARTESIAN_POINT ( 'NONE',  ( 9.250000000000001776, -29.68578643762690206, 0.5000000000000097700 ) ) ;
#785 = LINE ( 'NONE', #408, #4079 ) ;
#786 = VECTOR ( 'NONE', #1741, 1000.000000000000000 ) ;
#787 = VECTOR ( 'NONE', #3289, 1000.000000000000000 ) ;
#788 = EDGE_LOOP ( 'NONE', ( #3888, #3563, #2010, #624 ) ) ;
#789 = AXIS2_PLACEMENT_3D ( 'NONE', #370, #86, #1819 ) ;
#790 = DIRECTION ( 'NONE',  ( -0.000000000000000000, 6.162975822039154730E-31, -1.000000000000000000 ) ) ;
#791 = ORIENTED_EDGE ( 'NONE', *, *, #3156, .T. ) ;
#792 = VECTOR ( 'NONE', #3456, 1000.000000000000000 ) ;
#793 = DIRECTION ( 'NONE',  ( 0.000000000000000000, 0.7071067811865505703, -0.7071067811865444641 ) ) ;
#794 = ORIENTED_EDGE ( 'NONE', *, *, #392, .F. ) ;
#795 = CARTESIAN_POINT ( 'NONE',  ( 4.747809781703525573E-15, 38.76880897422125827, 17.10000000000004050 ) ) ;
#796 = CARTESIAN_POINT ( 'NONE',  ( 7.360214704941548725, -20.36015603691711817, -1.389785295058423076 ) ) ;
#797 = LINE ( 'NONE', #2252, #4298 ) ;
#798 = ORIENTED_EDGE ( 'NONE', *, *, #2868, .F. ) ;
#799 = EDGE_LOOP ( 'NONE', ( #3086, #3309 ) ) ;
#800 = DIRECTION ( 'NONE',  ( 0.000000000000000000, -1.000000000000000000, 0.000000000000000000 ) ) ;
#801 = EDGE_CURVE ( 'NONE', #513, #1001, #2186, .T. ) ;
#802 = DIRECTION ( 'NONE',  ( -0.7660444431189775694, -0.6427876096865399180, -6.747323702350063604E-17 ) ) ;
#803 = DIRECTION ( 'NONE',  ( -2.797941090285174069E-16, 1.000000000000000000, 0.000000000000000000 ) ) ;
#804 = VERTEX_POINT ( 'NONE', #91 ) ;
#805 = VECTOR ( 'NONE', #3745, 1000.000000000000000 ) ;
#806 = DIRECTION ( 'NONE',  ( -0.000000000000000000, 6.162975822039154730E-31, -1.000000000000000000 ) ) ;
#807 = EDGE_LOOP ( 'NONE', ( #1478, #823, #1834, #3812 ) ) ;
#808 = EDGE_CURVE ( 'NONE', #3659, #1637, #4378, .T. ) ;
#809 = CARTESIAN_POINT ( 'NONE',  ( -7.349999999999997868, -24.80000000000000071, -7.000000000000002665 ) ) ;
#810 = LINE ( 'NONE', #2216, #3232 ) ;
#811 = ORIENTED_EDGE ( 'NONE', *, *, #256, .T. ) ;
#812 = CARTESIAN_POINT ( 'NONE',  ( 3.610965419176877701E-15, 29.48577027834452480, -17.49999999999999645 ) ) ;
#813 = EDGE_LOOP ( 'NONE', ( #4160, #587, #1513, #4447 ) ) ;
#814 = VECTOR ( 'NONE', #4665, 1000.000000000000000 ) ;
#815 = CARTESIAN_POINT ( 'NONE',  ( -7.349999999999996092, -20.19532343512947747, -7.000000000000002665 ) ) ;
#816 = ORIENTED_EDGE ( 'NONE', *, *, #3418, .F. ) ;
#817 = LINE ( 'NONE', #3292, #3829 ) ;
#818 = VECTOR ( 'NONE', #4210, 1000.000000000000000 ) ;
#819 = AXIS2_PLACEMENT_3D ( 'NONE', #4389, #1143, #2573 ) ;
#820 = DIRECTION ( 'NONE',  ( 0.000000000000000000, 1.049697225128599695E-16, -1.000000000000000000 ) ) ;
#821 = LINE ( 'NONE', #4132, #728 ) ;
#822 = ORIENTED_EDGE ( 'NONE', *, *, #1915, .T. ) ;
#823 = ORIENTED_EDGE ( 'NONE', *, *, #3233, .T. ) ;
#824 = CARTESIAN_POINT ( 'NONE',  ( -9.649999999999980815, -26.30000000000002203, 16.49999999999999645 ) ) ;
#825 = ADVANCED_FACE ( 'NONE', ( #827 ), #4549, .T. ) ;
#826 = CONICAL_SURFACE ( 'NONE', #73, 3.000000000000002665, 0.7853981633974482790 ) ;
#827 = FACE_OUTER_BOUND ( 'NONE', #2490, .T. ) ;
#828 = EDGE_CURVE ( 'NONE', #4595, #4164, #4355, .T. ) ;
#829 = CARTESIAN_POINT ( 'NONE',  ( 30.95225575956426667, -1.719844002960563500, -13.64288448352115779 ) ) ;
#830 = VERTEX_POINT ( 'NONE', #4357 ) ;
#831 = VECTOR ( 'NONE', #566, 1000.000000000000000 ) ;
#832 = DIRECTION ( 'NONE',  ( -0.000000000000000000, -0.000000000000000000, 1.000000000000000000 ) ) ;
#833 = ORIENTED_EDGE ( 'NONE', *, *, #1416, .F. ) ;
#834 = LINE ( 'NONE', #2289, #1393 ) ;
#835 = LINE ( 'NONE', #3765, #3088 ) ;
#836 = VERTEX_POINT ( 'NONE', #353 ) ;
#837 = CARTESIAN_POINT ( 'NONE',  ( 29.88584094275233838, 2.614672282430065220, -11.84288448352118017 ) ) ;
#838 = ORIENTED_EDGE ( 'NONE', *, *, #2965, .F. ) ;
#839 = AXIS2_PLACEMENT_3D ( 'NONE', #1616, #1992, #3352 ) ;
#840 = DIRECTION ( 'NONE',  ( -1.001334476201389134E-16, 0.7071067811865490160, -0.7071067811865461294 ) ) ;
#841 = ORIENTED_EDGE ( 'NONE', *, *, #3710, .F. ) ;
#842 = AXIS2_PLACEMENT_3D ( 'NONE', #1998, #4170, #3815 ) ;
#843 = FACE_OUTER_BOUND ( 'NONE', #3155, .T. ) ;
#844 = AXIS2_PLACEMENT_3D ( 'NONE', #2196, #1861, #3657 ) ;
#845 = ADVANCED_FACE ( 'NONE', ( #1133, #4426 ), #1895, .T. ) ;
#846 = CYLINDRICAL_SURFACE ( 'NONE', #4462, 0.7499999999999972244 ) ;
#847 = VERTEX_POINT ( 'NONE', #3348 ) ;
#848 = ORIENTED_EDGE ( 'NONE', *, *, #3973, .T. ) ;
#849 = PRODUCT_DEFINITION_FORMATION_WITH_SPECIFIED_SOURCE ( 'ANY', '', #3571, .NOT_KNOWN. ) ;
#850 = CARTESIAN_POINT ( 'NONE',  ( 29.88584094275239877, -2.614672282429435501, -11.84288448352118017 ) ) ;
#851 = CARTESIAN_POINT ( 'NONE',  ( 16.50000000000000000, 16.49999999999999645, -17.50000000000000355 ) ) ;
#852 = CARTESIAN_POINT ( 'NONE',  ( 0.000000000000000000, 1.377727758532732338E-15, 17.50000000000000000 ) ) ;
#853 = EDGE_LOOP ( 'NONE', ( #2893, #315, #1975 ) ) ;
#854 = CARTESIAN_POINT ( 'NONE',  ( 12.25000000000000000, -23.09999999999999787, 15.99999999999999645 ) ) ;
#855 = ORIENTED_EDGE ( 'NONE', *, *, #682, .T. ) ;
#856 = CARTESIAN_POINT ( 'NONE',  ( 7.349999999999996092, -22.07142125289667334, 17.49999999999999645 ) ) ;
#857 = DIRECTION ( 'NONE',  ( 1.000000000000000000, 0.000000000000000000, 0.000000000000000000 ) ) ;
#858 = ORIENTED_EDGE ( 'NONE', *, *, #3774, .F. ) ;
#859 = VERTEX_POINT ( 'NONE', #3253 ) ;
#860 = CARTESIAN_POINT ( 'NONE',  ( 9.250000000000003553, -17.10000000000000142, 0.5000000000000108802 ) ) ;
#861 = DIRECTION ( 'NONE',  ( 1.000000000000000000, 0.000000000000000000, 0.000000000000000000 ) ) ;
#862 = AXIS2_PLACEMENT_3D ( 'NONE', #2890, #751, #698 ) ;
#863 = CARTESIAN_POINT ( 'NONE',  ( -29.88584094275237746, 2.614672282429647332, -14.64288448352113825 ) ) ;
#864 = CIRCLE ( 'NONE', #565, 0.9999999999999991118 ) ;
#865 = ORIENTED_EDGE ( 'NONE', *, *, #3066, .T. ) ;
#866 = DIRECTION ( 'NONE',  ( -0.000000000000000000, 6.162975822039154730E-31, -1.000000000000000000 ) ) ;
#867 = ADVANCED_FACE ( 'NONE', ( #1444 ), #2639, .T. ) ;
#868 = CARTESIAN_POINT ( 'NONE',  ( -30.95225575956423825, -1.719844002961016471, -12.84288448352115886 ) ) ;
#869 = ORIENTED_EDGE ( 'NONE', *, *, #1810, .T. ) ;
#870 = VERTEX_POINT ( 'NONE', #1871 ) ;
#871 = ADVANCED_FACE ( 'NONE', ( #1183, #3279, #2209 ), #1086, .F. ) ;
#872 = DIRECTION ( 'NONE',  ( -1.000000000000000000, 9.637352644315598694E-16, 0.000000000000000000 ) ) ;
#873 = FACE_BOUND ( 'NONE', #3385, .T. ) ;
#874 = CARTESIAN_POINT ( 'NONE',  ( -7.349999999999996092, -18.09999999999999787, -7.000000000000002665 ) ) ;
#875 = ORIENTED_EDGE ( 'NONE', *, *, #718, .T. ) ;
#876 = DIRECTION ( 'NONE',  ( 0.000000000000000000, 1.049697225128599695E-16, -1.000000000000000000 ) ) ;
#877 = FACE_OUTER_BOUND ( 'NONE', #2906, .T. ) ;
#878 = CARTESIAN_POINT ( 'NONE',  ( 4.375000000000000000, -18.09999999999999787, -7.000000000000002665 ) ) ;
#879 = ORIENTED_EDGE ( 'NONE', *, *, #2179, .F. ) ;
#880 = ORIENTED_EDGE ( 'NONE', *, *, #3025, .F. ) ;
#881 = CARTESIAN_POINT ( 'NONE',  ( 16.50000000000000000, 16.49999999999999645, -10.75064546427067391 ) ) ;
#882 = ORIENTED_EDGE ( 'NONE', *, *, #4624, .T. ) ;
#883 = AXIS2_PLACEMENT_3D ( 'NONE', #1866, #2962, #2533 ) ;
#884 = ADVANCED_FACE ( 'NONE', ( #3302 ), #3994, .F. ) ;
#885 = AXIS2_PLACEMENT_3D ( 'NONE', #1693, #4583, #177 ) ;
#886 = DIRECTION ( 'NONE',  ( 1.000000000000000000, 1.416100796715760617E-16, 1.486477076814933186E-32 ) ) ;
#887 = DIRECTION ( 'NONE',  ( 0.000000000000000000, -1.000000000000000000, -1.156482317317871971E-16 ) ) ;
#888 = EDGE_CURVE ( 'NONE', #2542, #3320, #4148, .T. ) ;
#889 = CARTESIAN_POINT ( 'NONE',  ( -8.250000000000000000, -16.10000000000000142, -7.000000000000002665 ) ) ;
#890 = APPLICATION_CONTEXT ( 'automotive_design' ) ;
#891 = EDGE_CURVE ( 'NONE', #1488, #219, #2181, .T. ) ;
#892 = CARTESIAN_POINT ( 'NONE',  ( 29.88584094275233838, 2.614672282430065220, -11.84288448352118017 ) ) ;
#893 = ORIENTED_EDGE ( 'NONE', *, *, #2718, .F. ) ;
#894 = ORIENTED_EDGE ( 'NONE', *, *, #4618, .T. ) ;
#895 = EDGE_CURVE ( 'NONE', #2472, #3918, #4524, .T. ) ;
#896 = VECTOR ( 'NONE', #622, 1000.000000000000000 ) ;
#897 = CIRCLE ( 'NONE', #441, 3.000000000000002665 ) ;
#898 = LINE ( 'NONE', #850, #2658 ) ;
#899 = CARTESIAN_POINT ( 'NONE',  ( -11.09999999999999964, -4.776121969214778932E-16, -7.500000000000007105 ) ) ;
#900 = ORIENTED_EDGE ( 'NONE', *, *, #1073, .F. ) ;
#901 = CARTESIAN_POINT ( 'NONE',  ( 8.250000000000001776, -29.10000000000000142, -7.000000000000002665 ) ) ;
#902 = CARTESIAN_POINT ( 'NONE',  ( 9.250000000000001776, -29.10000000000000142, -7.000000000000002665 ) ) ;
#903 = CARTESIAN_POINT ( 'NONE',  ( -30.00000000000000711, -1.051945516754720571E-13, -11.84288448352118017 ) ) ;
#904 = AXIS2_PLACEMENT_3D ( 'NONE', #2281, #800, #3735 ) ;
#905 = ORIENTED_EDGE ( 'NONE', *, *, #3572, .F. ) ;
#906 = CARTESIAN_POINT ( 'NONE',  ( 0.000000000000000000, 38.36880897422129522, 17.50000000000000000 ) ) ;
#907 = VERTEX_POINT ( 'NONE', #1658 ) ;
#908 = CARTESIAN_POINT ( 'NONE',  ( -8.250000000000000000, -16.10000000000000142, -7.000000000000002665 ) ) ;
#909 = CARTESIAN_POINT ( 'NONE',  ( 12.25000000000000000, -23.09999999999999787, 9.750645464270666807 ) ) ;
#910 = EDGE_CURVE ( 'NONE', #4461, #3584, #3867, .T. ) ;
#911 = CARTESIAN_POINT ( 'NONE',  ( 2.314800596404743782, 30.24321410188994008, -12.17276219036982177 ) ) ;
#912 = CARTESIAN_POINT ( 'NONE',  ( 11.50000000000000178, -23.09999999999999787, 16.49999999999999645 ) ) ;
#913 = EDGE_CURVE ( 'NONE', #1539, #2311, #2709, .T. ) ;
#914 = LINE ( 'NONE', #1252, #2554 ) ;
#915 = VECTOR ( 'NONE', #22, 1000.000000000000000 ) ;
#916 = ORIENTED_EDGE ( 'NONE', *, *, #4032, .T. ) ;
#917 = VERTEX_POINT ( 'NONE', #1207 ) ;
#918 =( BOUNDED_CURVE ( )  B_SPLINE_CURVE ( 3, ( #3832, #2017, #1307, #2068 ),
 .UNSPECIFIED., .F., .T. ) 
 B_SPLINE_CURVE_WITH_KNOTS ( ( 4, 4 ),
 ( 3.141592653589793116, 4.068887871591379657 ),
 .UNSPECIFIED. ) 
 CURVE ( )  GEOMETRIC_REPRESENTATION_ITEM ( )  RATIONAL_B_SPLINE_CURVE ( ( 1.000000000000000000, 0.9296181273332809747, 0.9296181273332809747, 1.000000000000000000 ) ) 
 REPRESENTATION_ITEM ( '' )  );
#919 = DIRECTION ( 'NONE',  ( -0.000000000000000000, -0.000000000000000000, 1.000000000000000000 ) ) ;
#920 = CARTESIAN_POINT ( 'NONE',  ( -30.59860519837238613, -2.016592058422733924, -13.97952713693882210 ) ) ;
#921 = VECTOR ( 'NONE', #4559, 1000.000000000000000 ) ;
#922 = CARTESIAN_POINT ( 'NONE',  ( 9.250000000000001776, -29.10000000000000142, 0.5000000000000108802 ) ) ;
#923 = ORIENTED_EDGE ( 'NONE', *, *, #2808, .F. ) ;
#924 = FACE_OUTER_BOUND ( 'NONE', #1642, .T. ) ;
#925 = DIRECTION ( 'NONE',  ( 0.000000000000000000, 1.000000000000000000, 0.000000000000000000 ) ) ;
#926 = EDGE_LOOP ( 'NONE', ( #2361, #4342, #4181, #2512 ) ) ;
#927 = EDGE_CURVE ( 'NONE', #327, #2314, #117, .T. ) ;
#928 = DIRECTION ( 'NONE',  ( -1.000000000000000000, -2.051189749233279761E-16, 0.000000000000000000 ) ) ;
#929 = ORIENTED_EDGE ( 'NONE', *, *, #12, .T. ) ;
#930 = PLANE ( 'NONE',  #4439 ) ;
#931 = LINE ( 'NONE', #3843, #4442 ) ;
#932 = CARTESIAN_POINT ( 'NONE',  ( 7.349999999999997868, -24.29999999999999716, -1.399999999999973266 ) ) ;
#933 = CARTESIAN_POINT ( 'NONE',  ( 7.349999999999997868, -24.80000000000000071, -7.000000000000002665 ) ) ;
#934 = CARTESIAN_POINT ( 'NONE',  ( 7.349999999999993427, -22.12194376045764344, -1.399999999999979927 ) ) ;
#935 = VECTOR ( 'NONE', #418, 1000.000000000000000 ) ;
#936 = CIRCLE ( 'NONE', #4594, 38.76880897422125827 ) ;
#937 = LINE ( 'NONE', #2546, #4614 ) ;
#938 = ORIENTED_EDGE ( 'NONE', *, *, #249, .F. ) ;
#939 = EDGE_LOOP ( 'NONE', ( #946, #3360, #4547, #3291 ) ) ;
#940 = AXIS2_PLACEMENT_3D ( 'NONE', #3463, #200, #2794 ) ;
#941 = CIRCLE ( 'NONE', #2770, 0.9999999999999991118 ) ;
#942 = CARTESIAN_POINT ( 'NONE',  ( -7.380487804878045566, -20.44036649973204689, -7.000000000000002665 ) ) ;
#943 = EDGE_CURVE ( 'NONE', #1113, #4571, #2684, .T. ) ;
#944 = CARTESIAN_POINT ( 'NONE',  ( -16.50000000000000000, 16.50000000000000355, -17.50000000000000355 ) ) ;
#945 = VECTOR ( 'NONE', #4647, 1000.000000000000114 ) ;
#946 = ORIENTED_EDGE ( 'NONE', *, *, #2092, .T. ) ;
#947 = EDGE_CURVE ( 'NONE', #2300, #2469, #2034, .T. ) ;
#948 = EDGE_CURVE ( 'NONE', #2099, #3805, #2421, .T. ) ;
#949 = CARTESIAN_POINT ( 'NONE',  ( 8.349999999999996092, -20.19532343512947747, -7.000000000000002665 ) ) ;
#950 = DIRECTION ( 'NONE',  ( 0.000000000000000000, 1.000000000000000000, 1.119176436114070071E-16 ) ) ;
#951 = CARTESIAN_POINT ( 'NONE',  ( 12.25000000000000000, -23.09999999999999787, 16.50000000000000000 ) ) ;
#952 = VERTEX_POINT ( 'NONE', #2376 ) ;
#953 = EDGE_CURVE ( 'NONE', #1228, #414, #3828, .T. ) ;
#954 = LINE ( 'NONE', #3887, #3663 ) ;
#955 = ORIENTED_EDGE ( 'NONE', *, *, #636, .T. ) ;
#956 = CARTESIAN_POINT ( 'NONE',  ( 29.88584094275233838, 2.614672282430065220, -11.84288448352118017 ) ) ;
#957 = AXIS2_PLACEMENT_3D ( 'NONE', #122, #4484, #1925 ) ;
#958 = CARTESIAN_POINT ( 'NONE',  ( 8.349999999999994316, -22.20467656487052110, 17.49999999999999645 ) ) ;
#959 = CARTESIAN_POINT ( 'NONE',  ( 4.747809781703525573E-15, 38.76880897422125827, 17.50000000000000355 ) ) ;
#960 = DIRECTION ( 'NONE',  ( 1.000000000000000000, 1.040834085586083310E-14, 0.000000000000000000 ) ) ;
#961 = DIRECTION ( 'NONE',  ( 0.000000000000000000, -1.049697225128599695E-16, 1.000000000000000000 ) ) ;
#962 = CARTESIAN_POINT ( 'NONE',  ( -9.250000000000001776, -29.10000000000000142, -7.000000000000002665 ) ) ;
#963 = EDGE_LOOP ( 'NONE', ( #3769, #3247, #3875, #3444, #3345, #691, #264, #3417, #1912, #3065, #3554, #11 ) ) ;
#964 = ORIENTED_EDGE ( 'NONE', *, *, #927, .T. ) ;
#965 = CARTESIAN_POINT ( 'NONE',  ( 16.50000000000000000, -15.74999999999999645, -17.00000000000000355 ) ) ;
#966 = CARTESIAN_POINT ( 'NONE',  ( -30.99999999999997868, -1.068878074836371250E-13, -12.84288448352115886 ) ) ;
#967 =( NAMED_UNIT ( * ) SI_UNIT ( $, .STERADIAN. ) SOLID_ANGLE_UNIT ( ) );
#968 = ORIENTED_EDGE ( 'NONE', *, *, #4251, .T. ) ;
#969 = AXIS2_PLACEMENT_3D ( 'NONE', #707, #4291, #309 ) ;
#970 = ORIENTED_EDGE ( 'NONE', *, *, #3770, .T. ) ;
#971 = EDGE_CURVE ( 'NONE', #2705, #390, #3038, .T. ) ;
#972 = CYLINDRICAL_SURFACE ( 'NONE', #1430, 30.99999999999997513 ) ;
#973 = VECTOR ( 'NONE', #4162, 1000.000000000000114 ) ;
#974 = LINE ( 'NONE', #645, #292 ) ;
#975 = DIRECTION ( 'NONE',  ( -0.000000000000000000, -1.049697225128599695E-16, 1.000000000000000000 ) ) ;
#976 = ORIENTED_EDGE ( 'NONE', *, *, #3418, .T. ) ;
#977 = CARTESIAN_POINT ( 'NONE',  ( -10.24999999999999822, -19.70000000000000284, 17.49999999999999645 ) ) ;
#978 = ORIENTED_EDGE ( 'NONE', *, *, #279, .T. ) ;
#979 = AXIS2_PLACEMENT_3D ( 'NONE', #3869, #533, #3513 ) ;
#980 = CARTESIAN_POINT ( 'NONE',  ( 4.375000000000000000, -24.29999999999999361, 17.49999999999999645 ) ) ;
#981 = AXIS2_PLACEMENT_3D ( 'NONE', #1132, #1082, #2537 ) ;
#982 = LINE ( 'NONE', #2795, #4666 ) ;
#983 = VECTOR ( 'NONE', #3544, 1000.000000000000000 ) ;
#984 = DIRECTION ( 'NONE',  ( 0.000000000000000000, 1.000000000000000000, -0.000000000000000000 ) ) ;
#985 = LINE ( 'NONE', #3177, #3999 ) ;
#986 = FACE_OUTER_BOUND ( 'NONE', #2058, .T. ) ;
#987 = ORIENTED_EDGE ( 'NONE', *, *, #2724, .T. ) ;
#988 = EDGE_LOOP ( 'NONE', ( #1409, #2740 ) ) ;
#989 = ADVANCED_FACE ( 'NONE', ( #1943 ), #3936, .T. ) ;
#990 = DIRECTION ( 'NONE',  ( 1.000000000000000000, 0.000000000000000000, 0.000000000000000000 ) ) ;
#991 = AXIS2_PLACEMENT_3D ( 'NONE', #4506, #876, #1947 ) ;
#992 = CARTESIAN_POINT ( 'NONE',  ( -2.614672282429749917, -29.88584094275236680, -11.84288448352118372 ) ) ;
#993 = VERTEX_POINT ( 'NONE', #2351 ) ;
#994 = CONICAL_SURFACE ( 'NONE', #1605, 30.99999999999997513, 0.7853981633974466137 ) ;
#995 = DIRECTION ( 'NONE',  ( 0.000000000000000000, 0.000000000000000000, 1.000000000000000000 ) ) ;
#996 = AXIS2_PLACEMENT_3D ( 'NONE', #4582, #3644, #2161 ) ;
#997 = DIRECTION ( 'NONE',  ( 1.000000000000000000, 0.000000000000000000, 0.000000000000000000 ) ) ;
#998 = DIRECTION ( 'NONE',  ( 1.000000000000000000, -0.000000000000000000, -0.000000000000000000 ) ) ;
#999 = EDGE_LOOP ( 'NONE', ( #1666, #4576, #2231, #1808 ) ) ;
#1000 = DIRECTION ( 'NONE',  ( -9.637352644315598694E-16, -1.000000000000000000, 6.746146851020851835E-16 ) ) ;
#1001 = VERTEX_POINT ( 'NONE', #3394 ) ;
#1002 = FACE_BOUND ( 'NONE', #4009, .T. ) ;
#1003 = CARTESIAN_POINT ( 'NONE',  ( 7.507157676348547248, -21.45846451046461567, -1.242842323651431213 ) ) ;
#1004 = CARTESIAN_POINT ( 'NONE',  ( 4.375000000000000000, -24.29999999999999361, -17.50000000000000355 ) ) ;
#1005 = EDGE_CURVE ( 'NONE', #3048, #2500, #1560, .T. ) ;
#1006 = DIRECTION ( 'NONE',  ( -0.000000000000000000, 6.162975822039154730E-31, -1.000000000000000000 ) ) ;
#1007 = DIRECTION ( 'NONE',  ( -0.000000000000000000, 0.000000000000000000, -1.000000000000000000 ) ) ;
#1008 = ORIENTED_EDGE ( 'NONE', *, *, #4128, .F. ) ;
#1009 = ORIENTED_EDGE ( 'NONE', *, *, #1261, .F. ) ;
#1010 = VECTOR ( 'NONE', #2741, 1000.000000000000000 ) ;
#1011 = EDGE_CURVE ( 'NONE', #847, #514, #3024, .T. ) ;
#1012 = CARTESIAN_POINT ( 'NONE',  ( -9.250000000000001776, -29.10000000000000142, 0.5000000000000108802 ) ) ;
#1013 = CYLINDRICAL_SURFACE ( 'NONE', #3684, 0.7499999999999972244 ) ;
#1014 = EDGE_CURVE ( 'NONE', #3110, #322, #1614, .T. ) ;
#1015 = VECTOR ( 'NONE', #4057, 1000.000000000000000 ) ;
#1016 = ORIENTED_EDGE ( 'NONE', *, *, #2313, .T. ) ;
#1017 = VECTOR ( 'NONE', #2848, 1000.000000000000000 ) ;
#1018 = DIRECTION ( 'NONE',  ( 0.000000000000000000, 1.000000000000000000, 0.000000000000000000 ) ) ;
#1019 = CYLINDRICAL_SURFACE ( 'NONE', #1540, 3.000000000000002665 ) ;
#1020 = CARTESIAN_POINT ( 'NONE',  ( 12.25000000000000355, -26.10000000000000142, 17.09999999999999787 ) ) ;
#1021 = ORIENTED_EDGE ( 'NONE', *, *, #3510, .T. ) ;
#1022 = PLANE ( 'NONE',  #4111 ) ;
#1023 = ORIENTED_EDGE ( 'NONE', *, *, #2619, .T. ) ;
#1024 = LINE ( 'NONE', #4299, #1473 ) ;
#1025 = DIRECTION ( 'NONE',  ( 0.000000000000000000, -1.000000000000000000, -1.156482317317871478E-16 ) ) ;
#1026 = ADVANCED_FACE ( 'NONE', ( #4113 ), #440, .F. ) ;
#1027 = EDGE_CURVE ( 'NONE', #4006, #1037, #3639, .T. ) ;
#1028 = ADVANCED_FACE ( 'NONE', ( #873, #518 ), #3807, .T. ) ;
#1029 = CARTESIAN_POINT ( 'NONE',  ( -7.380487804878045566, -20.44036649973204689, -1.369512195121926679 ) ) ;
#1030 = ORIENTED_EDGE ( 'NONE', *, *, #4190, .F. ) ;
#1031 = AXIS2_PLACEMENT_3D ( 'NONE', #951, #3859, #193 ) ;
#1032 = ORIENTED_EDGE ( 'NONE', *, *, #165, .T. ) ;
#1033 = EDGE_CURVE ( 'NONE', #2793, #4703, #1281, .T. ) ;
#1034 = DIRECTION ( 'NONE',  ( 0.000000000000000000, -1.049697225128599695E-16, 1.000000000000000000 ) ) ;
#1035 = DIRECTION ( 'NONE',  ( 0.000000000000000000, -0.7071067811865474617, -0.7071067811865474617 ) ) ;
#1036 = UNCERTAINTY_MEASURE_WITH_UNIT (LENGTH_MEASURE( 1.000000000000000082E-05 ), #2452, 'distance_accuracy_value', 'NONE');
#1037 = VERTEX_POINT ( 'NONE', #1413 ) ;
#1038 = DIRECTION ( 'NONE',  ( -0.000000000000000000, 6.162975822039154730E-31, -1.000000000000000000 ) ) ;
#1039 = DIRECTION ( 'NONE',  ( -1.000000000000000000, -3.491481338843133355E-15, 0.000000000000000000 ) ) ;
#1040 = VECTOR ( 'NONE', #866, 1000.000000000000000 ) ;
#1041 = CARTESIAN_POINT ( 'NONE',  ( 10.25000000000000355, -20.09999999999999787, 17.09999999999999787 ) ) ;
#1042 = DIRECTION ( 'NONE',  ( -1.000000000000000000, 0.000000000000000000, 0.000000000000000000 ) ) ;
#1043 = VERTEX_POINT ( 'NONE', #2399 ) ;
#1044 = AXIS2_PLACEMENT_3D ( 'NONE', #851, #139, #2303 ) ;
#1045 = AXIS2_PLACEMENT_3D ( 'NONE', #4077, #4027, #742 ) ;
#1046 = LINE ( 'NONE', #4296, #2055 ) ;
#1047 = ORIENTED_EDGE ( 'NONE', *, *, #2706, .F. ) ;
#1048 = DIRECTION ( 'NONE',  ( -2.891205793294678326E-16, -1.000000000000000000, -1.049697225128599695E-16 ) ) ;
#1049 = AXIS2_PLACEMENT_3D ( 'NONE', #224, #3846, #960 ) ;
#1050 = DIRECTION ( 'NONE',  ( 0.000000000000000000, 1.000000000000000000, 9.042362910677311526E-17 ) ) ;
#1051 = AXIS2_PLACEMENT_3D ( 'NONE', #17, #4663, #399 ) ;
#1052 = EDGE_CURVE ( 'NONE', #2217, #4459, #1349, .T. ) ;
#1053 = CARTESIAN_POINT ( 'NONE',  ( -13.00000000000000000, -23.10000000000000142, 9.750645464270666807 ) ) ;
#1054 = VERTEX_POINT ( 'NONE', #2805 ) ;
#1055 = CIRCLE ( 'NONE', #152, 1.250000000000001110 ) ;
#1056 = ORIENTED_EDGE ( 'NONE', *, *, #1148, .F. ) ;
#1057 = EDGE_CURVE ( 'NONE', #1805, #2941, #1704, .T. ) ;
#1058 = FACE_OUTER_BOUND ( 'NONE', #391, .T. ) ;
#1059 = DIRECTION ( 'NONE',  ( -0.000000000000000000, 6.162975822039154730E-31, -1.000000000000000000 ) ) ;
#1060 = ORIENTED_EDGE ( 'NONE', *, *, #4294, .T. ) ;
#1061 = CONICAL_SURFACE ( 'NONE', #683, 0.9999999999999991118, 0.7853981633974471688 ) ;
#1062 = CARTESIAN_POINT ( 'NONE',  ( 0.000000000000000000, -30.99999999999997868, -12.84288448352116241 ) ) ;
#1063 = DIRECTION ( 'NONE',  ( 1.000000000000000000, 0.000000000000000000, 0.000000000000000000 ) ) ;
#1064 = PLANE ( 'NONE',  #2413 ) ;
#1065 = CARTESIAN_POINT ( 'NONE',  ( -16.50000000000000000, -15.74999999999999645, -17.00000000000000355 ) ) ;
#1066 = VERTEX_POINT ( 'NONE', #4643 ) ;
#1067 = AXIS2_PLACEMENT_3D ( 'NONE', #1192, #3435, #1953 ) ;
#1068 = DIRECTION ( 'NONE',  ( 0.000000000000000000, -1.000000000000000000, -1.176651286095689651E-16 ) ) ;
#1069 = AXIS2_PLACEMENT_3D ( 'NONE', #2329, #4403, #3303 ) ;
#1070 = ORIENTED_EDGE ( 'NONE', *, *, #1480, .F. ) ;
#1071 = CARTESIAN_POINT ( 'NONE',  ( 9.649999999999998579, -17.10000000000000142, 17.49999999999999645 ) ) ;
#1072 = CIRCLE ( 'NONE', #3353, 3.000000000000002665 ) ;
#1073 = EDGE_CURVE ( 'NONE', #390, #4149, #4286, .T. ) ;
#1074 = ORIENTED_EDGE ( 'NONE', *, *, #457, .T. ) ;
#1075 = DIRECTION ( 'NONE',  ( -0.000000000000000000, 6.162975822039154730E-31, -1.000000000000000000 ) ) ;
#1076 = CARTESIAN_POINT ( 'NONE',  ( 1.719844002960906559, -30.95225575956424890, -12.84288448352116241 ) ) ;
#1077 = ORIENTED_EDGE ( 'NONE', *, *, #1261, .T. ) ;
#1078 = ORIENTED_EDGE ( 'NONE', *, *, #1561, .F. ) ;
#1079 = DIRECTION ( 'NONE',  ( 0.7660444431189781245, 0.6427876096865392519, 6.747323702350056208E-17 ) ) ;
#1080 = DIRECTION ( 'NONE',  ( 0.000000000000000000, -1.049697225128599695E-16, 1.000000000000000000 ) ) ;
#1081 = EDGE_LOOP ( 'NONE', ( #1254, #1209, #4151, #1684 ) ) ;
#1082 = DIRECTION ( 'NONE',  ( -0.000000000000000000, 6.162975822039154730E-31, -1.000000000000000000 ) ) ;
#1083 = EDGE_CURVE ( 'NONE', #3162, #2219, #3910, .T. ) ;
#1084 = ADVANCED_FACE ( 'NONE', ( #1728 ), #1923, .F. ) ;
#1085 = AXIS2_PLACEMENT_3D ( 'NONE', #4418, #416, #4011 ) ;
#1086 = PLANE ( 'NONE',  #2871 ) ;
#1087 = CARTESIAN_POINT ( 'NONE',  ( -16.50000000000000000, -16.49999999999999645, -17.50000000000000355 ) ) ;
#1088 = ADVANCED_FACE ( 'NONE', ( #2828 ), #1013, .F. ) ;
#1089 = DIRECTION ( 'NONE',  ( -0.7071067811865512365, 0.000000000000000000, -0.7071067811865439090 ) ) ;
#1090 = ORIENTED_EDGE ( 'NONE', *, *, #2208, .T. ) ;
#1091 = EDGE_CURVE ( 'NONE', #2219, #4606, #679, .T. ) ;
#1092 = DIRECTION ( 'NONE',  ( 1.000000000000000000, 0.000000000000000000, 0.000000000000000000 ) ) ;
#1093 = ORIENTED_EDGE ( 'NONE', *, *, #4534, .T. ) ;
#1094 = CARTESIAN_POINT ( 'NONE',  ( 12.25000000000000000, -23.09999999999999787, 17.09999999999999787 ) ) ;
#1095 = CARTESIAN_POINT ( 'NONE',  ( 16.50000000000000000, 17.24999999999999645, -17.00000000000000355 ) ) ;
#1096 = EDGE_CURVE ( 'NONE', #1664, #2560, #3566, .T. ) ;
#1097 = ORIENTED_EDGE ( 'NONE', *, *, #1366, .T. ) ;
#1098 = DIRECTION ( 'NONE',  ( 0.000000000000000000, 1.000000000000000000, 0.000000000000000000 ) ) ;
#1099 = DIRECTION ( 'NONE',  ( 0.000000000000000000, -1.049697225128599695E-16, 1.000000000000000000 ) ) ;
#1100 = VERTEX_POINT ( 'NONE', #3588 ) ;
#1101 = ORIENTED_EDGE ( 'NONE', *, *, #2579, .F. ) ;
#1102 = CARTESIAN_POINT ( 'NONE',  ( 29.88584094275232417, 2.614672282430063888, -14.64288448352114891 ) ) ;
#1103 = DIRECTION ( 'NONE',  ( 9.637352644315598694E-16, -1.000000000000000000, 0.000000000000000000 ) ) ;
#1104 = VECTOR ( 'NONE', #3431, 1000.000000000000000 ) ;
#1105 = DIRECTION ( 'NONE',  ( 0.000000000000000000, 0.000000000000000000, -1.000000000000000000 ) ) ;
#1106 = ORIENTED_EDGE ( 'NONE', *, *, #3624, .T. ) ;
#1107 = AXIS2_PLACEMENT_3D ( 'NONE', #4364, #3153, #2414 ) ;
#1108 = DIRECTION ( 'NONE',  ( 0.000000000000000000, -0.7071067811865462405, -0.7071067811865489050 ) ) ;
#1109 = CIRCLE ( 'NONE', #1721, 1.249999999999999334 ) ;
#1110 = EDGE_CURVE ( 'NONE', #206, #2222, #864, .T. ) ;
#1111 = DIRECTION ( 'NONE',  ( 0.000000000000000000, -1.000000000000000000, -1.176651286095689651E-16 ) ) ;
#1112 = DIRECTION ( 'NONE',  ( 0.000000000000000000, 1.000000000000000000, 0.000000000000000000 ) ) ;
#1113 = VERTEX_POINT ( 'NONE', #3202 ) ;
#1114 = EDGE_CURVE ( 'NONE', #323, #3335, #3854, .T. ) ;
#1115 = EDGE_CURVE ( 'NONE', #4015, #660, #4661, .T. ) ;
#1116 = DIRECTION ( 'NONE',  ( -0.000000000000000000, -0.000000000000000000, 1.000000000000000000 ) ) ;
#1117 = VERTEX_POINT ( 'NONE', #4590 ) ;
#1118 = CARTESIAN_POINT ( 'NONE',  ( 16.50000000000000000, -17.24999999999999289, -10.75064546427067391 ) ) ;
#1119 = CARTESIAN_POINT ( 'NONE',  ( -9.250000000000001776, -29.68578643762690206, 0.5000000000000102141 ) ) ;
#1120 = ORIENTED_EDGE ( 'NONE', *, *, #3979, .F. ) ;
#1121 = LINE ( 'NONE', #812, #2187 ) ;
#1122 = PLANE ( 'NONE',  #844 ) ;
#1123 = EDGE_LOOP ( 'NONE', ( #367, #295, #3236, #1425 ) ) ;
#1124 = EDGE_LOOP ( 'NONE', ( #3767, #1120, #688, #1268 ) ) ;
#1125 = DIRECTION ( 'NONE',  ( -1.000000000000000000, 0.000000000000000000, 0.000000000000000000 ) ) ;
#1126 = DIRECTION ( 'NONE',  ( -0.000000000000000000, -1.049697225128599695E-16, 1.000000000000000000 ) ) ;
#1127 = DIRECTION ( 'NONE',  ( -0.000000000000000000, -0.000000000000000000, 1.000000000000000000 ) ) ;
#1128 = AXIS2_PLACEMENT_3D ( 'NONE', #1752, #3204, #593 ) ;
#1129 = ORIENTED_EDGE ( 'NONE', *, *, #2139, .T. ) ;
#1130 = VERTEX_POINT ( 'NONE', #2488 ) ;
#1131 = ADVANCED_FACE ( 'NONE', ( #3942 ), #325, .F. ) ;
#1132 = CARTESIAN_POINT ( 'NONE',  ( 16.50000000000000000, -16.49999999999999645, -17.50000000000000355 ) ) ;
#1133 = FACE_BOUND ( 'NONE', #3727, .T. ) ;
#1134 = CARTESIAN_POINT ( 'NONE',  ( 9.250000000000001776, -29.10000000000000142, -7.000000000000002665 ) ) ;
#1135 = ORIENTED_EDGE ( 'NONE', *, *, #4624, .F. ) ;
#1136 = LINE ( 'NONE', #3283, #915 ) ;
#1137 = ORIENTED_EDGE ( 'NONE', *, *, #1793, .F. ) ;
#1138 = DIRECTION ( 'NONE',  ( -1.000000000000000000, -1.416100796715760863E-16, 0.000000000000000000 ) ) ;
#1139 = AXIS2_PLACEMENT_3D ( 'NONE', #3378, #3452, #1970 ) ;
#1140 = ADVANCED_FACE ( 'NONE', ( #2037 ), #2237, .T. ) ;
#1141 = DIRECTION ( 'NONE',  ( 0.000000000000000000, 1.049697225128599695E-16, -1.000000000000000000 ) ) ;
#1142 = ORIENTED_EDGE ( 'NONE', *, *, #3711, .F. ) ;
#1143 = DIRECTION ( 'NONE',  ( -0.000000000000000000, -1.049697225128599695E-16, 1.000000000000000000 ) ) ;
#1144 = VERTEX_POINT ( 'NONE', #1326 ) ;
#1145 = AXIS2_PLACEMENT_3D ( 'NONE', #2934, #4370, #3339 ) ;
#1146 = CARTESIAN_POINT ( 'NONE',  ( -11.50000000000000178, -23.10000000000000142, 9.750645464270666807 ) ) ;
#1147 = ORIENTED_EDGE ( 'NONE', *, *, #2225, .T. ) ;
#1148 = EDGE_CURVE ( 'NONE', #1370, #4595, #2779, .T. ) ;
#1149 = DIRECTION ( 'NONE',  ( 1.000000000000000000, 0.000000000000000000, 0.000000000000000000 ) ) ;
#1150 = DIRECTION ( 'NONE',  ( -0.000000000000000000, -0.000000000000000000, 1.000000000000000000 ) ) ;
#1151 = CYLINDRICAL_SURFACE ( 'NONE', #2466, 0.5000000000000004441 ) ;
#1152 = ORIENTED_EDGE ( 'NONE', *, *, #3173, .F. ) ;
#1153 = VERTEX_POINT ( 'NONE', #992 ) ;
#1154 = ADVANCED_FACE ( 'NONE', ( #2062 ), #258, .F. ) ;
#1155 = DIRECTION ( 'NONE',  ( 0.000000000000000000, 0.000000000000000000, 1.000000000000000000 ) ) ;
#1156 = EDGE_CURVE ( 'NONE', #3805, #1350, #797, .T. ) ;
#1157 = DIRECTION ( 'NONE',  ( 0.000000000000000000, 1.049697225128599695E-16, -1.000000000000000000 ) ) ;
#1158 = PLANE ( 'NONE',  #1830 ) ;
#1159 = ORIENTED_EDGE ( 'NONE', *, *, #1582, .T. ) ;
#1160 =( GEOMETRIC_REPRESENTATION_CONTEXT ( 3 ) GLOBAL_UNCERTAINTY_ASSIGNED_CONTEXT ( ( #326 ) ) GLOBAL_UNIT_ASSIGNED_CONTEXT ( ( #2334, #4167, #1993 ) ) REPRESENTATION_CONTEXT ( 'NONE', 'WORKASPACE' ) );
#1161 = LINE ( 'NONE', #2879, #1979 ) ;
#1162 = ORIENTED_EDGE ( 'NONE', *, *, #3189, .F. ) ;
#1163 = CIRCLE ( 'NONE', #409, 0.6000000000000033085 ) ;
#1164 = CARTESIAN_POINT ( 'NONE',  ( 8.835786437626905965, -30.10000000000000142, 0.08578643762691996744 ) ) ;
#1165 = DIRECTION ( 'NONE',  ( -1.445602896647339163E-16, -1.000000000000000000, -1.049697225128599695E-16 ) ) ;
#1166 = AXIS2_PLACEMENT_3D ( 'NONE', #1426, #2881, #2522 ) ;
#1167 = CIRCLE ( 'NONE', #336, 29.99999999999999645 ) ;
#1168 = VERTEX_POINT ( 'NONE', #1534 ) ;
#1169 = AXIS2_PLACEMENT_3D ( 'NONE', #1511, #1487, #2892 ) ;
#1170 = CARTESIAN_POINT ( 'NONE',  ( 16.50000000000000000, -16.49999999999999645, -10.75064546427067391 ) ) ;
#1171 = LINE ( 'NONE', #2552, #3276 ) ;
#1172 = ORIENTED_EDGE ( 'NONE', *, *, #3042, .F. ) ;
#1173 = ADVANCED_FACE ( 'NONE', ( #773 ), #3071, .T. ) ;
#1174 = LINE ( 'NONE', #368, #711 ) ;
#1175 = ADVANCED_FACE ( 'NONE', ( #4352 ), #2081, .F. ) ;
#1176 = DIRECTION ( 'NONE',  ( 0.000000000000000000, 1.000000000000000000, 0.000000000000000000 ) ) ;
#1177 = ADVANCED_FACE ( 'NONE', ( #4326 ), #3685, .F. ) ;
#1178 = DIRECTION ( 'NONE',  ( 0.000000000000000000, -1.000000000000000000, -1.156482317317871971E-16 ) ) ;
#1179 = ORIENTED_EDGE ( 'NONE', *, *, #1402, .T. ) ;
#1180 = ORIENTED_EDGE ( 'NONE', *, *, #888, .F. ) ;
#1181 = CARTESIAN_POINT ( 'NONE',  ( 7.349999999999997868, -24.29999999999999716, -1.500000000000003109 ) ) ;
#1182 = AXIS2_PLACEMENT_3D ( 'NONE', #2290, #384, #1569 ) ;
#1183 = FACE_BOUND ( 'NONE', #4236, .T. ) ;
#1184 = FACE_OUTER_BOUND ( 'NONE', #3409, .T. ) ;
#1185 = ORIENTED_EDGE ( 'NONE', *, *, #3555, .T. ) ;
#1186 = VECTOR ( 'NONE', #2728, 1000.000000000000000 ) ;
#1187 = CARTESIAN_POINT ( 'NONE',  ( -7.349999999999996092, -18.09999999999999787, -7.200000000000002842 ) ) ;
#1188 = ORIENTED_EDGE ( 'NONE', *, *, #2635, .T. ) ;
#1189 = DIRECTION ( 'NONE',  ( -0.000000000000000000, -0.000000000000000000, 1.000000000000000000 ) ) ;
#1190 = CARTESIAN_POINT ( 'NONE',  ( 3.642452908309468045E-15, 29.48577027834452480, -17.49999999999999645 ) ) ;
#1191 = ORIENTED_EDGE ( 'NONE', *, *, #1464, .F. ) ;
#1192 = CARTESIAN_POINT ( 'NONE',  ( -16.50000000000000000, 16.50000000000000355, -10.75064546427067391 ) ) ;
#1193 = VERTEX_POINT ( 'NONE', #3298 ) ;
#1194 = CIRCLE ( 'NONE', #3861, 29.99999999999999645 ) ;
#1195 = DIRECTION ( 'NONE',  ( -0.000000000000000000, 6.162975822039154730E-31, -1.000000000000000000 ) ) ;
#1196 = EDGE_LOOP ( 'NONE', ( #2138, #4241, #3590, #3658 ) ) ;
#1197 = FACE_OUTER_BOUND ( 'NONE', #4371, .T. ) ;
#1198 = EDGE_CURVE ( 'NONE', #2057, #1370, #3234, .T. ) ;
#1199 = AXIS2_PLACEMENT_3D ( 'NONE', #1798, #2614, #2994 ) ;
#1200 = CIRCLE ( 'NONE', #4247, 1.249999999999999334 ) ;
#1201 = FACE_OUTER_BOUND ( 'NONE', #999, .T. ) ;
#1202 = EDGE_LOOP ( 'NONE', ( #2280, #4283, #2951, #4023, #1745, #130, #4307, #2942 ) ) ;
#1203 = EDGE_CURVE ( 'NONE', #4413, #2447, #753, .T. ) ;
#1204 = EDGE_LOOP ( 'NONE', ( #2923, #2032, #87, #4194 ) ) ;
#1205 = FACE_OUTER_BOUND ( 'NONE', #3675, .T. ) ;
#1206 = CIRCLE ( 'NONE', #2194, 30.00000000000000000 ) ;
#1207 = CARTESIAN_POINT ( 'NONE',  ( 0.000000000000000000, -38.76880897422125827, 17.10000000000003340 ) ) ;
#1208 = DIRECTION ( 'NONE',  ( -9.637352644315596722E-16, 1.000000000000000000, -1.108295554096282224E-15 ) ) ;
#1209 = ORIENTED_EDGE ( 'NONE', *, *, #1856, .F. ) ;
#1210 = VECTOR ( 'NONE', #1303, 1000.000000000000000 ) ;
#1211 = DIRECTION ( 'NONE',  ( -2.891205793294678326E-16, -1.000000000000000000, -1.049697225128599695E-16 ) ) ;
#1212 = ORIENTED_EDGE ( 'NONE', *, *, #2538, .F. ) ;
#1213 = CARTESIAN_POINT ( 'NONE',  ( -7.349999999999996980, -16.10000000000000142, -1.500000000000003109 ) ) ;
#1214 = LINE ( 'NONE', #456, #4537 ) ;
#1215 = ORIENTED_EDGE ( 'NONE', *, *, #4083, .T. ) ;
#1216 = ORIENTED_EDGE ( 'NONE', *, *, #2551, .F. ) ;
#1217 = ADVANCED_FACE ( 'NONE', ( #4398 ), #1151, .T. ) ;
#1218 = CARTESIAN_POINT ( 'NONE',  ( 16.50000000000000000, 15.24999999999999645, -17.50000000000000355 ) ) ;
#1219 = ORIENTED_EDGE ( 'NONE', *, *, #4699, .T. ) ;
#1220 = AXIS2_PLACEMENT_3D ( 'NONE', #2925, #3619, #1804 ) ;
#1221 = EDGE_CURVE ( 'NONE', #4658, #2372, #4705, .T. ) ;
#1222 = CYLINDRICAL_SURFACE ( 'NONE', #4424, 0.7499999999999972244 ) ;
#1223 = EDGE_LOOP ( 'NONE', ( #2716, #3133, #4127, #1790 ) ) ;
#1224 = VECTOR ( 'NONE', #1311, 1000.000000000000000 ) ;
#1225 = CARTESIAN_POINT ( 'NONE',  ( -29.88584094275234193, -2.614672282429852057, -14.64288448352113470 ) ) ;
#1226 = AXIS2_PLACEMENT_3D ( 'NONE', #2771, #1399, #1112 ) ;
#1227 = DIRECTION ( 'NONE',  ( -0.000000000000000000, -0.000000000000000000, 1.000000000000000000 ) ) ;
#1228 = VERTEX_POINT ( 'NONE', #2559 ) ;
#1229 = ORIENTED_EDGE ( 'NONE', *, *, #3979, .T. ) ;
#1230 = AXIS2_PLACEMENT_3D ( 'NONE', #261, #2353, #3523 ) ;
#1231 = CARTESIAN_POINT ( 'NONE',  ( 0.000000000000000000, 4.457842200494855083E-15, -11.84288448352118017 ) ) ;
#1232 = CARTESIAN_POINT ( 'NONE',  ( 9.650000000000012790, -27.10000000000000142, 16.49999999999999645 ) ) ;
#1233 = CARTESIAN_POINT ( 'NONE',  ( -7.557106781186544886, -24.29999999999999716, -1.192893218813426692 ) ) ;
#1234 = ORIENTED_EDGE ( 'NONE', *, *, #1960, .T. ) ;
#1235 = EDGE_CURVE ( 'NONE', #1576, #3461, #3757, .T. ) ;
#1236 = PLANE ( 'NONE',  #1139 ) ;
#1237 = EDGE_CURVE ( 'NONE', #65, #4571, #485, .T. ) ;
#1238 = CARTESIAN_POINT ( 'NONE',  ( -8.250000000000000000, -15.69999999999999929, 17.49999999999999645 ) ) ;
#1239 = DIRECTION ( 'NONE',  ( 2.891205793294678326E-16, 1.000000000000000000, 1.049697225128599695E-16 ) ) ;
#1240 = ORIENTED_EDGE ( 'NONE', *, *, #2091, .F. ) ;
#1241 = EDGE_CURVE ( 'NONE', #4587, #907, #1697, .T. ) ;
#1242 = ORIENTED_EDGE ( 'NONE', *, *, #2285, .F. ) ;
#1243 = DIRECTION ( 'NONE',  ( 0.000000000000000000, 1.049697225128599695E-16, -1.000000000000000000 ) ) ;
#1244 = EDGE_LOOP ( 'NONE', ( #656, #2996, #3606, #2117 ) ) ;
#1245 = DIRECTION ( 'NONE',  ( 1.416100796715760617E-16, -1.000000000000000000, 0.000000000000000000 ) ) ;
#1246 = EDGE_CURVE ( 'NONE', #444, #1193, #2940, .T. ) ;
#1247 = EDGE_CURVE ( 'NONE', #3267, #4237, #4014, .T. ) ;
#1248 = DIRECTION ( 'NONE',  ( 0.000000000000000000, 1.000000000000000000, 0.000000000000000000 ) ) ;
#1249 = AXIS2_PLACEMENT_3D ( 'NONE', #3423, #542, #3089 ) ;
#1250 = DIRECTION ( 'NONE',  ( 0.000000000000000000, 0.000000000000000000, 1.000000000000000000 ) ) ;
#1251 = CARTESIAN_POINT ( 'NONE',  ( 12.25000000000000355, -26.10000000000000142, 17.09999999999999787 ) ) ;
#1252 = CARTESIAN_POINT ( 'NONE',  ( 8.250000000000000000, -16.10000000000000142, -7.000000000000002665 ) ) ;
#1253 = ORIENTED_EDGE ( 'NONE', *, *, #175, .F. ) ;
#1254 = ORIENTED_EDGE ( 'NONE', *, *, #3269, .F. ) ;
#1255 =( BOUNDED_CURVE ( )  B_SPLINE_CURVE ( 3, ( #761, #121, #3331, #3307 ),
 .UNSPECIFIED., .F., .T. ) 
 B_SPLINE_CURVE_WITH_KNOTS ( ( 4, 4 ),
 ( 3.141592653589793116, 4.068887871591419625 ),
 .UNSPECIFIED. ) 
 CURVE ( )  GEOMETRIC_REPRESENTATION_ITEM ( )  RATIONAL_B_SPLINE_CURVE ( ( 1.000000000000000000, 0.9296181273332750905, 0.9296181273332750905, 1.000000000000000000 ) ) 
 REPRESENTATION_ITEM ( '' )  );
#1256 = CARTESIAN_POINT ( 'NONE',  ( -16.50000000000000000, 16.50000000000000355, -10.75064546427067391 ) ) ;
#1257 = DIRECTION ( 'NONE',  ( 0.000000000000000000, 1.049697225128599695E-16, -1.000000000000000000 ) ) ;
#1258 = CARTESIAN_POINT ( 'NONE',  ( 12.25000000000000000, -23.09999999999999787, 16.49999999999999645 ) ) ;
#1259 = EDGE_LOOP ( 'NONE', ( #2097, #1290, #1172, #641, #2168, #217, #614, #2883 ) ) ;
#1260 = CARTESIAN_POINT ( 'NONE',  ( -8.250000000000001776, -30.09999999999999787, 17.09999999999999787 ) ) ;
#1261 = EDGE_CURVE ( 'NONE', #2970, #1043, #419, .T. ) ;
#1262 = CARTESIAN_POINT ( 'NONE',  ( -7.349999999999995204, -24.29999999999999361, -7.200000000000002842 ) ) ;
#1263 = CARTESIAN_POINT ( 'NONE',  ( 0.000000000000000000, 4.211910128732925518E-15, -9.499998688697816718 ) ) ;
#1264 = AXIS2_PLACEMENT_3D ( 'NONE', #2975, #4048, #2309 ) ;
#1265 = ORIENTED_EDGE ( 'NONE', *, *, #1831, .T. ) ;
#1266 = ADVANCED_FACE ( 'NONE', ( #3637 ), #3296, .T. ) ;
#1267 = CARTESIAN_POINT ( 'NONE',  ( -7.380487804878043789, -21.95963350026795524, -1.369512195121928455 ) ) ;
#1268 = ORIENTED_EDGE ( 'NONE', *, *, #1348, .T. ) ;
#1269 = CARTESIAN_POINT ( 'NONE',  ( 9.099999999999997868, -22.50000000000000000, 0.3500000000000069722 ) ) ;
#1270 = DIRECTION ( 'NONE',  ( 0.000000000000000000, 0.000000000000000000, -1.000000000000000000 ) ) ;
#1271 = FACE_OUTER_BOUND ( 'NONE', #287, .T. ) ;
#1272 = DIRECTION ( 'NONE',  ( -1.000000000000000000, 0.000000000000000000, 0.000000000000000000 ) ) ;
#1273 = ADVANCED_FACE ( 'NONE', ( #3705 ), #3237, .F. ) ;
#1274 = CARTESIAN_POINT ( 'NONE',  ( 7.349999999999996980, -24.29999999999999361, -7.200000000000002842 ) ) ;
#1275 = DIRECTION ( 'NONE',  ( 0.000000000000000000, 0.000000000000000000, 1.000000000000000000 ) ) ;
#1276 = ORIENTED_EDGE ( 'NONE', *, *, #2749, .F. ) ;
#1277 = VERTEX_POINT ( 'NONE', #3964 ) ;
#1278 = AXIS2_PLACEMENT_3D ( 'NONE', #4139, #1636, #4502 ) ;
#1279 = AXIS2_PLACEMENT_3D ( 'NONE', #2476, #2875, #3552 ) ;
#1280 = DIRECTION ( 'NONE',  ( 0.000000000000000000, 1.000000000000000000, 0.000000000000000000 ) ) ;
#1281 = LINE ( 'NONE', #2450, #2006 ) ;
#1282 = EDGE_CURVE ( 'NONE', #3530, #4147, #699, .T. ) ;
#1283 = EDGE_LOOP ( 'NONE', ( #3, #422, #4497, #4046 ) ) ;
#1284 = CIRCLE ( 'NONE', #605, 1.000000000000000888 ) ;
#1285 = DIRECTION ( 'NONE',  ( -0.000000000000000000, 6.162975822039154730E-31, -1.000000000000000000 ) ) ;
#1286 = DIRECTION ( 'NONE',  ( 0.000000000000000000, 1.049697225128599695E-16, -1.000000000000000000 ) ) ;
#1287 = CIRCLE ( 'NONE', #4102, 1.400000000000001910 ) ;
#1288 = EDGE_LOOP ( 'NONE', ( #2346, #2782 ) ) ;
#1289 = FACE_OUTER_BOUND ( 'NONE', #3191, .T. ) ;
#1290 = ORIENTED_EDGE ( 'NONE', *, *, #1547, .F. ) ;
#1291 = CARTESIAN_POINT ( 'NONE',  ( -13.00000000000000000, -23.10000000000000142, 16.49999999999999645 ) ) ;
#1292 = CYLINDRICAL_SURFACE ( 'NONE', #3150, 0.7499999999999988898 ) ;
#1293 = CARTESIAN_POINT ( 'NONE',  ( -4.375000000000000000, -24.29999999999999361, -17.50000000000000355 ) ) ;
#1294 = DIRECTION ( 'NONE',  ( -1.000000000000000000, 2.102695122396129669E-16, 0.000000000000000000 ) ) ;
#1295 = CIRCLE ( 'NONE', #3731, 1.399999999999998579 ) ;
#1296 = CARTESIAN_POINT ( 'NONE',  ( -4.375000000000000000, -24.29999999999999361, 17.49999999999999645 ) ) ;
#1297 = EDGE_CURVE ( 'NONE', #2998, #2222, #4494, .T. ) ;
#1298 = LINE ( 'NONE', #633, #1486 ) ;
#1299 = AXIS2_PLACEMENT_3D ( 'NONE', #1714, #2459, #2405 ) ;
#1300 = ORIENTED_EDGE ( 'NONE', *, *, #3173, .T. ) ;
#1301 = ORIENTED_EDGE ( 'NONE', *, *, #4294, .F. ) ;
#1302 = EDGE_CURVE ( 'NONE', #3880, #917, #2633, .T. ) ;
#1303 = DIRECTION ( 'NONE',  ( -0.000000000000000000, -0.000000000000000000, 1.000000000000000000 ) ) ;
#1304 = DIRECTION ( 'NONE',  ( 0.000000000000000000, 1.000000000000000000, 0.000000000000000000 ) ) ;
#1305 = ADVANCED_FACE ( 'NONE', ( #1201 ), #1791, .F. ) ;
#1306 = ORIENTED_EDGE ( 'NONE', *, *, #4682, .F. ) ;
#1307 = CARTESIAN_POINT ( 'NONE',  ( -9.393428069454508034, -26.49242894790913638, 16.24342806945452011 ) ) ;
#1308 = PLANE ( 'NONE',  #341 ) ;
#1309 = CARTESIAN_POINT ( 'NONE',  ( -2.614672282429750805, 29.88584094275236680, -11.84288448352117662 ) ) ;
#1310 = ORIENTED_EDGE ( 'NONE', *, *, #1057, .T. ) ;
#1311 = DIRECTION ( 'NONE',  ( -0.000000000000000000, -0.000000000000000000, -1.000000000000000000 ) ) ;
#1312 = VERTEX_POINT ( 'NONE', #3752 ) ;
#1313 = CARTESIAN_POINT ( 'NONE',  ( 7.349999999999996092, -20.19532343512947747, -1.399999999999975708 ) ) ;
#1314 = CARTESIAN_POINT ( 'NONE',  ( 7.349999999999996980, -16.10000000000000142, -1.500000000000003109 ) ) ;
#1315 = DIRECTION ( 'NONE',  ( 0.000000000000000000, -1.049697225128599695E-16, 1.000000000000000000 ) ) ;
#1316 = CARTESIAN_POINT ( 'NONE',  ( 7.349999999999996092, -22.20467656487052466, -1.399999999999975042 ) ) ;
#1317 = AXIS2_PLACEMENT_3D ( 'NONE', #552, #4445, #1176 ) ;
#1318 = DIRECTION ( 'NONE',  ( -0.000000000000000000, -0.000000000000000000, 1.000000000000000000 ) ) ;
#1319 = EDGE_LOOP ( 'NONE', ( #2270, #228, #4529, #1796, #158, #2014, #791, #50, #3134, #3023, #635, #93, #3672, #1857, #2178 ) ) ;
#1320 = EDGE_CURVE ( 'NONE', #2935, #2149, #2331, .T. ) ;
#1321 = ORIENTED_EDGE ( 'NONE', *, *, #781, .F. ) ;
#1322 = AXIS2_PLACEMENT_3D ( 'NONE', #3215, #296, #1048 ) ;
#1323 = EDGE_CURVE ( 'NONE', #4237, #720, #914, .T. ) ;
#1324 = CIRCLE ( 'NONE', #2993, 30.00000000000000000 ) ;
#1325 = DIRECTION ( 'NONE',  ( 0.000000000000000000, -1.000000000000000000, -1.119176436114070071E-16 ) ) ;
#1326 = CARTESIAN_POINT ( 'NONE',  ( 9.250000000000001776, -29.10000000000000142, 0.5000000000000108802 ) ) ;
#1327 = AXIS2_PLACEMENT_3D ( 'NONE', #2516, #1354, #330 ) ;
#1328 = DIRECTION ( 'NONE',  ( 1.000000000000000000, 3.491481338843133355E-15, 0.000000000000000000 ) ) ;
#1329 = ORIENTED_EDGE ( 'NONE', *, *, #625, .T. ) ;
#1330 = VERTEX_POINT ( 'NONE', #4107 ) ;
#1331 = CARTESIAN_POINT ( 'NONE',  ( -11.50000000000000178, -23.10000000000000142, 15.99999999999999645 ) ) ;
#1332 = CARTESIAN_POINT ( 'NONE',  ( 4.723316845720580437E-15, -38.36880897422129522, 17.49999999999999645 ) ) ;
#1333 = DIRECTION ( 'NONE',  ( -1.000000000000000000, 0.000000000000000000, 0.000000000000000000 ) ) ;
#1334 = EDGE_LOOP ( 'NONE', ( #1843, #3242, #2211, #2463 ) ) ;
#1335 = CARTESIAN_POINT ( 'NONE',  ( 3.214697902507782051E-15, 1.243144297987106756E-15, -11.84288448352118017 ) ) ;
#1336 = ORIENTED_EDGE ( 'NONE', *, *, #4120, .T. ) ;
#1337 = AXIS2_PLACEMENT_3D ( 'NONE', #3107, #611, #276 ) ;
#1338 = CARTESIAN_POINT ( 'NONE',  ( -7.349999999999995204, -20.32857874710331814, 17.49999999999999645 ) ) ;
#1339 = EDGE_CURVE ( 'NONE', #859, #3823, #3009, .T. ) ;
#1340 = DIRECTION ( 'NONE',  ( 1.049727191138617710E-16, -0.8571673007021115565, -0.5150380749100554878 ) ) ;
#1341 = VECTOR ( 'NONE', #4158, 1000.000000000000000 ) ;
#1342 = FACE_OUTER_BOUND ( 'NONE', #3222, .T. ) ;
#1343 = CARTESIAN_POINT ( 'NONE',  ( 30.95225575956423114, 1.719844002961222529, 17.50000000000000000 ) ) ;
#1344 = CARTESIAN_POINT ( 'NONE',  ( 0.000000000000000000, -1.971553604520708625E-15, -11.84288448352118017 ) ) ;
#1345 = VERTEX_POINT ( 'NONE', #3416 ) ;
#1346 = ORIENTED_EDGE ( 'NONE', *, *, #44, .T. ) ;
#1347 = CARTESIAN_POINT ( 'NONE',  ( 7.849999999999997868, -24.80000000000000071, -1.500000000000003109 ) ) ;
#1348 = EDGE_CURVE ( 'NONE', #2217, #3470, #4003, .T. ) ;
#1349 = LINE ( 'NONE', #4620, #1017 ) ;
#1350 = VERTEX_POINT ( 'NONE', #868 ) ;
#1351 = VECTOR ( 'NONE', #2761, 1000.000000000000000 ) ;
#1352 = DIRECTION ( 'NONE',  ( -1.000000000000000000, 0.000000000000000000, 0.000000000000000000 ) ) ;
#1353 = CIRCLE ( 'NONE', #364, 0.7499999999999988898 ) ;
#1354 = DIRECTION ( 'NONE',  ( -0.000000000000000000, -0.000000000000000000, 1.000000000000000000 ) ) ;
#1355 = LINE ( 'NONE', #4264, #4242 ) ;
#1356 = ORIENTED_EDGE ( 'NONE', *, *, #3858, .T. ) ;
#1357 = ADVANCED_FACE ( 'NONE', ( #2657 ), #1911, .F. ) ;
#1358 = CARTESIAN_POINT ( 'NONE',  ( 3.214697902507782051E-15, 1.348114020499964654E-15, -12.84288448352115886 ) ) ;
#1359 = VERTEX_POINT ( 'NONE', #3822 ) ;
#1360 = VECTOR ( 'NONE', #1507, 1000.000000000000000 ) ;
#1361 = CARTESIAN_POINT ( 'NONE',  ( -7.349999999999996092, -20.19532343512947747, -1.399999999999972378 ) ) ;
#1362 = CIRCLE ( 'NONE', #1967, 3.400000000000000355 ) ;
#1363 = EDGE_CURVE ( 'NONE', #696, #917, #3780, .T. ) ;
#1364 = DIRECTION ( 'NONE',  ( -1.000000000000000000, 0.000000000000000000, 0.000000000000000000 ) ) ;
#1365 = CARTESIAN_POINT ( 'NONE',  ( -2.314800596404746003, 30.24321410188992587, -12.17276219036980756 ) ) ;
#1366 = EDGE_CURVE ( 'NONE', #3680, #3299, #3853, .T. ) ;
#1367 = CARTESIAN_POINT ( 'NONE',  ( 0.000000000000000000, 1.419715647537872934E-15, 17.10000000000003695 ) ) ;
#1368 = DIRECTION ( 'NONE',  ( -9.637352644315598694E-16, 1.000000000000000000, 0.000000000000000000 ) ) ;
#1369 = ORIENTED_EDGE ( 'NONE', *, *, #2726, .F. ) ;
#1370 = VERTEX_POINT ( 'NONE', #3803 ) ;
#1371 = CARTESIAN_POINT ( 'NONE',  ( -16.50000000000000000, 16.50000000000000355, -17.50000000000000355 ) ) ;
#1372 = AXIS2_PLACEMENT_3D ( 'NONE', #4693, #734, #2590 ) ;
#1373 = DIRECTION ( 'NONE',  ( -0.000000000000000000, 6.162975822039154730E-31, -1.000000000000000000 ) ) ;
#1374 = ORIENTED_EDGE ( 'NONE', *, *, #1831, .F. ) ;
#1375 = CARTESIAN_POINT ( 'NONE',  ( -7.349999999999995204, -24.29999999999999361, -7.200000000000002842 ) ) ;
#1376 = AXIS2_PLACEMENT_3D ( 'NONE', #2304, #1493, #1918 ) ;
#1377 = CARTESIAN_POINT ( 'NONE',  ( 0.000000000000000000, -29.99999999999998579, 17.49999999999999645 ) ) ;
#1378 = CARTESIAN_POINT ( 'NONE',  ( 7.349999999999996980, -24.29999999999999361, -7.200000000000002842 ) ) ;
#1379 = EDGE_LOOP ( 'NONE', ( #1142, #2144, #3733, #1597, #4392, #1229, #2607, #1554, #2926, #3694, #3932, #66 ) ) ;
#1380 = ADVANCED_FACE ( 'NONE', ( #512 ), #846, .F. ) ;
#1381 = DIRECTION ( 'NONE',  ( 0.000000000000000000, -1.049697225128599695E-16, 1.000000000000000000 ) ) ;
#1382 = EDGE_CURVE ( 'NONE', #561, #2505, #3033, .T. ) ;
#1383 = EDGE_LOOP ( 'NONE', ( #2359, #4376, #2572, #1792 ) ) ;
#1384 = DIRECTION ( 'NONE',  ( 0.000000000000000000, -1.049697225128599695E-16, 1.000000000000000000 ) ) ;
#1385 = ADVANCED_FACE ( 'NONE', ( #2703 ), #284, .T. ) ;
#1386 = DIRECTION ( 'NONE',  ( 1.445602896647339163E-16, 1.000000000000000000, 1.049697225128599695E-16 ) ) ;
#1387 = EDGE_CURVE ( 'NONE', #1465, #2845, #821, .T. ) ;
#1388 = DIRECTION ( 'NONE',  ( 0.000000000000000000, -1.049697225128599695E-16, 1.000000000000000000 ) ) ;
#1389 = ORIENTED_EDGE ( 'NONE', *, *, #2458, .T. ) ;
#1390 = ORIENTED_EDGE ( 'NONE', *, *, #1027, .F. ) ;
#1391 = CARTESIAN_POINT ( 'NONE',  ( -9.649999999999979039, -19.89999999999998437, 16.49999999999999645 ) ) ;
#1392 = DIRECTION ( 'NONE',  ( -0.000000000000000000, 6.162975822039154730E-31, -1.000000000000000000 ) ) ;
#1393 = VECTOR ( 'NONE', #2215, 1000.000000000000114 ) ;
#1394 = ORIENTED_EDGE ( 'NONE', *, *, #4058, .T. ) ;
#1395 = VECTOR ( 'NONE', #4685, 1000.000000000000000 ) ;
#1396 = CARTESIAN_POINT ( 'NONE',  ( 12.25000000000000000, -23.09999999999999787, 17.49999999999999645 ) ) ;
#1397 = DIRECTION ( 'NONE',  ( 0.000000000000000000, 0.7071067811865474617, -0.7071067811865474617 ) ) ;
#1398 = CARTESIAN_POINT ( 'NONE',  ( 0.000000000000000000, -1.971553604520708625E-15, -11.84288448352118017 ) ) ;
#1399 = DIRECTION ( 'NONE',  ( 0.000000000000000000, 1.049697225128599695E-16, -1.000000000000000000 ) ) ;
#1400 = ORIENTED_EDGE ( 'NONE', *, *, #41, .F. ) ;
#1401 =( BOUNDED_CURVE ( )  B_SPLINE_CURVE ( 3, ( #1313, #1533, #796, #63 ),
 .UNSPECIFIED., .F., .T. ) 
 B_SPLINE_CURVE_WITH_KNOTS ( ( 4, 4 ),
 ( 1.445602896647351243E-16, 0.2475641111198443045 ),
 .UNSPECIFIED. ) 
 CURVE ( )  GEOMETRIC_REPRESENTATION_ITEM ( )  RATIONAL_B_SPLINE_CURVE ( ( 1.000000000000000000, 0.9948991854552264869, 0.9948991854552264869, 1.000000000000000000 ) ) 
 REPRESENTATION_ITEM ( '' )  );
#1402 = EDGE_CURVE ( 'NONE', #4071, #2793, #4540, .T. ) ;
#1403 = DIRECTION ( 'NONE',  ( 0.000000000000000000, -1.000000000000000000, -1.176651286095689651E-16 ) ) ;
#1404 = EDGE_LOOP ( 'NONE', ( #1763, #4287, #1774, #4512 ) ) ;
#1405 = CARTESIAN_POINT ( 'NONE',  ( -8.349999999999996092, -20.19532343512947747, -7.000000000000002665 ) ) ;
#1406 = EDGE_CURVE ( 'NONE', #65, #2300, #1632, .T. ) ;
#1407 = CARTESIAN_POINT ( 'NONE',  ( -12.25000000000000000, -23.10000000000000142, 15.99999999999999645 ) ) ;
#1408 = LINE ( 'NONE', #1053, #1927 ) ;
#1409 = ORIENTED_EDGE ( 'NONE', *, *, #1241, .F. ) ;
#1410 = AXIS2_PLACEMENT_3D ( 'NONE', #4385, #1141, #26 ) ;
#1411 = VERTEX_POINT ( 'NONE', #111 ) ;
#1412 = DIRECTION ( 'NONE',  ( 0.7071067811865485719, -2.799475850411171651E-17, -0.7071067811865464625 ) ) ;
#1413 = CARTESIAN_POINT ( 'NONE',  ( 0.000000000000000000, 30.99999999999997868, -12.84288448352115530 ) ) ;
#1414 = ORIENTED_EDGE ( 'NONE', *, *, #1956, .F. ) ;
#1415 = DIRECTION ( 'NONE',  ( 1.000000000000000000, 0.000000000000000000, 0.000000000000000000 ) ) ;
#1416 = EDGE_CURVE ( 'NONE', #4065, #2601, #1490, .T. ) ;
#1417 = DIRECTION ( 'NONE',  ( 0.000000000000000000, 1.000000000000000000, 1.156482317317871478E-16 ) ) ;
#1418 = CIRCLE ( 'NONE', #669, 0.7499999999999988898 ) ;
#1419 = CARTESIAN_POINT ( 'NONE',  ( -12.25000000000000000, -26.10000000000000497, 17.09999999999999787 ) ) ;
#1420 = CARTESIAN_POINT ( 'NONE',  ( 7.349999999999996980, -24.29999999999999361, -7.200000000000002842 ) ) ;
#1421 = EDGE_LOOP ( 'NONE', ( #858, #2800, #2643, #4037 ) ) ;
#1422 = AXIS2_PLACEMENT_3D ( 'NONE', #2494, #289, #685 ) ;
#1423 = AXIS2_PLACEMENT_3D ( 'NONE', #4250, #984, #2441 ) ;
#1424 = FACE_OUTER_BOUND ( 'NONE', #1404, .T. ) ;
#1425 = ORIENTED_EDGE ( 'NONE', *, *, #1731, .F. ) ;
#1426 = CARTESIAN_POINT ( 'NONE',  ( 4.375000000000000000, -21.19999999999999574, 17.49999999999999645 ) ) ;
#1427 =( BOUNDED_CURVE ( )  B_SPLINE_CURVE ( 3, ( #630, #2461, #340, #1783 ),
 .UNSPECIFIED., .F., .T. ) 
 B_SPLINE_CURVE_WITH_KNOTS ( ( 4, 4 ),
 ( 0.000000000000000000, 1.570796326794896114 ),
 .UNSPECIFIED. ) 
 CURVE ( )  GEOMETRIC_REPRESENTATION_ITEM ( )  RATIONAL_B_SPLINE_CURVE ( ( 1.000000000000000000, 0.8047378541243650485, 0.8047378541243650485, 1.000000000000000000 ) ) 
 REPRESENTATION_ITEM ( '' )  );
#1428 = VERTEX_POINT ( 'NONE', #1453 ) ;
#1429 = CARTESIAN_POINT ( 'NONE',  ( -16.50000000000000000, 15.75000000000000355, -17.00000000000000355 ) ) ;
#1430 = AXIS2_PLACEMENT_3D ( 'NONE', #661, #4573, #4213 ) ;
#1431 = CARTESIAN_POINT ( 'NONE',  ( -8.250000000000001776, -29.10000000000000142, -7.000000000000002665 ) ) ;
#1432 = ORIENTED_EDGE ( 'NONE', *, *, #1499, .F. ) ;
#1433 = AXIS2_PLACEMENT_3D ( 'NONE', #1231, #2683, #2449 ) ;
#1434 = ORIENTED_EDGE ( 'NONE', *, *, #519, .T. ) ;
#1435 = ADVANCED_FACE ( 'NONE', ( #360 ), #1675, .F. ) ;
#1436 = CARTESIAN_POINT ( 'NONE',  ( -12.25000000000000000, -23.10000000000000142, 9.750645464270666807 ) ) ;
#1437 = EDGE_CURVE ( 'NONE', #721, #2844, #582, .T. ) ;
#1438 = DIRECTION ( 'NONE',  ( -1.000000000000000000, 0.000000000000000000, 0.000000000000000000 ) ) ;
#1439 = EDGE_CURVE ( 'NONE', #696, #2472, #3779, .T. ) ;
#1440 = ORIENTED_EDGE ( 'NONE', *, *, #1499, .T. ) ;
#1441 = CIRCLE ( 'NONE', #3268, 1.249999999999999334 ) ;
#1442 = DIRECTION ( 'NONE',  ( -0.000000000000000000, -0.000000000000000000, 1.000000000000000000 ) ) ;
#1443 = EDGE_CURVE ( 'NONE', #3505, #4159, #1807, .T. ) ;
#1444 = FACE_OUTER_BOUND ( 'NONE', #3783, .T. ) ;
#1445 = DIRECTION ( 'NONE',  ( -0.000000000000000000, -0.000000000000000000, 1.000000000000000000 ) ) ;
#1446 = DIRECTION ( 'NONE',  ( 1.049727191138617710E-16, -0.8571673007021115565, -0.5150380749100554878 ) ) ;
#1447 = VERTEX_POINT ( 'NONE', #252 ) ;
#1448 = AXIS2_PLACEMENT_3D ( 'NONE', #126, #1572, #3027 ) ;
#1449 = FACE_OUTER_BOUND ( 'NONE', #1973, .T. ) ;
#1450 = AXIS2_PLACEMENT_3D ( 'NONE', #758, #3594, #3616 ) ;
#1451 = EDGE_LOOP ( 'NONE', ( #5, #3849, #3585, #1265 ) ) ;
#1452 = DIRECTION ( 'NONE',  ( 0.000000000000000000, 0.000000000000000000, -1.000000000000000000 ) ) ;
#1453 = CARTESIAN_POINT ( 'NONE',  ( -16.50000000000000000, 16.50000000000000355, -10.30000000000000426 ) ) ;
#1454 = EDGE_LOOP ( 'NONE', ( #1188, #2239, #3400, #1862 ) ) ;
#1455 = CARTESIAN_POINT ( 'NONE',  ( -16.50000000000000000, -16.49999999999999645, -17.50000000000000355 ) ) ;
#1456 = LINE ( 'NONE', #4415, #2388 ) ;
#1457 = ORIENTED_EDGE ( 'NONE', *, *, #2474, .T. ) ;
#1458 = ORIENTED_EDGE ( 'NONE', *, *, #1114, .T. ) ;
#1459 = CARTESIAN_POINT ( 'NONE',  ( 8.250000000000001776, -30.09999999999999787, -7.000000000000002665 ) ) ;
#1460 = ADVANCED_FACE ( 'NONE', ( #3977 ), #3652, .T. ) ;
#1461 = CARTESIAN_POINT ( 'NONE',  ( 8.250000000000001776, -30.09999999999999787, 17.09999999999999787 ) ) ;
#1462 = ADVANCED_FACE ( 'NONE', ( #3132 ), #4155, .F. ) ;
#1463 = DIRECTION ( 'NONE',  ( -1.000000000000000000, -1.416100796715760617E-16, -1.486477076814933186E-32 ) ) ;
#1464 = EDGE_CURVE ( 'NONE', #4571, #2469, #2820, .T. ) ;
#1465 = VERTEX_POINT ( 'NONE', #1722 ) ;
#1466 = CARTESIAN_POINT ( 'NONE',  ( -7.360214704941546060, -22.03984396308287685, -1.389785295058423964 ) ) ;
#1467 = AXIS2_PLACEMENT_3D ( 'NONE', #4579, #3123, #2631 ) ;
#1468 = DIRECTION ( 'NONE',  ( 0.000000000000000000, 0.000000000000000000, 1.000000000000000000 ) ) ;
#1469 = DIRECTION ( 'NONE',  ( 1.000000000000000000, 2.797941090285174562E-16, 0.000000000000000000 ) ) ;
#1470 = AXIS2_PLACEMENT_3D ( 'NONE', #3611, #1127, #4375 ) ;
#1471 = CARTESIAN_POINT ( 'NONE',  ( 2.614672282429750805, -29.88584094275236325, -11.84288448352118372 ) ) ;
#1472 = ORIENTED_EDGE ( 'NONE', *, *, #3070, .F. ) ;
#1473 = VECTOR ( 'NONE', #3172, 1000.000000000000000 ) ;
#1474 = CARTESIAN_POINT ( 'NONE',  ( -8.250000000000001776, -29.10000000000000142, 17.49999999999999645 ) ) ;
#1475 = ORIENTED_EDGE ( 'NONE', *, *, #1875, .T. ) ;
#1476 = FILL_AREA_STYLE ('',( #4047 ) ) ;
#1477 = FACE_OUTER_BOUND ( 'NONE', #4171, .T. ) ;
#1478 = ORIENTED_EDGE ( 'NONE', *, *, #743, .T. ) ;
#1479 = CARTESIAN_POINT ( 'NONE',  ( 12.25000000000000000, -19.69999999999999929, 17.49999999999999645 ) ) ;
#1480 = EDGE_CURVE ( 'NONE', #3746, #4204, #4458, .T. ) ;
#1481 = DIRECTION ( 'NONE',  ( -0.000000000000000000, -0.000000000000000000, 1.000000000000000000 ) ) ;
#1482 = ORIENTED_EDGE ( 'NONE', *, *, #4268, .T. ) ;
#1483 = ORIENTED_EDGE ( 'NONE', *, *, #3070, .T. ) ;
#1484 = LINE ( 'NONE', #2201, #1015 ) ;
#1485 = DIRECTION ( 'NONE',  ( -1.000000000000000000, 0.000000000000000000, 0.000000000000000000 ) ) ;
#1486 = VECTOR ( 'NONE', #715, 1000.000000000000000 ) ;
#1487 = DIRECTION ( 'NONE',  ( 0.000000000000000000, 0.000000000000000000, 1.000000000000000000 ) ) ;
#1488 = VERTEX_POINT ( 'NONE', #3623 ) ;
#1489 = ORIENTED_EDGE ( 'NONE', *, *, #3967, .F. ) ;
#1490 = CIRCLE ( 'NONE', #4157, 29.99999999999999645 ) ;
#1491 = DIRECTION ( 'NONE',  ( 0.7071067811865474617, 0.000000000000000000, 0.7071067811865474617 ) ) ;
#1492 = DIRECTION ( 'NONE',  ( -1.495451272393798556E-16, 1.000000000000000000, -0.000000000000000000 ) ) ;
#1493 = DIRECTION ( 'NONE',  ( -0.7660444431189835646, 0.6427876096865327016, 6.747323702349988415E-17 ) ) ;
#1494 = ORIENTED_EDGE ( 'NONE', *, *, #2208, .F. ) ;
#1495 = DIRECTION ( 'NONE',  ( -1.000000000000000000, -1.047444401652940007E-14, 0.000000000000000000 ) ) ;
#1496 = ORIENTED_EDGE ( 'NONE', *, *, #4409, .F. ) ;
#1497 = CARTESIAN_POINT ( 'NONE',  ( 8.250000000000001776, -30.09999999999999787, -0.4999999999999779066 ) ) ;
#1498 = DIRECTION ( 'NONE',  ( -0.000000000000000000, -0.000000000000000000, -1.000000000000000000 ) ) ;
#1499 = EDGE_CURVE ( 'NONE', #530, #151, #3894, .T. ) ;
#1500 = VECTOR ( 'NONE', #2919, 1000.000000000000000 ) ;
#1501 = CIRCLE ( 'NONE', #2491, 29.99999999999999645 ) ;
#1502 = ORIENTED_EDGE ( 'NONE', *, *, #3334, .T. ) ;
#1503 = FACE_OUTER_BOUND ( 'NONE', #3860, .T. ) ;
#1504 = ORIENTED_EDGE ( 'NONE', *, *, #1110, .F. ) ;
#1505 = EDGE_CURVE ( 'NONE', #3665, #124, #3516, .T. ) ;
#1506 = DIRECTION ( 'NONE',  ( 0.000000000000000000, 1.000000000000000000, 0.000000000000000000 ) ) ;
#1507 = DIRECTION ( 'NONE',  ( 1.000000000000000000, 1.416100796715760617E-16, -0.000000000000000000 ) ) ;
#1508 = CARTESIAN_POINT ( 'NONE',  ( 0.000000000000000000, -1.782608103997563224E-15, -13.64288448352115779 ) ) ;
#1509 = EDGE_CURVE ( 'NONE', #3299, #2015, #1298, .T. ) ;
#1510 = CARTESIAN_POINT ( 'NONE',  ( 3.673940397442057600E-15, 29.99999999999998579, 17.50000000000000355 ) ) ;
#1511 = CARTESIAN_POINT ( 'NONE',  ( 0.000000000000000000, -1.836970143975040049E-15, 17.09999999999996945 ) ) ;
#1512 = CIRCLE ( 'NONE', #222, 3.099999999999998757 ) ;
#1513 = ORIENTED_EDGE ( 'NONE', *, *, #3737, .T. ) ;
#1514 = ORIENTED_EDGE ( 'NONE', *, *, #1115, .F. ) ;
#1515 = CARTESIAN_POINT ( 'NONE',  ( -29.88584094275237746, 2.614672282429647332, -14.64288448352113825 ) ) ;
#1516 = CARTESIAN_POINT ( 'NONE',  ( -16.50000000000000000, 16.50000000000000355, -17.50000000000000355 ) ) ;
#1517 = DIRECTION ( 'NONE',  ( 1.000000000000000000, 0.000000000000000000, -0.000000000000000000 ) ) ;
#1518 = VERTEX_POINT ( 'NONE', #1095 ) ;
#1519 = CARTESIAN_POINT ( 'NONE',  ( -9.250000000000001776, -27.10000000000000497, 16.10000000000001208 ) ) ;
#1520 = ORIENTED_EDGE ( 'NONE', *, *, #3080, .F. ) ;
#1521 = DIRECTION ( 'NONE',  ( 1.049727191138617710E-16, -0.8571673007021115565, -0.5150380749100554878 ) ) ;
#1522 = CARTESIAN_POINT ( 'NONE',  ( 12.25000000000000355, -26.10000000000000142, 16.49999999999999645 ) ) ;
#1523 = EDGE_CURVE ( 'NONE', #4455, #859, #4611, .T. ) ;
#1524 = EDGE_CURVE ( 'NONE', #4461, #404, #985, .T. ) ;
#1525 = ORIENTED_EDGE ( 'NONE', *, *, #165, .F. ) ;
#1526 = DIRECTION ( 'NONE',  ( 1.000000000000000000, 1.416100796715760863E-16, 1.486477076814933460E-32 ) ) ;
#1527 = EDGE_CURVE ( 'NONE', #3918, #917, #348, .T. ) ;
#1528 = CONICAL_SURFACE ( 'NONE', #3959, 0.7499999999999988898, 1.029744258676651425 ) ;
#1529 = DIRECTION ( 'NONE',  ( -1.000000000000000000, 2.102695122396129669E-16, 2.207193235270658624E-32 ) ) ;
#1530 = ORIENTED_EDGE ( 'NONE', *, *, #1115, .T. ) ;
#1531 = DIRECTION ( 'NONE',  ( 0.7071067811865474617, 0.000000000000000000, -0.7071067811865474617 ) ) ;
#1532 = VECTOR ( 'NONE', #3691, 1000.000000000000000 ) ;
#1533 = CARTESIAN_POINT ( 'NONE',  ( 7.349999999999995204, -20.27805623954235870, -1.399999999999976374 ) ) ;
#1534 = CARTESIAN_POINT ( 'NONE',  ( -7.349999999999995204, -22.07142125289667689, -7.200000000000001954 ) ) ;
#1535 = VERTEX_POINT ( 'NONE', #2798 ) ;
#1536 = ORIENTED_EDGE ( 'NONE', *, *, #2510, .T. ) ;
#1537 = CARTESIAN_POINT ( 'NONE',  ( -8.250000000000001776, -29.10000000000000142, 17.09999999999999787 ) ) ;
#1538 = LINE ( 'NONE', #1134, #239 ) ;
#1539 = VERTEX_POINT ( 'NONE', #4252 ) ;
#1540 = AXIS2_PLACEMENT_3D ( 'NONE', #2811, #2455, #997 ) ;
#1541 = CYLINDRICAL_SURFACE ( 'NONE', #1601, 1.000000000000000888 ) ;
#1542 = AXIS2_PLACEMENT_3D ( 'NONE', #84, #2961, #1864 ) ;
#1543 = AXIS2_PLACEMENT_3D ( 'NONE', #2366, #3820, #1272 ) ;
#1544 = LINE ( 'NONE', #1118, #266 ) ;
#1545 = LINE ( 'NONE', #4408, #655 ) ;
#1546 = VECTOR ( 'NONE', #3796, 1000.000000000000000 ) ;
#1547 = EDGE_CURVE ( 'NONE', #2046, #1054, #937, .T. ) ;
#1548 = VECTOR ( 'NONE', #2886, 999.9999999999998863 ) ;
#1549 = ORIENTED_EDGE ( 'NONE', *, *, #131, .F. ) ;
#1550 = FACE_OUTER_BOUND ( 'NONE', #3543, .T. ) ;
#1551 = ORIENTED_EDGE ( 'NONE', *, *, #4414, .F. ) ;
#1552 = MECHANICAL_DESIGN_GEOMETRIC_PRESENTATION_REPRESENTATION (  '', ( #1776 ), #1160 ) ;
#1553 = DIRECTION ( 'NONE',  ( 0.000000000000000000, 0.8571673007021115565, -0.5150380749100554878 ) ) ;
#1554 = ORIENTED_EDGE ( 'NONE', *, *, #1320, .F. ) ;
#1555 = DIRECTION ( 'NONE',  ( 0.000000000000000000, -1.000000000000000000, -0.000000000000000000 ) ) ;
#1556 = CARTESIAN_POINT ( 'NONE',  ( 0.000000000000000000, 4.751757423530858777E-15, -14.64288448352113470 ) ) ;
#1557 = ORIENTED_EDGE ( 'NONE', *, *, #3772, .T. ) ;
#1558 = ORIENTED_EDGE ( 'NONE', *, *, #1091, .F. ) ;
#1559 = LINE ( 'NONE', #4473, #225 ) ;
#1560 = LINE ( 'NONE', #4475, #3248 ) ;
#1561 = EDGE_CURVE ( 'NONE', #3470, #4147, #203, .T. ) ;
#1562 = DIRECTION ( 'NONE',  ( 1.000000000000000000, -2.102695122396129669E-16, -2.207193235270658624E-32 ) ) ;
#1563 = ORIENTED_EDGE ( 'NONE', *, *, #1732, .T. ) ;
#1564 = AXIS2_PLACEMENT_3D ( 'NONE', #134, #469, #2369 ) ;
#1565 = FACE_OUTER_BOUND ( 'NONE', #1123, .T. ) ;
#1566 = EDGE_CURVE ( 'NONE', #2506, #4347, #3494, .T. ) ;
#1567 = ORIENTED_EDGE ( 'NONE', *, *, #3737, .F. ) ;
#1568 = DIRECTION ( 'NONE',  ( 1.445602896647339163E-16, 1.000000000000000000, 0.000000000000000000 ) ) ;
#1569 = DIRECTION ( 'NONE',  ( 0.000000000000000000, 1.000000000000000000, 8.949067675152391866E-17 ) ) ;
#1570 = EDGE_LOOP ( 'NONE', ( #3049, #916, #3304, #149 ) ) ;
#1571 = ORIENTED_EDGE ( 'NONE', *, *, #2868, .T. ) ;
#1572 = DIRECTION ( 'NONE',  ( -0.000000000000000000, 0.000000000000000000, -1.000000000000000000 ) ) ;
#1573 = EDGE_LOOP ( 'NONE', ( #3002, #2576, #1389 ) ) ;
#1574 = CIRCLE ( 'NONE', #969, 30.00000000000000000 ) ;
#1575 = CARTESIAN_POINT ( 'NONE',  ( 0.000000000000000000, -34.99999999999997158, -9.499998688697820270 ) ) ;
#1576 = VERTEX_POINT ( 'NONE', #479 ) ;
#1577 = DIRECTION ( 'NONE',  ( 0.000000000000000000, 0.000000000000000000, -1.000000000000000000 ) ) ;
#1578 = CIRCLE ( 'NONE', #2266, 3.000000000000002665 ) ;
#1579 = VECTOR ( 'NONE', #3700, 1000.000000000000000 ) ;
#1580 = CARTESIAN_POINT ( 'NONE',  ( 8.250000000000001776, -29.10000000000000142, 17.09999999999999787 ) ) ;
#1581 = ORIENTED_EDGE ( 'NONE', *, *, #2, .T. ) ;
#1582 = EDGE_CURVE ( 'NONE', #2323, #2099, #1545, .T. ) ;
#1583 = ORIENTED_EDGE ( 'NONE', *, *, #1523, .F. ) ;
#1584 = ADVANCED_FACE ( 'NONE', ( #4075 ), #3312, .T. ) ;
#1585 = EDGE_CURVE ( 'NONE', #1100, #3445, #3722, .T. ) ;
#1586 = PLANE ( 'NONE',  #4331 ) ;
#1587 = AXIS2_PLACEMENT_3D ( 'NONE', #2302, #4068, #540 ) ;
#1588 = EDGE_CURVE ( 'NONE', #4362, #3741, #3472, .T. ) ;
#1589 = DIRECTION ( 'NONE',  ( -0.000000000000000000, -1.049697225128599695E-16, 1.000000000000000000 ) ) ;
#1590 = LINE ( 'NONE', #92, #1682 ) ;
#1591 = VERTEX_POINT ( 'NONE', #3022 ) ;
#1592 = AXIS2_PLACEMENT_3D ( 'NONE', #3136, #2827, #4285 ) ;
#1593 = DIRECTION ( 'NONE',  ( -0.000000000000000000, -1.049697225128599695E-16, 1.000000000000000000 ) ) ;
#1594 = EDGE_CURVE ( 'NONE', #3627, #1518, #4433, .T. ) ;
#1595 = CARTESIAN_POINT ( 'NONE',  ( -16.50000000000000000, -16.49999999999999645, -17.00000000000000355 ) ) ;
#1596 = DIRECTION ( 'NONE',  ( 0.000000000000000000, 0.000000000000000000, 1.000000000000000000 ) ) ;
#1597 = ORIENTED_EDGE ( 'NONE', *, *, #1915, .F. ) ;
#1598 = VERTEX_POINT ( 'NONE', #1190 ) ;
#1599 = DIRECTION ( 'NONE',  ( 0.000000000000000000, -1.000000000000000000, -1.176651286095689651E-16 ) ) ;
#1600 = ORIENTED_EDGE ( 'NONE', *, *, #4353, .T. ) ;
#1601 = AXIS2_PLACEMENT_3D ( 'NONE', #3742, #806, #143 ) ;
#1602 = LINE ( 'NONE', #1314, #3373 ) ;
#1603 = CARTESIAN_POINT ( 'NONE',  ( 1.719844002960906337, 30.95225575956424535, -12.84288448352115530 ) ) ;
#1604 = DIRECTION ( 'NONE',  ( 0.000000000000000000, -1.000000000000000000, -1.118633459394048983E-16 ) ) ;
#1605 = AXIS2_PLACEMENT_3D ( 'NONE', #270, #2434, #3556 ) ;
#1606 = CARTESIAN_POINT ( 'NONE',  ( -10.24999999999999822, -20.10000000000000142, 16.49999999999999645 ) ) ;
#1607 = VECTOR ( 'NONE', #1981, 1000.000000000000000 ) ;
#1608 = DIRECTION ( 'NONE',  ( 1.000000000000000000, 0.000000000000000000, 0.000000000000000000 ) ) ;
#1609 = ORIENTED_EDGE ( 'NONE', *, *, #3138, .T. ) ;
#1610 = ORIENTED_EDGE ( 'NONE', *, *, #4470, .T. ) ;
#1611 = EDGE_CURVE ( 'NONE', #322, #4692, #4122, .T. ) ;
#1612 = DIRECTION ( 'NONE',  ( -0.000000000000000000, -0.000000000000000000, -1.000000000000000000 ) ) ;
#1613 = EDGE_CURVE ( 'NONE', #2453, #206, #810, .T. ) ;
#1614 = LINE ( 'NONE', #3063, #973 ) ;
#1615 = VERTEX_POINT ( 'NONE', #3308 ) ;
#1616 = CARTESIAN_POINT ( 'NONE',  ( 16.50000000000000000, -16.49999999999999645, -17.50000000000000355 ) ) ;
#1617 = FACE_OUTER_BOUND ( 'NONE', #1202, .T. ) ;
#1618 = CARTESIAN_POINT ( 'NONE',  ( 10.25000000000000178, -27.10000000000000142, -7.000000000000002665 ) ) ;
#1619 = EDGE_LOOP ( 'NONE', ( #1677, #2784 ) ) ;
#1620 = CONICAL_SURFACE ( 'NONE', #4289, 30.99999999999997513, 0.7853981633974466137 ) ;
#1621 = LINE ( 'NONE', #3076, #4272 ) ;
#1622 = ORIENTED_EDGE ( 'NONE', *, *, #1235, .T. ) ;
#1623 = DIRECTION ( 'NONE',  ( -0.000000000000000000, -1.049697225128599695E-16, 1.000000000000000000 ) ) ;
#1624 = LINE ( 'NONE', #4608, #1625 ) ;
#1625 = VECTOR ( 'NONE', #4558, 1000.000000000000000 ) ;
#1626 = VECTOR ( 'NONE', #2415, 1000.000000000000000 ) ;
#1627 = DIRECTION ( 'NONE',  ( 0.000000000000000000, 0.7071067811865464625, -0.7071067811865486830 ) ) ;
#1628 = VECTOR ( 'NONE', #3878, 1000.000000000000000 ) ;
#1629 = LINE ( 'NONE', #3082, #2332 ) ;
#1630 = DIRECTION ( 'NONE',  ( 0.000000000000000000, 1.000000000000000000, 0.000000000000000000 ) ) ;
#1631 = EDGE_CURVE ( 'NONE', #1954, #1539, #2629, .T. ) ;
#1632 = LINE ( 'NONE', #3011, #4617 ) ;
#1633 = ORIENTED_EDGE ( 'NONE', *, *, #3297, .T. ) ;
#1634 = ORIENTED_EDGE ( 'NONE', *, *, #2979, .T. ) ;
#1635 = CARTESIAN_POINT ( 'NONE',  ( -2.314800596404745558, 30.24321410188992587, -14.31300677667250021 ) ) ;
#1636 = DIRECTION ( 'NONE',  ( -0.000000000000000000, -0.000000000000000000, 1.000000000000000000 ) ) ;
#1637 = VERTEX_POINT ( 'NONE', #3697 ) ;
#1638 = FACE_OUTER_BOUND ( 'NONE', #2671, .T. ) ;
#1639 = CARTESIAN_POINT ( 'NONE',  ( -8.349999999999994316, -22.20467656487052110, 17.49999999999999645 ) ) ;
#1640 = FACE_OUTER_BOUND ( 'NONE', #4411, .T. ) ;
#1641 = CONICAL_SURFACE ( 'NONE', #4308, 11.09999999999999964, 0.7853981633974591592 ) ;
#1642 = EDGE_LOOP ( 'NONE', ( #2292, #2766, #2910, #3992, #262 ) ) ;
#1643 = CARTESIAN_POINT ( 'NONE',  ( 0.000000000000000000, 5.051668046482831961E-15, -17.50000000000000000 ) ) ;
#1644 = ORIENTED_EDGE ( 'NONE', *, *, #41, .T. ) ;
#1645 = DIRECTION ( 'NONE',  ( 2.051189749233279761E-16, 1.000000000000000000, 0.000000000000000000 ) ) ;
#1646 = CARTESIAN_POINT ( 'NONE',  ( 1.099999999999989875, -1.836970143975040049E-15, -7.500000000000007105 ) ) ;
#1647 = ADVANCED_FACE ( 'NONE', ( #1477 ), #3356, .F. ) ;
#1648 = CARTESIAN_POINT ( 'NONE',  ( 9.250000000000003553, -17.10000000000000142, 0.5000000000000108802 ) ) ;
#1649 = FACE_OUTER_BOUND ( 'NONE', #988, .T. ) ;
#1650 = CARTESIAN_POINT ( 'NONE',  ( -16.50000000000000000, 16.50000000000000355, -10.75064546427067391 ) ) ;
#1651 = EDGE_CURVE ( 'NONE', #2970, #2324, #1214, .T. ) ;
#1652 = AXIS2_PLACEMENT_3D ( 'NONE', #1378, #1469, #3280 ) ;
#1653 = DIRECTION ( 'NONE',  ( 0.000000000000000000, 0.000000000000000000, 1.000000000000000000 ) ) ;
#1654 = ORIENTED_EDGE ( 'NONE', *, *, #3216, .T. ) ;
#1655 = ORIENTED_EDGE ( 'NONE', *, *, #1416, .T. ) ;
#1656 = VECTOR ( 'NONE', #2978, 1000.000000000000000 ) ;
#1657 = LINE ( 'NONE', #2777, #1815 ) ;
#1658 = CARTESIAN_POINT ( 'NONE',  ( 4.517036789359629851E-15, 34.99999999999999289, -9.499998688697813165 ) ) ;
#1659 = EDGE_LOOP ( 'NONE', ( #3952, #1097, #1897, #2686 ) ) ;
#1660 = VECTOR ( 'NONE', #776, 1000.000000000000000 ) ;
#1661 = DIRECTION ( 'NONE',  ( 0.000000000000000000, 0.000000000000000000, -1.000000000000000000 ) ) ;
#1662 = CYLINDRICAL_SURFACE ( 'NONE', #2999, 1.000000000000000888 ) ;
#1663 = DIRECTION ( 'NONE',  ( 0.7071067811865460184, 0.000000000000000000, -0.7071067811865489050 ) ) ;
#1664 = VERTEX_POINT ( 'NONE', #2265 ) ;
#1665 = CARTESIAN_POINT ( 'NONE',  ( 7.350000000000000533, -30.09999999999999787, -1.399999999999969935 ) ) ;
#1666 = ORIENTED_EDGE ( 'NONE', *, *, #417, .F. ) ;
#1667 = PLANE ( 'NONE',  #1467 ) ;
#1668 = EDGE_CURVE ( 'NONE', #917, #3918, #3925, .T. ) ;
#1669 = CARTESIAN_POINT ( 'NONE',  ( 3.673940397442058389E-15, 29.99999999999999645, -16.98577027834449282 ) ) ;
#1670 = CARTESIAN_POINT ( 'NONE',  ( 2.016592058422626899, 30.59860519837239679, -12.50624183010349633 ) ) ;
#1671 = EDGE_CURVE ( 'NONE', #1907, #4271, #52, .T. ) ;
#1672 = FACE_OUTER_BOUND ( 'NONE', #1081, .T. ) ;
#1673 = CONICAL_SURFACE ( 'NONE', #839, 1.250000000000001110, 0.7853981633974482790 ) ;
#1674 = DIRECTION ( 'NONE',  ( -1.000000000000000000, -1.416100796715760863E-16, 0.000000000000000000 ) ) ;
#1675 = CYLINDRICAL_SURFACE ( 'NONE', #1107, 3.000000000000002665 ) ;
#1676 = CIRCLE ( 'NONE', #1902, 29.48577027834452124 ) ;
#1677 = ORIENTED_EDGE ( 'NONE', *, *, #947, .T. ) ;
#1678 = ORIENTED_EDGE ( 'NONE', *, *, #2718, .T. ) ;
#1679 = VECTOR ( 'NONE', #141, 1000.000000000000000 ) ;
#1680 = LINE ( 'NONE', #3087, #4708 ) ;
#1681 = DIRECTION ( 'NONE',  ( 0.000000000000000000, 1.000000000000000000, 0.000000000000000000 ) ) ;
#1682 = VECTOR ( 'NONE', #1208, 1000.000000000000000 ) ;
#1683 = ORIENTED_EDGE ( 'NONE', *, *, #4474, .T. ) ;
#1684 = ORIENTED_EDGE ( 'NONE', *, *, #3216, .F. ) ;
#1685 = DIRECTION ( 'NONE',  ( -0.000000000000000000, 6.162975822039154730E-31, -1.000000000000000000 ) ) ;
#1686 = CARTESIAN_POINT ( 'NONE',  ( -4.375000000000000000, -21.19999999999999574, -7.000000000000002665 ) ) ;
#1687 = DIRECTION ( 'NONE',  ( 0.000000000000000000, -1.000000000000000000, -9.912705577010330480E-17 ) ) ;
#1688 = ORIENTED_EDGE ( 'NONE', *, *, #2839, .T. ) ;
#1689 = DIRECTION ( 'NONE',  ( 0.000000000000000000, 1.000000000000000000, 6.162975822039154730E-31 ) ) ;
#1690 = ORIENTED_EDGE ( 'NONE', *, *, #1524, .T. ) ;
#1691 = CARTESIAN_POINT ( 'NONE',  ( -30.95225575956423825, -1.719844002961016471, -13.64288448352115779 ) ) ;
#1692 = DIRECTION ( 'NONE',  ( -0.000000000000000000, -0.000000000000000000, 1.000000000000000000 ) ) ;
#1693 = CARTESIAN_POINT ( 'NONE',  ( 12.25000000000000355, -26.10000000000000142, 16.49999999999999645 ) ) ;
#1694 = FACE_OUTER_BOUND ( 'NONE', #98, .T. ) ;
#1695 = EDGE_CURVE ( 'NONE', #1411, #3805, #3618, .T. ) ;
#1696 = AXIS2_PLACEMENT_3D ( 'NONE', #439, #1887, #3341 ) ;
#1697 = CIRCLE ( 'NONE', #3835, 34.99999999999998579 ) ;
#1698 = DIRECTION ( 'NONE',  ( -0.000000000000000000, -0.000000000000000000, -1.000000000000000000 ) ) ;
#1699 = CARTESIAN_POINT ( 'NONE',  ( -16.50000000000000000, 17.25000000000000355, -17.00000000000000355 ) ) ;
#1700 = ORIENTED_EDGE ( 'NONE', *, *, #4678, .F. ) ;
#1701 = ORIENTED_EDGE ( 'NONE', *, *, #148, .F. ) ;
#1702 = CIRCLE ( 'NONE', #2534, 1.000000000000000888 ) ;
#1703 = DIRECTION ( 'NONE',  ( 0.8571673007021107793, 0.000000000000000000, 0.5150380749100568201 ) ) ;
#1704 = LINE ( 'NONE', #966, #3455 ) ;
#1705 = DIRECTION ( 'NONE',  ( 0.000000000000000000, 0.000000000000000000, 1.000000000000000000 ) ) ;
#1706 = ORIENTED_EDGE ( 'NONE', *, *, #4279, .F. ) ;
#1707 = VERTEX_POINT ( 'NONE', #763 ) ;
#1708 = CARTESIAN_POINT ( 'NONE',  ( 16.50000000000000000, -15.24999999999999645, -17.50000000000000355 ) ) ;
#1709 = EDGE_CURVE ( 'NONE', #210, #3855, #785, .T. ) ;
#1710 = LINE ( 'NONE', #1777, #4209 ) ;
#1711 = DIRECTION ( 'NONE',  ( -0.000000000000000000, -0.000000000000000000, 1.000000000000000000 ) ) ;
#1712 = ORIENTED_EDGE ( 'NONE', *, *, #629, .F. ) ;
#1713 = ADVANCED_FACE ( 'NONE', ( #78 ), #3850, .F. ) ;
#1714 = CARTESIAN_POINT ( 'NONE',  ( -9.099999999999997868, -24.29999999999999716, -1.500000000000003109 ) ) ;
#1715 = ORIENTED_EDGE ( 'NONE', *, *, #743, .F. ) ;
#1716 = AXIS2_PLACEMENT_3D ( 'NONE', #1263, #975, #1687 ) ;
#1717 = CARTESIAN_POINT ( 'NONE',  ( -9.649999999999987921, 4.167741349062093992E-15, 17.49999999999999645 ) ) ;
#1718 = DIRECTION ( 'NONE',  ( 1.000000000000000000, 0.000000000000000000, 0.000000000000000000 ) ) ;
#1719 = VECTOR ( 'NONE', #1318, 1000.000000000000000 ) ;
#1720 = LINE ( 'NONE', #3175, #3714 ) ;
#1721 = AXIS2_PLACEMENT_3D ( 'NONE', #3057, #4249, #3441 ) ;
#1722 = CARTESIAN_POINT ( 'NONE',  ( 7.806188013644372425, -22.50000000000000000, -0.9438119863556039268 ) ) ;
#1723 = DIRECTION ( 'NONE',  ( 0.000000000000000000, 0.000000000000000000, 1.000000000000000000 ) ) ;
#1724 = EDGE_LOOP ( 'NONE', ( #701, #136, #713, #471 ) ) ;
#1725 = EDGE_LOOP ( 'NONE', ( #4010, #3035, #2382, #782 ) ) ;
#1726 = CARTESIAN_POINT ( 'NONE',  ( 16.50000000000000000, 16.49999999999999645, -17.50000000000000355 ) ) ;
#1727 = EDGE_CURVE ( 'NONE', #2877, #3505, #4487, .T. ) ;
#1728 = FACE_OUTER_BOUND ( 'NONE', #1573, .T. ) ;
#1729 = VERTEX_POINT ( 'NONE', #1522 ) ;
#1730 = VECTOR ( 'NONE', #673, 1000.000000000000000 ) ;
#1731 = EDGE_CURVE ( 'NONE', #1707, #2577, #835, .T. ) ;
#1732 = EDGE_CURVE ( 'NONE', #3404, #4110, #3073, .T. ) ;
#1733 = CARTESIAN_POINT ( 'NONE',  ( 0.000000000000000000, 1.377727758532732733E-15, 17.49999999999999645 ) ) ;
#1734 = CARTESIAN_POINT ( 'NONE',  ( 16.50000000000000000, 16.49999999999999645, -17.00000000000000355 ) ) ;
#1735 = DIRECTION ( 'NONE',  ( 0.7660444431189832315, -0.6427876096865331457, -6.747323702349992113E-17 ) ) ;
#1736 = ORIENTED_EDGE ( 'NONE', *, *, #4699, .F. ) ;
#1737 = ADVANCED_FACE ( 'NONE', ( #4508 ), #241, .F. ) ;
#1738 = ADVANCED_FACE ( 'NONE', ( #3836 ), #4601, .T. ) ;
#1739 = DIRECTION ( 'NONE',  ( 1.000000000000000000, -0.000000000000000000, -0.000000000000000000 ) ) ;
#1740 = ORIENTED_EDGE ( 'NONE', *, *, #1198, .T. ) ;
#1741 = DIRECTION ( 'NONE',  ( 0.000000000000000000, 0.8571673007021115565, -0.5150380749100554878 ) ) ;
#1742 = VECTOR ( 'NONE', #40, 1000.000000000000114 ) ;
#1743 = LINE ( 'NONE', #1004, #739 ) ;
#1744 = CARTESIAN_POINT ( 'NONE',  ( 10.25000000000000178, -26.10000000000000142, 16.49999999999999645 ) ) ;
#1745 = ORIENTED_EDGE ( 'NONE', *, *, #4468, .F. ) ;
#1746 = ORIENTED_EDGE ( 'NONE', *, *, #1668, .T. ) ;
#1747 = DIRECTION ( 'NONE',  ( -0.000000000000000000, -0.000000000000000000, 1.000000000000000000 ) ) ;
#1748 = CONICAL_SURFACE ( 'NONE', #1822, 29.48577027834452124, 0.7853981633974145282 ) ;
#1749 = DIRECTION ( 'NONE',  ( -1.000000000000000000, 0.000000000000000000, 0.000000000000000000 ) ) ;
#1750 = EDGE_CURVE ( 'NONE', #907, #4587, #2933, .T. ) ;
#1751 = ORIENTED_EDGE ( 'NONE', *, *, #89, .T. ) ;
#1752 = CARTESIAN_POINT ( 'NONE',  ( 8.250000000000000000, -17.10000000000000142, -7.000000000000002665 ) ) ;
#1753 = ADVANCED_FACE ( 'NONE', ( #2044 ), #500, .F. ) ;
#1754 = VECTOR ( 'NONE', #1481, 1000.000000000000000 ) ;
#1755 = DIRECTION ( 'NONE',  ( 0.000000000000000000, 0.000000000000000000, 1.000000000000000000 ) ) ;
#1756 = CARTESIAN_POINT ( 'NONE',  ( -1.719844002960901896, 30.95225575956424535, 17.50000000000000355 ) ) ;
#1757 = CARTESIAN_POINT ( 'NONE',  ( 15.25000000000000355, -23.09999999999999787, 17.09999999999999787 ) ) ;
#1758 = ORIENTED_EDGE ( 'NONE', *, *, #4310, .T. ) ;
#1759 = CARTESIAN_POINT ( 'NONE',  ( -7.349999999999996980, -16.10000000000000142, -1.399999999999970379 ) ) ;
#1760 = EDGE_LOOP ( 'NONE', ( #3601, #4180, #1152, #3863 ) ) ;
#1761 = LINE ( 'NONE', #3911, #3536 ) ;
#1762 = B_SPLINE_CURVE_WITH_KNOTS ( 'NONE', 3,
 ( #3913, #4319, #1365, #298 ),
 .UNSPECIFIED., .F., .F.,
 ( 4, 4 ),
 ( 0.000000000000000000, 0.001714047318848884154 ),
 .UNSPECIFIED. ) ;
#1763 = ORIENTED_EDGE ( 'NONE', *, *, #2375, .F. ) ;
#1764 = DIRECTION ( 'NONE',  ( 0.000000000000000000, 0.000000000000000000, 1.000000000000000000 ) ) ;
#1765 = DIRECTION ( 'NONE',  ( -0.000000000000000000, -0.000000000000000000, -1.000000000000000000 ) ) ;
#1766 = ORIENTED_EDGE ( 'NONE', *, *, #4143, .T. ) ;
#1767 = VECTOR ( 'NONE', #1949, 1000.000000000000000 ) ;
#1768 = ORIENTED_EDGE ( 'NONE', *, *, #2726, .T. ) ;
#1769 = EDGE_CURVE ( 'NONE', #870, #3267, #3457, .T. ) ;
#1770 = AXIS2_PLACEMENT_3D ( 'NONE', #3462, #198, #1645 ) ;
#1771 = CARTESIAN_POINT ( 'NONE',  ( -9.099999999999997868, -22.50000000000000000, 0.3500000000000100253 ) ) ;
#1772 = CARTESIAN_POINT ( 'NONE',  ( 0.000000000000000000, -1.836970143975040049E-15, -7.500000000000007105 ) ) ;
#1773 = AXIS2_PLACEMENT_3D ( 'NONE', #2863, #4301, #277 ) ;
#1774 = ORIENTED_EDGE ( 'NONE', *, *, #2885, .T. ) ;
#1775 = DIRECTION ( 'NONE',  ( 0.000000000000000000, 1.000000000000000000, 0.000000000000000000 ) ) ;
#1776 = STYLED_ITEM ( 'NONE', ( #3045 ), #517 ) ;
#1777 = CARTESIAN_POINT ( 'NONE',  ( 7.349999999999997868, -24.29999999999999716, -7.000000000000002665 ) ) ;
#1778 = CYLINDRICAL_SURFACE ( 'NONE', #2947, 0.7499999999999988898 ) ;
#1779 = CARTESIAN_POINT ( 'NONE',  ( -1.719844002960908780, -30.95225575956424890, -13.64288448352116134 ) ) ;
#1780 = ORIENTED_EDGE ( 'NONE', *, *, #1282, .T. ) ;
#1781 = CARTESIAN_POINT ( 'NONE',  ( -16.50000000000000000, -15.75000000000000000, -10.75064546427067391 ) ) ;
#1782 = EDGE_LOOP ( 'NONE', ( #3577, #2801, #3607, #1563 ) ) ;
#1783 = CARTESIAN_POINT ( 'NONE',  ( -8.250000000000000000, -16.10000000000000142, -0.4999999999999752975 ) ) ;
#1784 = EDGE_CURVE ( 'NONE', #2704, #1615, #525, .T. ) ;
#1785 = EDGE_LOOP ( 'NONE', ( #769, #1867, #4592, #1047 ) ) ;
#1786 = CARTESIAN_POINT ( 'NONE',  ( 7.349999999999997868, -24.80000000000000071, -1.399999999999973044 ) ) ;
#1787 = VECTOR ( 'NONE', #1333, 1000.000000000000000 ) ;
#1788 = EDGE_CURVE ( 'NONE', #2469, #2300, #2632, .T. ) ;
#1789 = LINE ( 'NONE', #3241, #1548 ) ;
#1790 = ORIENTED_EDGE ( 'NONE', *, *, #1509, .F. ) ;
#1791 = CONICAL_SURFACE ( 'NONE', #3621, 3.000000000000002665, 0.7853981633974482790 ) ;
#1792 = ORIENTED_EDGE ( 'NONE', *, *, #304, .F. ) ;
#1793 = EDGE_CURVE ( 'NONE', #4571, #65, #4230, .T. ) ;
#1794 = PLANE ( 'NONE',  #2837 ) ;
#1795 = DIRECTION ( 'NONE',  ( 1.000000000000000000, 0.000000000000000000, 0.000000000000000000 ) ) ;
#1796 = ORIENTED_EDGE ( 'NONE', *, *, #2638, .F. ) ;
#1797 = LINE ( 'NONE', #4377, #2040 ) ;
#1798 = CARTESIAN_POINT ( 'NONE',  ( 12.25000000000000000, -23.09999999999999787, 9.750645464270666807 ) ) ;
#1799 = AXIS2_PLACEMENT_3D ( 'NONE', #4312, #623, #3254 ) ;
#1800 = CARTESIAN_POINT ( 'NONE',  ( 0.000000000000000000, -30.00000000000000355, -11.84288448352118372 ) ) ;
#1801 = DIRECTION ( 'NONE',  ( -0.000000000000000000, -0.000000000000000000, -1.000000000000000000 ) ) ;
#1802 = ORIENTED_EDGE ( 'NONE', *, *, #3797, .T. ) ;
#1803 = CONICAL_SURFACE ( 'NONE', #745, 29.99999999999999645, 0.7853981633974500554 ) ;
#1804 = DIRECTION ( 'NONE',  ( 0.000000000000000000, 1.000000000000000000, 0.000000000000000000 ) ) ;
#1805 = VERTEX_POINT ( 'NONE', #903 ) ;
#1806 = DIRECTION ( 'NONE',  ( 2.891205793294678326E-16, 1.000000000000000000, 1.049697225128599695E-16 ) ) ;
#1807 = LINE ( 'NONE', #962, #1719 ) ;
#1808 = ORIENTED_EDGE ( 'NONE', *, *, #1839, .F. ) ;
#1809 = CARTESIAN_POINT ( 'NONE',  ( 0.000000000000000000, 1.377727758532732338E-15, 17.50000000000000000 ) ) ;
#1810 = EDGE_CURVE ( 'NONE', #4347, #1043, #4193, .T. ) ;
#1811 = AXIS2_PLACEMENT_3D ( 'NONE', #1733, #2810, #4596 ) ;
#1812 = ADVANCED_FACE ( 'NONE', ( #597 ), #1641, .F. ) ;
#1813 = DIRECTION ( 'NONE',  ( 0.000000000000000000, -0.7071067811865474617, 0.7071067811865474617 ) ) ;
#1814 = ORIENTED_EDGE ( 'NONE', *, *, #4599, .F. ) ;
#1815 = VECTOR ( 'NONE', #3899, 1000.000000000000000 ) ;
#1816 = ORIENTED_EDGE ( 'NONE', *, *, #4268, .F. ) ;
#1817 = DIRECTION ( 'NONE',  ( 0.000000000000000000, -0.7071067811865474617, 0.7071067811865474617 ) ) ;
#1818 = DIRECTION ( 'NONE',  ( 1.000000000000000000, 0.000000000000000000, 0.000000000000000000 ) ) ;
#1819 = DIRECTION ( 'NONE',  ( 0.000000000000000000, -1.000000000000000000, -9.912705577010331712E-17 ) ) ;
#1820 = VERTEX_POINT ( 'NONE', #3504 ) ;
#1821 = B_SPLINE_CURVE_WITH_KNOTS ( 'NONE', 3,
 ( #3083, #2367, #2748, #4106 ),
 .UNSPECIFIED., .F., .F.,
 ( 4, 4 ),
 ( 1.177345717488980092E-17, 0.001714047318848896948 ),
 .UNSPECIFIED. ) ;
#1822 = AXIS2_PLACEMENT_3D ( 'NONE', #3693, #357, #1068 ) ;
#1823 = CARTESIAN_POINT ( 'NONE',  ( -7.349999999999997868, -24.29999999999999716, -1.399999999999971712 ) ) ;
#1824 = DIRECTION ( 'NONE',  ( 0.000000000000000000, 1.000000000000000000, 0.000000000000000000 ) ) ;
#1825 = DIRECTION ( 'NONE',  ( -0.000000000000000000, 6.162975822039154730E-31, -1.000000000000000000 ) ) ;
#1826 = CARTESIAN_POINT ( 'NONE',  ( 10.25000000000000355, -19.09999999999999432, 17.09999999999999787 ) ) ;
#1827 = ORIENTED_EDGE ( 'NONE', *, *, #3487, .F. ) ;
#1828 = VECTOR ( 'NONE', #3361, 1000.000000000000000 ) ;
#1829 = CARTESIAN_POINT ( 'NONE',  ( 11.50000000000000178, -23.09999999999999787, 9.750645464270666807 ) ) ;
#1830 = AXIS2_PLACEMENT_3D ( 'NONE', #2969, #3716, #1517 ) ;
#1831 = EDGE_CURVE ( 'NONE', #3188, #3290, #2858, .T. ) ;
#1832 = ORIENTED_EDGE ( 'NONE', *, *, #2255, .F. ) ;
#1833 = CARTESIAN_POINT ( 'NONE',  ( -16.50000000000000000, -15.24999999999999822, -17.50000000000000355 ) ) ;
#1834 = ORIENTED_EDGE ( 'NONE', *, *, #3252, .T. ) ;
#1835 = FACE_OUTER_BOUND ( 'NONE', #4231, .T. ) ;
#1836 = DIRECTION ( 'NONE',  ( -1.000000000000000000, 0.000000000000000000, 0.000000000000000000 ) ) ;
#1837 = ORIENTED_EDGE ( 'NONE', *, *, #3068, .F. ) ;
#1838 = ORIENTED_EDGE ( 'NONE', *, *, #1439, .T. ) ;
#1839 = EDGE_CURVE ( 'NONE', #4304, #2314, #2358, .T. ) ;
#1840 = CARTESIAN_POINT ( 'NONE',  ( 30.95225575956422759, 1.719844002961225637, -13.64288448352115779 ) ) ;
#1841 = CARTESIAN_POINT ( 'NONE',  ( 16.50000000000000000, 17.24999999999999289, -10.75064546427067391 ) ) ;
#1842 = DIRECTION ( 'NONE',  ( 0.7071067811865512365, -1.486829979814188692E-16, 0.7071067811865439090 ) ) ;
#1843 = ORIENTED_EDGE ( 'NONE', *, *, #3422, .F. ) ;
#1844 = LINE ( 'NONE', #1823, #1660 ) ;
#1845 = ADVANCED_FACE ( 'NONE', ( #1640 ), #1972, .F. ) ;
#1846 = AXIS2_PLACEMENT_3D ( 'NONE', #3989, #324, #4013 ) ;
#1847 = CARTESIAN_POINT ( 'NONE',  ( -7.806188013644372425, -22.50000000000000000, -0.9438119863556014844 ) ) ;
#1848 = VECTOR ( 'NONE', #4259, 1000.000000000000000 ) ;
#1849 = CARTESIAN_POINT ( 'NONE',  ( 0.000000000000000000, -1.836970143975040049E-15, -7.500000000000007105 ) ) ;
#1850 = ORIENTED_EDGE ( 'NONE', *, *, #2806, .F. ) ;
#1851 = DIRECTION ( 'NONE',  ( -1.000000000000000000, -1.047444401652939849E-14, 0.000000000000000000 ) ) ;
#1852 = ORIENTED_EDGE ( 'NONE', *, *, #2433, .F. ) ;
#1853 = EDGE_CURVE ( 'NONE', #549, #3275, #216, .T. ) ;
#1854 = DIRECTION ( 'NONE',  ( -0.000000000000000000, 6.162975822039154730E-31, -1.000000000000000000 ) ) ;
#1855 = DIRECTION ( 'NONE',  ( -0.000000000000000000, 6.162975822039154730E-31, -1.000000000000000000 ) ) ;
#1856 = EDGE_CURVE ( 'NONE', #4703, #4423, #897, .T. ) ;
#1857 = ORIENTED_EDGE ( 'NONE', *, *, #1727, .F. ) ;
#1858 = CARTESIAN_POINT ( 'NONE',  ( 9.250000000000001776, -27.10000000000000142, 16.09999999999998721 ) ) ;
#1859 = EDGE_LOOP ( 'NONE', ( #3975, #4694, #426, #551 ) ) ;
#1860 =( BOUNDED_CURVE ( )  B_SPLINE_CURVE ( 3, ( #2515, #3946, #1466, #4709 ),
 .UNSPECIFIED., .F., .T. ) 
 B_SPLINE_CURVE_WITH_KNOTS ( ( 4, 4 ),
 ( -3.552713678800500929E-15, 0.2475641111198443878 ),
 .UNSPECIFIED. ) 
 CURVE ( )  GEOMETRIC_REPRESENTATION_ITEM ( )  RATIONAL_B_SPLINE_CURVE ( ( 1.000000000000000000, 0.9948991854552264869, 0.9948991854552264869, 1.000000000000000000 ) ) 
 REPRESENTATION_ITEM ( '' )  );
#1861 = DIRECTION ( 'NONE',  ( -0.000000000000000000, 0.000000000000000000, -1.000000000000000000 ) ) ;
#1862 = ORIENTED_EDGE ( 'NONE', *, *, #4055, .F. ) ;
#1863 = FACE_OUTER_BOUND ( 'NONE', #1334, .T. ) ;
#1864 = DIRECTION ( 'NONE',  ( 0.000000000000000000, 1.000000000000000000, 0.000000000000000000 ) ) ;
#1865 = AXIS2_PLACEMENT_3D ( 'NONE', #3332, #3381, #96 ) ;
#1866 = CARTESIAN_POINT ( 'NONE',  ( 10.25000000000000178, -27.10000000000000142, 17.49999999999999645 ) ) ;
#1867 = ORIENTED_EDGE ( 'NONE', *, *, #537, .F. ) ;
#1868 = ORIENTED_EDGE ( 'NONE', *, *, #195, .T. ) ;
#1869 = CARTESIAN_POINT ( 'NONE',  ( -10.25000000000000178, -26.50000000000000355, 17.49999999999999645 ) ) ;
#1870 = EDGE_CURVE ( 'NONE', #1447, #2294, #4575, .T. ) ;
#1871 = CARTESIAN_POINT ( 'NONE',  ( 7.349999999999996092, -20.19532343512947747, -1.399999999999975708 ) ) ;
#1872 = EDGE_CURVE ( 'NONE', #1312, #3649, #4711, .T. ) ;
#1873 = CARTESIAN_POINT ( 'NONE',  ( -8.250000000000001776, -30.49999999999999645, 17.49999999999999645 ) ) ;
#1874 = ORIENTED_EDGE ( 'NONE', *, *, #1198, .F. ) ;
#1875 = EDGE_CURVE ( 'NONE', #2505, #1168, #293, .T. ) ;
#1876 = CYLINDRICAL_SURFACE ( 'NONE', #1372, 0.7499999999999988898 ) ;
#1877 = ORIENTED_EDGE ( 'NONE', *, *, #2580, .F. ) ;
#1878 = PLANE ( 'NONE',  #3833 ) ;
#1879 = DIRECTION ( 'NONE',  ( -0.000000000000000000, -0.000000000000000000, 1.000000000000000000 ) ) ;
#1880 = VECTOR ( 'NONE', #4091, 999.9999999999998863 ) ;
#1881 = CONICAL_SURFACE ( 'NONE', #3020, 0.7499999999999972244, 1.029744258676652979 ) ;
#1882 = EDGE_LOOP ( 'NONE', ( #142, #1023, #4553, #2628 ) ) ;
#1883 = LINE ( 'NONE', #55, #1579 ) ;
#1884 = ORIENTED_EDGE ( 'NONE', *, *, #175, .T. ) ;
#1885 = CARTESIAN_POINT ( 'NONE',  ( 10.25000000000000355, -20.09999999999999787, 16.49999999999999645 ) ) ;
#1886 = FACE_OUTER_BOUND ( 'NONE', #2626, .T. ) ;
#1887 = DIRECTION ( 'NONE',  ( 0.000000000000000000, -1.049697225128599695E-16, 1.000000000000000000 ) ) ;
#1888 = CARTESIAN_POINT ( 'NONE',  ( 1.719844002960906559, -30.95225575956424890, -13.64288448352116134 ) ) ;
#1889 = DIRECTION ( 'NONE',  ( 0.6427876096865335898, 0.7660444431189830095, 8.041147262671798393E-17 ) ) ;
#1890 = AXIS2_PLACEMENT_3D ( 'NONE', #2731, #4642, #990 ) ;
#1891 = ORIENTED_EDGE ( 'NONE', *, *, #718, .F. ) ;
#1892 = ORIENTED_EDGE ( 'NONE', *, *, #700, .T. ) ;
#1893 = CYLINDRICAL_SURFACE ( 'NONE', #3945, 3.000000000000002665 ) ;
#1894 = EDGE_CURVE ( 'NONE', #1805, #2323, #1574, .T. ) ;
#1895 = PLANE ( 'NONE',  #4476 ) ;
#1896 = DIRECTION ( 'NONE',  ( -0.000000000000000000, -1.049697225128599695E-16, 1.000000000000000000 ) ) ;
#1897 = ORIENTED_EDGE ( 'NONE', *, *, #4585, .F. ) ;
#1898 = CIRCLE ( 'NONE', #1220, 0.7500000000000006661 ) ;
#1899 = LINE ( 'NONE', #3018, #2666 ) ;
#1900 = ORIENTED_EDGE ( 'NONE', *, *, #3915, .F. ) ;
#1901 = CARTESIAN_POINT ( 'NONE',  ( -11.00000000000000178, -23.10000000000000142, 16.50000000000000000 ) ) ;
#1902 = AXIS2_PLACEMENT_3D ( 'NONE', #1643, #3460, #1599 ) ;
#1903 = DIRECTION ( 'NONE',  ( -0.000000000000000000, 6.162975822039154730E-31, -1.000000000000000000 ) ) ;
#1904 = VECTOR ( 'NONE', #176, 1000.000000000000000 ) ;
#1905 = ORIENTED_EDGE ( 'NONE', *, *, #3956, .F. ) ;
#1906 = FACE_OUTER_BOUND ( 'NONE', #813, .T. ) ;
#1907 = VERTEX_POINT ( 'NONE', #1041 ) ;
#1908 = CARTESIAN_POINT ( 'NONE',  ( 15.65000000000000036, -23.09999999999999787, 17.49999999999999645 ) ) ;
#1909 = ORIENTED_EDGE ( 'NONE', *, *, #2122, .F. ) ;
#1910 = DIRECTION ( 'NONE',  ( -0.000000000000000000, 1.049697225128599695E-16, -1.000000000000000000 ) ) ;
#1911 = PLANE ( 'NONE',  #1946 ) ;
#1912 = ORIENTED_EDGE ( 'NONE', *, *, #3357, .F. ) ;
#1913 = ORIENTED_EDGE ( 'NONE', *, *, #3973, .F. ) ;
#1914 =( BOUNDED_CURVE ( )  B_SPLINE_CURVE ( 3, ( #51, #784, #1164, #1497 ),
 .UNSPECIFIED., .F., .T. ) 
 B_SPLINE_CURVE_WITH_KNOTS ( ( 4, 4 ),
 ( 0.000000000000000000, 1.570796326794896558 ),
 .UNSPECIFIED. ) 
 CURVE ( )  GEOMETRIC_REPRESENTATION_ITEM ( )  RATIONAL_B_SPLINE_CURVE ( ( 1.000000000000000000, 0.8047378541243649375, 0.8047378541243649375, 1.000000000000000000 ) ) 
 REPRESENTATION_ITEM ( '' )  );
#1915 = EDGE_CURVE ( 'NONE', #4096, #4292, #1501, .T. ) ;
#1916 = DIRECTION ( 'NONE',  ( -2.891205793294678326E-16, -1.000000000000000000, -1.049697225128599695E-16 ) ) ;
#1917 = DIRECTION ( 'NONE',  ( 1.000000000000000000, 1.416100796715760863E-16, 1.486477076814933460E-32 ) ) ;
#1918 = DIRECTION ( 'NONE',  ( 0.000000000000000000, -1.049697225128599695E-16, 1.000000000000000000 ) ) ;
#1919 = ORIENTED_EDGE ( 'NONE', *, *, #4395, .T. ) ;
#1920 = FACE_OUTER_BOUND ( 'NONE', #1659, .T. ) ;
#1921 = ORIENTED_EDGE ( 'NONE', *, *, #4644, .T. ) ;
#1922 = AXIS2_PLACEMENT_3D ( 'NONE', #2602, #13, #1149 ) ;
#1923 = CONICAL_SURFACE ( 'NONE', #642, 0.7499999999999972244, 1.029744258676652979 ) ;
#1924 = DIRECTION ( 'NONE',  ( -1.001334476201389134E-16, 0.7071067811865490160, -0.7071067811865461294 ) ) ;
#1925 = DIRECTION ( 'NONE',  ( 0.000000000000000000, 1.000000000000000000, 0.000000000000000000 ) ) ;
#1926 = ORIENTED_EDGE ( 'NONE', *, *, #2662, .T. ) ;
#1927 = VECTOR ( 'NONE', #2504, 1000.000000000000000 ) ;
#1928 = ORIENTED_EDGE ( 'NONE', *, *, #3886, .T. ) ;
#1929 = LINE ( 'NONE', #3768, #2891 ) ;
#1930 = ADVANCED_FACE ( 'NONE', ( #646 ), #2495, .F. ) ;
#1931 = VECTOR ( 'NONE', #3072, 1000.000000000000000 ) ;
#1932 = CARTESIAN_POINT ( 'NONE',  ( 2.614672282429749917, 29.88584094275237035, -11.84288448352117662 ) ) ;
#1933 = ADVANCED_FACE ( 'NONE', ( #3593 ), #3206, .T. ) ;
#1934 = ORIENTED_EDGE ( 'NONE', *, *, #2619, .F. ) ;
#1935 = EDGE_CURVE ( 'NONE', #1999, #342, #2112, .T. ) ;
#1936 = DIRECTION ( 'NONE',  ( -0.000000000000000000, 6.162975822039154730E-31, -1.000000000000000000 ) ) ;
#1937 = CARTESIAN_POINT ( 'NONE',  ( 30.95225575956422759, 1.719844002961225637, -12.84288448352115886 ) ) ;
#1938 = ORIENTED_EDGE ( 'NONE', *, *, #1527, .F. ) ;
#1939 = ORIENTED_EDGE ( 'NONE', *, *, #1594, .T. ) ;
#1940 = EDGE_CURVE ( 'NONE', #2222, #3320, #268, .T. ) ;
#1941 = DIRECTION ( 'NONE',  ( -0.000000000000000000, -0.000000000000000000, 1.000000000000000000 ) ) ;
#1942 = VECTOR ( 'NONE', #1903, 1000.000000000000000 ) ;
#1943 = FACE_OUTER_BOUND ( 'NONE', #1124, .T. ) ;
#1944 = CARTESIAN_POINT ( 'NONE',  ( 7.349999999999996092, -20.32857874710332169, -7.000000000000002665 ) ) ;
#1945 = ORIENTED_EDGE ( 'NONE', *, *, #1875, .F. ) ;
#1946 = AXIS2_PLACEMENT_3D ( 'NONE', #2009, #4086, #2321 ) ;
#1947 = DIRECTION ( 'NONE',  ( 0.000000000000000000, 1.000000000000000000, 0.000000000000000000 ) ) ;
#1948 = VERTEX_POINT ( 'NONE', #664 ) ;
#1949 = DIRECTION ( 'NONE',  ( 0.000000000000000000, -6.162975822039154730E-31, 1.000000000000000000 ) ) ;
#1950 = CARTESIAN_POINT ( 'NONE',  ( -9.649999999999996803, -27.10000000000000497, 17.49999999999999645 ) ) ;
#1951 = ORIENTED_EDGE ( 'NONE', *, *, #3493, .T. ) ;
#1952 = ORIENTED_EDGE ( 'NONE', *, *, #3066, .F. ) ;
#1953 = DIRECTION ( 'NONE',  ( 0.000000000000000000, 1.000000000000000000, 0.000000000000000000 ) ) ;
#1954 = VERTEX_POINT ( 'NONE', #2812 ) ;
#1955 = DIRECTION ( 'NONE',  ( 1.445602896647339163E-16, 1.000000000000000000, 1.049697225128599695E-16 ) ) ;
#1956 = EDGE_CURVE ( 'NONE', #1987, #118, #2096, .T. ) ;
#1957 = VECTOR ( 'NONE', #609, 1000.000000000000000 ) ;
#1958 = CARTESIAN_POINT ( 'NONE',  ( 12.25000000000000000, -23.09999999999999787, 9.750645464270666807 ) ) ;
#1959 = ORIENTED_EDGE ( 'NONE', *, *, #3467, .F. ) ;
#1960 = EDGE_CURVE ( 'NONE', #4204, #3746, #1418, .T. ) ;
#1961 = CARTESIAN_POINT ( 'NONE',  ( 0.000000000000000000, -29.99999999999997868, -9.499998688697823823 ) ) ;
#1962 = ADVANCED_FACE ( 'NONE', ( #331 ), #1778, .F. ) ;
#1963 = CARTESIAN_POINT ( 'NONE',  ( 0.000000000000000000, 4.211910128732925518E-15, -9.499998688697820270 ) ) ;
#1964 = ORIENTED_EDGE ( 'NONE', *, *, #700, .F. ) ;
#1965 = ORIENTED_EDGE ( 'NONE', *, *, #3092, .F. ) ;
#1966 = CARTESIAN_POINT ( 'NONE',  ( 11.00000000000000178, -23.09999999999999787, 16.50000000000000000 ) ) ;
#1967 = AXIS2_PLACEMENT_3D ( 'NONE', #1396, #374, #1775 ) ;
#1968 = CARTESIAN_POINT ( 'NONE',  ( 0.000000000000000000, 4.562811923007712982E-15, -12.84288448352115886 ) ) ;
#1969 = EDGE_LOOP ( 'NONE', ( #4492, #4615, #4254, #4652 ) ) ;
#1970 = DIRECTION ( 'NONE',  ( 0.000000000000000000, -1.049697225128599695E-16, 1.000000000000000000 ) ) ;
#1971 = CARTESIAN_POINT ( 'NONE',  ( 16.50000000000000000, -15.75000000000000000, -10.75064546427067391 ) ) ;
#1972 = PLANE ( 'NONE',  #4396 ) ;
#1973 = EDGE_LOOP ( 'NONE', ( #1390, #4702, #4049, #3706, #2833 ) ) ;
#1974 = ADVANCED_FACE ( 'NONE', ( #3229 ), #1064, .F. ) ;
#1975 = ORIENTED_EDGE ( 'NONE', *, *, #4205, .F. ) ;
#1976 = DIRECTION ( 'NONE',  ( 0.000000000000000000, 1.000000000000000000, 0.000000000000000000 ) ) ;
#1977 = ORIENTED_EDGE ( 'NONE', *, *, #3527, .F. ) ;
#1978 = CARTESIAN_POINT ( 'NONE',  ( -30.95225575956425601, 1.719844002960767115, -12.84288448352115886 ) ) ;
#1979 = VECTOR ( 'NONE', #2900, 1000.000000000000114 ) ;
#1980 = CYLINDRICAL_SURFACE ( 'NONE', #2234, 1.000000000000000888 ) ;
#1981 = DIRECTION ( 'NONE',  ( -4.486353817181398134E-16, 1.000000000000000000, -5.931956713828674928E-16 ) ) ;
#1982 = CARTESIAN_POINT ( 'NONE',  ( 7.806188013644372425, -22.50000000000000000, -0.9438119863556039268 ) ) ;
#1983 = LINE ( 'NONE', #1296, #3560 ) ;
#1984 = AXIS2_PLACEMENT_3D ( 'NONE', #3230, #4691, #4313 ) ;
#1985 = DIRECTION ( 'NONE',  ( 0.000000000000000000, 1.049697225128599695E-16, -1.000000000000000000 ) ) ;
#1986 = ORIENTED_EDGE ( 'NONE', *, *, #2003, .T. ) ;
#1987 = VERTEX_POINT ( 'NONE', #1419 ) ;
#1988 = FACE_OUTER_BOUND ( 'NONE', #2241, .T. ) ;
#1989 = CARTESIAN_POINT ( 'NONE',  ( -7.433040607551975043, -22.38975945325552885, -1.316959392447994759 ) ) ;
#1990 = EDGE_LOOP ( 'NONE', ( #4323, #4123, #1400, #2583 ) ) ;
#1991 = ADVANCED_FACE ( 'NONE', ( #2897 ), #2722, .F. ) ;
#1992 = DIRECTION ( 'NONE',  ( -0.000000000000000000, 6.162975822039154730E-31, -1.000000000000000000 ) ) ;
#1993 =( NAMED_UNIT ( * ) SI_UNIT ( $, .STERADIAN. ) SOLID_ANGLE_UNIT ( ) );
#1994 = DIRECTION ( 'NONE',  ( 0.000000000000000000, -0.000000000000000000, 1.000000000000000000 ) ) ;
#1995 = ORIENTED_EDGE ( 'NONE', *, *, #275, .T. ) ;
#1996 = AXIS2_PLACEMENT_3D ( 'NONE', #4443, #2529, #1125 ) ;
#1997 = EDGE_CURVE ( 'NONE', #549, #4416, #2645, .T. ) ;
#1998 = CARTESIAN_POINT ( 'NONE',  ( -12.25000000000000000, -23.10000000000000142, 16.49999999999999645 ) ) ;
#1999 = VERTEX_POINT ( 'NONE', #1800 ) ;
#2000 = CONICAL_SURFACE ( 'NONE', #2152, 3.000000000000002665, 0.7853981633974482790 ) ;
#2001 = PLANE ( 'NONE',  #1770 ) ;
#2002 = DIRECTION ( 'NONE',  ( -0.8571673007021107793, 1.049727191138616723E-16, 0.5150380749100568201 ) ) ;
#2003 = EDGE_CURVE ( 'NONE', #3855, #3306, #1355, .T. ) ;
#2004 = CIRCLE ( 'NONE', #4215, 1.000000000000000888 ) ;
#2005 = CARTESIAN_POINT ( 'NONE',  ( -7.349999999999996092, -20.32857874710332169, -7.000000000000002665 ) ) ;
#2006 = VECTOR ( 'NONE', #286, 1000.000000000000000 ) ;
#2007 = CARTESIAN_POINT ( 'NONE',  ( -8.250000000000001776, -29.10000000000000142, -7.000000000000002665 ) ) ;
#2008 = AXIS2_PLACEMENT_3D ( 'NONE', #4216, #547, #950 ) ;
#2009 = CARTESIAN_POINT ( 'NONE',  ( -7.349999999999996092, -18.09999999999999787, -7.200000000000002842 ) ) ;
#2010 = ORIENTED_EDGE ( 'NONE', *, *, #2921, .T. ) ;
#2011 = VERTEX_POINT ( 'NONE', #3575 ) ;
#2012 = CARTESIAN_POINT ( 'NONE',  ( -2.016592058422622458, 30.59860519837239323, -13.97952713693881854 ) ) ;
#2013 = DIRECTION ( 'NONE',  ( 0.000000000000000000, 1.049697225128599695E-16, -1.000000000000000000 ) ) ;
#2014 = ORIENTED_EDGE ( 'NONE', *, *, #888, .T. ) ;
#2015 = VERTEX_POINT ( 'NONE', #2456 ) ;
#2016 = ADVANCED_FACE ( 'NONE', ( #3905 ), #290, .F. ) ;
#2017 = CARTESIAN_POINT ( 'NONE',  ( -9.250000000000000000, -26.77928508681815600, 16.10000000000001563 ) ) ;
#2018 = EDGE_CURVE ( 'NONE', #4006, #1535, #377, .T. ) ;
#2019 = ADVANCED_FACE ( 'NONE', ( #2920 ), #3482, .F. ) ;
#2020 = LINE ( 'NONE', #1213, #3459 ) ;
#2021 = DIRECTION ( 'NONE',  ( 0.000000000000000000, 1.000000000000000000, 0.000000000000000000 ) ) ;
#2022 = AXIS2_PLACEMENT_3D ( 'NONE', #2381, #168, #2403 ) ;
#2023 = ORIENTED_EDGE ( 'NONE', *, *, #2080, .F. ) ;
#2024 = DIRECTION ( 'NONE',  ( 8.659560562354918067E-17, -0.7071067811865463515, -0.7071067811865487940 ) ) ;
#2025 = ORIENTED_EDGE ( 'NONE', *, *, #895, .F. ) ;
#2026 = DIRECTION ( 'NONE',  ( 0.7071067811865474617, 0.000000000000000000, 0.7071067811865474617 ) ) ;
#2027 = FACE_OUTER_BOUND ( 'NONE', #3997, .T. ) ;
#2028 = CARTESIAN_POINT ( 'NONE',  ( 30.95225575956422759, 1.719844002961222529, 17.50000000000000000 ) ) ;
#2029 = CARTESIAN_POINT ( 'NONE',  ( -10.25000000000000178, -26.10000000000000497, 17.09999999999999787 ) ) ;
#2030 = LINE ( 'NONE', #4156, #3708 ) ;
#2031 = DIRECTION ( 'NONE',  ( 0.000000000000000000, 1.000000000000000000, 1.119176436114070071E-16 ) ) ;
#2032 = ORIENTED_EDGE ( 'NONE', *, *, #48, .T. ) ;
#2033 = ORIENTED_EDGE ( 'NONE', *, *, #3193, .T. ) ;
#2034 = CIRCLE ( 'NONE', #2648, 11.50000000000003730 ) ;
#2035 = AXIS2_PLACEMENT_3D ( 'NONE', #4007, #3981, #2625 ) ;
#2036 = CARTESIAN_POINT ( 'NONE',  ( -1.719844002960904561, 30.95225575956424535, -13.64288448352115424 ) ) ;
#2037 = FACE_OUTER_BOUND ( 'NONE', #1244, .T. ) ;
#2038 = CARTESIAN_POINT ( 'NONE',  ( -3.214697902507782051E-15, 1.348114020499919886E-15, -12.84288448352115886 ) ) ;
#2039 = VERTEX_POINT ( 'NONE', #731 ) ;
#2040 = VECTOR ( 'NONE', #729, 1000.000000000000000 ) ;
#2041 = DIRECTION ( 'NONE',  ( 0.000000000000000000, 0.7071067811865474617, 0.7071067811865474617 ) ) ;
#2042 = EDGE_CURVE ( 'NONE', #3762, #1113, #2540, .T. ) ;
#2043 = DIRECTION ( 'NONE',  ( 1.000000000000000000, 0.000000000000000000, -0.000000000000000000 ) ) ;
#2044 = FACE_OUTER_BOUND ( 'NONE', #2174, .T. ) ;
#2045 = VECTOR ( 'NONE', #1703, 1000.000000000000000 ) ;
#2046 = VERTEX_POINT ( 'NONE', #1274 ) ;
#2047 = FACE_OUTER_BOUND ( 'NONE', #3957, .T. ) ;
#2048 = ORIENTED_EDGE ( 'NONE', *, *, #4055, .T. ) ;
#2049 = FACE_OUTER_BOUND ( 'NONE', #3944, .T. ) ;
#2050 = DIRECTION ( 'NONE',  ( 1.000000000000000000, 1.416100796715760617E-16, 0.000000000000000000 ) ) ;
#2051 = CARTESIAN_POINT ( 'NONE',  ( 12.25000000000000000, -23.09999999999999787, 17.09999999999999787 ) ) ;
#2052 = AXIS2_PLACEMENT_3D ( 'NONE', #901, #832, #2261 ) ;
#2053 = CARTESIAN_POINT ( 'NONE',  ( -7.349999999999996092, -20.19532343512947747, -1.399999999999972378 ) ) ;
#2054 = DIRECTION ( 'NONE',  ( -0.7071067811865552333, 8.659560562355026535E-17, 0.7071067811865398012 ) ) ;
#2055 = VECTOR ( 'NONE', #2024, 1000.000000000000000 ) ;
#2056 = CARTESIAN_POINT ( 'NONE',  ( -8.250000000000001776, -29.10000000000000142, 17.09999999999999787 ) ) ;
#2057 = VERTEX_POINT ( 'NONE', #2320 ) ;
#2058 = EDGE_LOOP ( 'NONE', ( #3520, #1877, #882, #1434 ) ) ;
#2059 = AXIS2_PLACEMENT_3D ( 'NONE', #852, #3787, #449 ) ;
#2060 = ADVANCED_FACE ( 'NONE', ( #1197 ), #4630, .T. ) ;
#2061 = CARTESIAN_POINT ( 'NONE',  ( 8.250000000000000000, -17.10000000000000142, 17.49999999999999645 ) ) ;
#2062 = FACE_OUTER_BOUND ( 'NONE', #2524, .T. ) ;
#2063 = AXIS2_PLACEMENT_3D ( 'NONE', #2038, #2423, #1328 ) ;
#2064 = EDGE_CURVE ( 'NONE', #2505, #4365, #1983, .T. ) ;
#2065 = CARTESIAN_POINT ( 'NONE',  ( 8.250000000000000000, -15.69999999999999929, 17.49999999999999645 ) ) ;
#2066 = EDGE_LOOP ( 'NONE', ( #1928, #3724, #1090, #460 ) ) ;
#2067 = ORIENTED_EDGE ( 'NONE', *, *, #1960, .F. ) ;
#2068 = CARTESIAN_POINT ( 'NONE',  ( -9.649999999999980815, -26.30000000000002203, 16.49999999999999645 ) ) ;
#2069 = DIRECTION ( 'NONE',  ( -1.000000000000000000, 1.018450556863803290E-13, 0.000000000000000000 ) ) ;
#2070 = CARTESIAN_POINT ( 'NONE',  ( -12.25000000000000000, -23.10000000000000142, 16.49999999999999645 ) ) ;
#2071 = ORIENTED_EDGE ( 'NONE', *, *, #2644, .T. ) ;
#2072 = PLANE ( 'NONE',  #1299 ) ;
#2073 = ORIENTED_EDGE ( 'NONE', *, *, #3920, .F. ) ;
#2074 = FACE_OUTER_BOUND ( 'NONE', #3707, .T. ) ;
#2075 = DIRECTION ( 'NONE',  ( 2.102695122396129669E-16, 1.000000000000000000, 0.000000000000000000 ) ) ;
#2076 = CARTESIAN_POINT ( 'NONE',  ( 9.250000000000001776, -29.10000000000000497, 17.09999999999999787 ) ) ;
#2077 = ADVANCED_FACE ( 'NONE', ( #178 ), #3442, .F. ) ;
#2078 = EDGE_CURVE ( 'NONE', #1153, #2217, #1821, .T. ) ;
#2079 = AXIS2_PLACEMENT_3D ( 'NONE', #4660, #820, #4060 ) ;
#2080 = EDGE_CURVE ( 'NONE', #2844, #4461, #2298, .T. ) ;
#2081 = CONICAL_SURFACE ( 'NONE', #1470, 1.249999999999999334, 0.7853981633974447263 ) ;
#2082 = DIRECTION ( 'NONE',  ( 0.000000000000000000, 1.000000000000000000, 0.000000000000000000 ) ) ;
#2083 = LINE ( 'NONE', #4656, #1626 ) ;
#2084 = VERTEX_POINT ( 'NONE', #1606 ) ;
#2085 = ORIENTED_EDGE ( 'NONE', *, *, #2442, .T. ) ;
#2086 = PRODUCT_DEFINITION_SHAPE ( 'NONE', 'NONE',  #3865 ) ;
#2087 = EDGE_CURVE ( 'NONE', #3030, #366, #2797, .T. ) ;
#2088 = AXIS2_PLACEMENT_3D ( 'NONE', #246, #2743, #886 ) ;
#2089 = CARTESIAN_POINT ( 'NONE',  ( -8.250000000000001776, -30.09999999999999787, -7.000000000000002665 ) ) ;
#2090 = CARTESIAN_POINT ( 'NONE',  ( 8.250000000000001776, -30.09999999999999787, 17.09999999999999787 ) ) ;
#2091 = EDGE_CURVE ( 'NONE', #4606, #3793, #2379, .T. ) ;
#2092 = EDGE_CURVE ( 'NONE', #2478, #1113, #2182, .T. ) ;
#2093 = EDGE_LOOP ( 'NONE', ( #345, #1056, #1874, #120 ) ) ;
#2094 = DIRECTION ( 'NONE',  ( 1.000000000000000000, 0.000000000000000000, 0.000000000000000000 ) ) ;
#2095 = DIRECTION ( 'NONE',  ( -1.000000000000000000, 0.000000000000000000, 0.000000000000000000 ) ) ;
#2096 = LINE ( 'NONE', #1020, #814 ) ;
#2097 = ORIENTED_EDGE ( 'NONE', *, *, #3429, .T. ) ;
#2098 = LINE ( 'NONE', #2792, #6 ) ;
#2099 = VERTEX_POINT ( 'NONE', #1225 ) ;
#2100 = VECTOR ( 'NONE', #2904, 1000.000000000000000 ) ;
#2101 = CARTESIAN_POINT ( 'NONE',  ( -16.50000000000000000, 17.25000000000000000, -10.75064546427067391 ) ) ;
#2102 = AXIS2_PLACEMENT_3D ( 'NONE', #4005, #2191, #737 ) ;
#2103 = CARTESIAN_POINT ( 'NONE',  ( -1.719844002960908780, -30.95225575956424890, -12.84288448352116241 ) ) ;
#2104 = ADVANCED_FACE ( 'NONE', ( #4538 ), #557, .F. ) ;
#2105 = CARTESIAN_POINT ( 'NONE',  ( -12.25000000000000000, -20.10000000000000142, 16.49999999999999645 ) ) ;
#2106 = ORIENTED_EDGE ( 'NONE', *, *, #541, .T. ) ;
#2107 = ORIENTED_EDGE ( 'NONE', *, *, #1382, .T. ) ;
#2108 = FACE_OUTER_BOUND ( 'NONE', #464, .T. ) ;
#2109 = DIRECTION ( 'NONE',  ( -0.000000000000000000, -0.000000000000000000, -1.000000000000000000 ) ) ;
#2110 = ORIENTED_EDGE ( 'NONE', *, *, #1246, .F. ) ;
#2111 = AXIS2_PLACEMENT_3D ( 'NONE', #4570, #2282, #1304 ) ;
#2112 = CIRCLE ( 'NONE', #2563, 30.00000000000000000 ) ;
#2113 = CARTESIAN_POINT ( 'NONE',  ( -12.25000000000000000, -26.10000000000000497, 16.49999999999999645 ) ) ;
#2114 = FACE_OUTER_BOUND ( 'NONE', #3525, .T. ) ;
#2115 = DIRECTION ( 'NONE',  ( 0.000000000000000000, 1.000000000000000000, 0.000000000000000000 ) ) ;
#2116 = CARTESIAN_POINT ( 'NONE',  ( -10.25000000000000178, -26.50000000000000355, 17.49999999999999645 ) ) ;
#2117 = ORIENTED_EDGE ( 'NONE', *, *, #3915, .T. ) ;
#2118 = DIRECTION ( 'NONE',  ( 0.000000000000000000, 6.162975822039154730E-31, -1.000000000000000000 ) ) ;
#2119 = EDGE_LOOP ( 'NONE', ( #2977, #3475, #3896, #1135, #2230, #2468, #1706, #2824, #774, #3950, #1816, #197, #3434, #2790, #1701 ) ) ;
#2120 = DIRECTION ( 'NONE',  ( -1.000000000000000000, 0.000000000000000000, 0.000000000000000000 ) ) ;
#2121 = CIRCLE ( 'NONE', #981, 1.250000000000001110 ) ;
#2122 = EDGE_CURVE ( 'NONE', #1518, #1820, #2030, .T. ) ;
#2123 = FACE_OUTER_BOUND ( 'NONE', #1196, .T. ) ;
#2124 = LINE ( 'NONE', #2105, #4295 ) ;
#2125 = EDGE_LOOP ( 'NONE', ( #848, #492, #54, #2172, #3972, #1581 ) ) ;
#2126 = ORIENTED_EDGE ( 'NONE', *, *, #3898, .F. ) ;
#2127 = DIRECTION ( 'NONE',  ( 8.659560562354918067E-17, -0.7071067811865463515, -0.7071067811865487940 ) ) ;
#2128 = CONICAL_SURFACE ( 'NONE', #4417, 0.7499999999999972244, 1.029744258676652979 ) ;
#2129 = CARTESIAN_POINT ( 'NONE',  ( -8.349999999999994316, -22.20467656487052110, -7.000000000000002665 ) ) ;
#2130 = VERTEX_POINT ( 'NONE', #3388 ) ;
#2131 = CIRCLE ( 'NONE', #4654, 30.00000000000000000 ) ;
#2132 = DIRECTION ( 'NONE',  ( 1.000000000000000000, 0.000000000000000000, 0.000000000000000000 ) ) ;
#2133 = ADVANCED_FACE ( 'NONE', ( #843 ), #204, .T. ) ;
#2134 = VECTOR ( 'NONE', #4667, 1000.000000000000000 ) ;
#2135 = DIRECTION ( 'NONE',  ( 0.000000000000000000, 1.000000000000000000, 0.000000000000000000 ) ) ;
#2136 = DIRECTION ( 'NONE',  ( 0.000000000000000000, 1.000000000000000000, 1.156482317317871478E-16 ) ) ;
#2137 = DIRECTION ( 'NONE',  ( -0.000000000000000000, -1.049697225128599695E-16, 1.000000000000000000 ) ) ;
#2138 = ORIENTED_EDGE ( 'NONE', *, *, #1695, .F. ) ;
#2139 = EDGE_CURVE ( 'NONE', #4029, #2542, #156, .T. ) ;
#2140 = DIRECTION ( 'NONE',  ( -0.000000000000000000, -1.049697225128599695E-16, 1.000000000000000000 ) ) ;
#2141 = ORIENTED_EDGE ( 'NONE', *, *, #436, .F. ) ;
#2142 = CARTESIAN_POINT ( 'NONE',  ( 0.000000000000000000, -1.836970143975040049E-15, -7.500000000000007105 ) ) ;
#2143 = ADVANCED_FACE ( 'NONE', ( #4131 ), #1881, .F. ) ;
#2144 = ORIENTED_EDGE ( 'NONE', *, *, #3671, .T. ) ;
#2145 = FACE_OUTER_BOUND ( 'NONE', #2301, .T. ) ;
#2146 = CARTESIAN_POINT ( 'NONE',  ( -8.174999999999991829, -22.50000000000000000, -0.5749999999999870770 ) ) ;
#2147 = ORIENTED_EDGE ( 'NONE', *, *, #2474, .F. ) ;
#2148 = VECTOR ( 'NONE', #2475, 1000.000000000000000 ) ;
#2149 = VERTEX_POINT ( 'NONE', #1961 ) ;
#2150 = CIRCLE ( 'NONE', #4591, 30.99999999999997513 ) ;
#2151 = FACE_OUTER_BOUND ( 'NONE', #4520, .T. ) ;
#2152 = AXIS2_PLACEMENT_3D ( 'NONE', #2051, #1250, #3799 ) ;
#2153 = CARTESIAN_POINT ( 'NONE',  ( 1.719844002960906115, -30.95225575956424535, 17.49999999999999645 ) ) ;
#2154 = AXIS2_PLACEMENT_3D ( 'NONE', #909, #4513, #3866 ) ;
#2155 = VECTOR ( 'NONE', #4321, 1000.000000000000000 ) ;
#2156 = ORIENTED_EDGE ( 'NONE', *, *, #3274, .F. ) ;
#2157 = CARTESIAN_POINT ( 'NONE',  ( 9.393428069454522245, -26.49242894790910796, 16.24342806945450590 ) ) ;
#2158 = VECTOR ( 'NONE', #4507, 1000.000000000000114 ) ;
#2159 = DIRECTION ( 'NONE',  ( -0.000000000000000000, 6.162975822039154730E-31, -1.000000000000000000 ) ) ;
#2160 = CARTESIAN_POINT ( 'NONE',  ( -7.349999999999996092, -22.20467656487052466, -1.500000000000003109 ) ) ;
#2161 = DIRECTION ( 'NONE',  ( 0.000000000000000000, 1.000000000000000000, 0.000000000000000000 ) ) ;
#2162 = VERTEX_POINT ( 'NONE', #3415 ) ;
#2163 = EDGE_CURVE ( 'NONE', #4703, #444, #3058, .T. ) ;
#2164 = DIRECTION ( 'NONE',  ( 0.000000000000000000, 0.000000000000000000, -1.000000000000000000 ) ) ;
#2165 = ORIENTED_EDGE ( 'NONE', *, *, #2122, .T. ) ;
#2166 = FACE_BOUND ( 'NONE', #3168, .T. ) ;
#2167 = DIRECTION ( 'NONE',  ( 0.000000000000000000, 1.000000000000000000, 8.949067675152391866E-17 ) ) ;
#2168 = ORIENTED_EDGE ( 'NONE', *, *, #2229, .T. ) ;
#2169 = FACE_BOUND ( 'NONE', #4467, .T. ) ;
#2170 = VECTOR ( 'NONE', #1698, 1000.000000000000000 ) ;
#2171 = DIRECTION ( 'NONE',  ( 0.7071067811865474617, 0.000000000000000000, -0.7071067811865474617 ) ) ;
#2172 = ORIENTED_EDGE ( 'NONE', *, *, #4146, .T. ) ;
#2173 = AXIS2_PLACEMENT_3D ( 'NONE', #1963, #3730, #1178 ) ;
#2174 = EDGE_LOOP ( 'NONE', ( #2901, #741, #4602, #291 ) ) ;
#2175 = DIRECTION ( 'NONE',  ( 1.000000000000000000, 0.000000000000000000, 0.000000000000000000 ) ) ;
#2176 = FACE_OUTER_BOUND ( 'NONE', #1223, .T. ) ;
#2177 = CARTESIAN_POINT ( 'NONE',  ( 30.95225575956426667, -1.719844002960563500, -12.84288448352115886 ) ) ;
#2178 = ORIENTED_EDGE ( 'NONE', *, *, #764, .F. ) ;
#2179 = EDGE_CURVE ( 'NONE', #2130, #390, #3871, .T. ) ;
#2180 = LINE ( 'NONE', #1062, #3723 ) ;
#2181 = LINE ( 'NONE', #2755, #3488 ) ;
#2182 = CIRCLE ( 'NONE', #4318, 11.09999999999999964 ) ;
#2183 = DIRECTION ( 'NONE',  ( 0.000000000000000000, 1.000000000000000000, 0.000000000000000000 ) ) ;
#2184 = LINE ( 'NONE', #2922, #468 ) ;
#2185 = ORIENTED_EDGE ( 'NONE', *, *, #3055, .T. ) ;
#2186 = CIRCLE ( 'NONE', #140, 1.249999999999997558 ) ;
#2187 = VECTOR ( 'NONE', #362, 999.9999999999998863 ) ;
#2188 = DIRECTION ( 'NONE',  ( 1.000000000000000000, 0.000000000000000000, 0.000000000000000000 ) ) ;
#2189 = ORIENTED_EDGE ( 'NONE', *, *, #2557, .F. ) ;
#2190 = FACE_OUTER_BOUND ( 'NONE', #56, .T. ) ;
#2191 = DIRECTION ( 'NONE',  ( -0.000000000000000000, -1.049697225128599695E-16, 1.000000000000000000 ) ) ;
#2192 = ORIENTED_EDGE ( 'NONE', *, *, #2435, .F. ) ;
#2193 = FACE_OUTER_BOUND ( 'NONE', #1259, .T. ) ;
#2194 = AXIS2_PLACEMENT_3D ( 'NONE', #2735, #3116, #643 ) ;
#2195 =( BOUNDED_CURVE ( )  B_SPLINE_CURVE ( 3, ( #2627, #3314, #2272, #1648 ),
 .UNSPECIFIED., .F., .T. ) 
 B_SPLINE_CURVE_WITH_KNOTS ( ( 4, 4 ),
 ( 4.712388980384689674, 6.283185307179586232 ),
 .UNSPECIFIED. ) 
 CURVE ( )  GEOMETRIC_REPRESENTATION_ITEM ( )  RATIONAL_B_SPLINE_CURVE ( ( 1.000000000000000000, 0.8047378541243649375, 0.8047378541243649375, 1.000000000000000000 ) ) 
 REPRESENTATION_ITEM ( '' )  );
#2196 = CARTESIAN_POINT ( 'NONE',  ( -8.250000000000001776, -29.10000000000000142, -7.000000000000002665 ) ) ;
#2197 = ORIENTED_EDGE ( 'NONE', *, *, #3689, .F. ) ;
#2198 = AXIS2_PLACEMENT_3D ( 'NONE', #1371, #615, #3111 ) ;
#2199 = ORIENTED_EDGE ( 'NONE', *, *, #3293, .T. ) ;
#2200 = EDGE_CURVE ( 'NONE', #836, #1447, #1762, .T. ) ;
#2201 = CARTESIAN_POINT ( 'NONE',  ( 7.349999999999996092, -22.20467656487052466, -1.500000000000003109 ) ) ;
#2202 = CARTESIAN_POINT ( 'NONE',  ( -2.614672282429749028, -29.88584094275235969, 17.49999999999999645 ) ) ;
#2203 = DIRECTION ( 'NONE',  ( 0.000000000000000000, 1.000000000000000000, 0.000000000000000000 ) ) ;
#2204 = ORIENTED_EDGE ( 'NONE', *, *, #2042, .F. ) ;
#2205 = ADVANCED_FACE ( 'NONE', ( #2344 ), #3538, .F. ) ;
#2206 = CIRCLE ( 'NONE', #2585, 30.99999999999997513 ) ;
#2207 = CARTESIAN_POINT ( 'NONE',  ( 9.250000000000001776, -26.77928508681813824, 16.09999999999998721 ) ) ;
#2208 = EDGE_CURVE ( 'NONE', #2500, #4110, #694, .T. ) ;
#2209 = FACE_OUTER_BOUND ( 'NONE', #187, .T. ) ;
#2210 = DIRECTION ( 'NONE',  ( -2.797941090285174069E-16, 1.000000000000000000, 0.000000000000000000 ) ) ;
#2211 = ORIENTED_EDGE ( 'NONE', *, *, #3565, .T. ) ;
#2212 = CIRCLE ( 'NONE', #3046, 0.5000000000000004441 ) ;
#2213 = CARTESIAN_POINT ( 'NONE',  ( -7.349999999999995204, -24.29999999999999361, -7.000000000000002665 ) ) ;
#2214 = VECTOR ( 'NONE', #332, 1000.000000000000000 ) ;
#2215 = DIRECTION ( 'NONE',  ( 0.7071067811865490160, 0.000000000000000000, -0.7071067811865460184 ) ) ;
#2216 = CARTESIAN_POINT ( 'NONE',  ( -7.380487804878043789, -21.95963350026795524, 17.49999999999999645 ) ) ;
#2217 = VERTEX_POINT ( 'NONE', #2103 ) ;
#2218 = CARTESIAN_POINT ( 'NONE',  ( 7.349999999999997868, -24.80000000000000071, -1.500000000000003109 ) ) ;
#2219 = VERTEX_POINT ( 'NONE', #2503 ) ;
#2220 = CARTESIAN_POINT ( 'NONE',  ( 10.25000000000000178, -26.10000000000000142, 17.09999999999999787 ) ) ;
#2221 = ORIENTED_EDGE ( 'NONE', *, *, #1524, .F. ) ;
#2222 = VERTEX_POINT ( 'NONE', #274 ) ;
#2223 = EDGE_CURVE ( 'NONE', #445, #1345, #3991, .T. ) ;
#2224 = LINE ( 'NONE', #2983, #4521 ) ;
#2225 = EDGE_CURVE ( 'NONE', #2472, #696, #592, .T. ) ;
#2226 = CARTESIAN_POINT ( 'NONE',  ( -12.25000000000000000, -20.10000000000000142, 16.49999999999999645 ) ) ;
#2227 = EDGE_CURVE ( 'NONE', #2601, #2294, #1194, .T. ) ;
#2228 = CARTESIAN_POINT ( 'NONE',  ( -30.95225575956424180, -1.719844002961016693, 17.50000000000000000 ) ) ;
#2229 = EDGE_CURVE ( 'NONE', #1948, #4365, #1743, .T. ) ;
#2230 = ORIENTED_EDGE ( 'NONE', *, *, #4103, .F. ) ;
#2231 = ORIENTED_EDGE ( 'NONE', *, *, #4472, .F. ) ;
#2232 = CIRCLE ( 'NONE', #1085, 30.00000000000000000 ) ;
#2233 = FACE_OUTER_BOUND ( 'NONE', #3841, .T. ) ;
#2234 = AXIS2_PLACEMENT_3D ( 'NONE', #958, #2719, #3486 ) ;
#2235 = ADVANCED_FACE ( 'NONE', ( #4300, #1694 ), #3958, .T. ) ;
#2236 = CARTESIAN_POINT ( 'NONE',  ( 0.000000000000000000, 0.000000000000000000, -7.200000000000002842 ) ) ;
#2237 = CONICAL_SURFACE ( 'NONE', #2390, 29.99999999999999645, 0.7853981633974500554 ) ;
#2238 = CARTESIAN_POINT ( 'NONE',  ( -9.250000000000001776, -27.10000000000000497, -7.000000000000002665 ) ) ;
#2239 = ORIENTED_EDGE ( 'NONE', *, *, #1235, .F. ) ;
#2240 = FACE_OUTER_BOUND ( 'NONE', #788, .T. ) ;
#2241 = EDGE_LOOP ( 'NONE', ( #2204, #794, #1536, #4632 ) ) ;
#2242 = CARTESIAN_POINT ( 'NONE',  ( 7.849999999999997868, -24.29999999999999716, -0.8999999999999791500 ) ) ;
#2243 = CARTESIAN_POINT ( 'NONE',  ( -9.250000000000001776, -29.10000000000000142, 0.5000000000000108802 ) ) ;
#2244 = ORIENTED_EDGE ( 'NONE', *, *, #1437, .T. ) ;
#2245 = LINE ( 'NONE', #2218, #3489 ) ;
#2246 = CARTESIAN_POINT ( 'NONE',  ( -4.375000000000000000, -21.19999999999999574, -7.000000000000002665 ) ) ;
#2247 = CARTESIAN_POINT ( 'NONE',  ( 7.349999999999996980, -24.29999999999999361, -7.000000000000002665 ) ) ;
#2248 = CARTESIAN_POINT ( 'NONE',  ( 0.000000000000000000, 4.562811923007712982E-15, -12.84288448352115886 ) ) ;
#2249 = ADVANCED_FACE ( 'NONE', ( #2145 ), #2803, .F. ) ;
#2250 = CARTESIAN_POINT ( 'NONE',  ( 7.349999999999996092, -22.20467656487052466, -1.399999999999975042 ) ) ;
#2251 = AXIS2_PLACEMENT_3D ( 'NONE', #2774, #1653, #3540 ) ;
#2252 = CARTESIAN_POINT ( 'NONE',  ( -30.95225575956424535, -1.719844002961020246, 17.50000000000000000 ) ) ;
#2253 = B_SPLINE_CURVE_WITH_KNOTS ( 'NONE', 3,
 ( #4450, #4042, #3642, #401 ),
 .UNSPECIFIED., .F., .F.,
 ( 4, 4 ),
 ( 0.000000000000000000, 0.001714047318848883070 ),
 .UNSPECIFIED. ) ;
#2254 = EDGE_LOOP ( 'NONE', ( #1964, #2714, #628, #2404 ) ) ;
#2255 = EDGE_CURVE ( 'NONE', #2039, #3392, #4677, .T. ) ;
#2256 = ORIENTED_EDGE ( 'NONE', *, *, #4205, .T. ) ;
#2257 = FACE_OUTER_BOUND ( 'NONE', #1204, .T. ) ;
#2258 = DIRECTION ( 'NONE',  ( -0.000000000000000000, -1.049697225128599695E-16, 1.000000000000000000 ) ) ;
#2259 = CARTESIAN_POINT ( 'NONE',  ( -7.349999999999997868, -24.80000000000000071, -1.399999999999971934 ) ) ;
#2260 = ORIENTED_EDGE ( 'NONE', *, *, #2064, .T. ) ;
#2261 = DIRECTION ( 'NONE',  ( 1.000000000000000000, 0.000000000000000000, 0.000000000000000000 ) ) ;
#2262 = ORIENTED_EDGE ( 'NONE', *, *, #662, .F. ) ;
#2263 = VECTOR ( 'NONE', #2701, 1000.000000000000000 ) ;
#2264 = CARTESIAN_POINT ( 'NONE',  ( 4.375000000000000000, -18.09999999999999787, 17.49999999999999645 ) ) ;
#2265 = CARTESIAN_POINT ( 'NONE',  ( 9.099999999999997868, -24.29999999999999716, -7.000000000000002665 ) ) ;
#2266 = AXIS2_PLACEMENT_3D ( 'NONE', #3927, #1755, #1063 ) ;
#2267 = VECTOR ( 'NONE', #1526, 1000.000000000000000 ) ;
#2268 = ORIENTED_EDGE ( 'NONE', *, *, #2861, .T. ) ;
#2269 = CARTESIAN_POINT ( 'NONE',  ( 11.50000000000000178, -23.09999999999999787, 15.99999999999999645 ) ) ;
#2270 = ORIENTED_EDGE ( 'NONE', *, *, #3252, .F. ) ;
#2271 = ADVANCED_FACE ( 'NONE', ( #2123 ), #1803, .T. ) ;
#2272 = CARTESIAN_POINT ( 'NONE',  ( 9.250000000000000000, -16.51421356237309723, 0.5000000000000079936 ) ) ;
#2273 = EDGE_LOOP ( 'NONE', ( #3631, #510, #4302 ) ) ;
#2274 = AXIS2_PLACEMENT_3D ( 'NONE', #1537, #1155, #3785 ) ;
#2275 = CARTESIAN_POINT ( 'NONE',  ( 0.000000000000000000, -29.48577027834451769, -17.50000000000000355 ) ) ;
#2276 = CYLINDRICAL_SURFACE ( 'NONE', #1542, 0.5000000000000004441 ) ;
#2277 = DIRECTION ( 'NONE',  ( 0.7071067811865552333, 0.000000000000000000, 0.7071067811865398012 ) ) ;
#2278 = AXIS2_PLACEMENT_3D ( 'NONE', #1347, #2804, #4257 ) ;
#2279 = ORIENTED_EDGE ( 'NONE', *, *, #4410, .F. ) ;
#2280 = ORIENTED_EDGE ( 'NONE', *, *, #249, .T. ) ;
#2281 = CARTESIAN_POINT ( 'NONE',  ( 9.099999999999997868, -24.29999999999999716, -1.500000000000003109 ) ) ;
#2282 = DIRECTION ( 'NONE',  ( -0.000000000000000000, 6.162975822039154730E-31, -1.000000000000000000 ) ) ;
#2283 = DIRECTION ( 'NONE',  ( 0.000000000000000000, 0.000000000000000000, 1.000000000000000000 ) ) ;
#2284 = EDGE_LOOP ( 'NONE', ( #2596, #1633, #3017, #4105 ) ) ;
#2285 = EDGE_CURVE ( 'NONE', #1117, #3115, #1353, .T. ) ;
#2286 = DIRECTION ( 'NONE',  ( -0.000000000000000000, -1.049697225128599695E-16, 1.000000000000000000 ) ) ;
#2287 = ORIENTED_EDGE ( 'NONE', *, *, #1027, .T. ) ;
#2288 = EDGE_CURVE ( 'NONE', #4149, #255, #2411, .T. ) ;
#2289 = CARTESIAN_POINT ( 'NONE',  ( -9.649999999999996803, -19.09999999999999787, 17.49999999999999645 ) ) ;
#2290 = CARTESIAN_POINT ( 'NONE',  ( 0.000000000000000000, 1.419715647537872934E-15, 17.10000000000003695 ) ) ;
#2291 = ADVANCED_FACE ( 'NONE', ( #1342 ), #2796, .F. ) ;
#2292 = ORIENTED_EDGE ( 'NONE', *, *, #1671, .F. ) ;
#2293 = CARTESIAN_POINT ( 'NONE',  ( 7.349999999999995204, -18.09999999999999787, -7.200000000000002842 ) ) ;
#2294 = VERTEX_POINT ( 'NONE', #3893 ) ;
#2295 = EDGE_CURVE ( 'NONE', #3461, #660, #1720, .T. ) ;
#2296 = DIRECTION ( 'NONE',  ( 1.000000000000000000, 0.000000000000000000, 0.000000000000000000 ) ) ;
#2297 = ORIENTED_EDGE ( 'NONE', *, *, #1363, .T. ) ;
#2298 = LINE ( 'NONE', #4516, #1040 ) ;
#2299 = DIRECTION ( 'NONE',  ( -0.000000000000000000, 6.162975822039154730E-31, -1.000000000000000000 ) ) ;
#2300 = VERTEX_POINT ( 'NONE', #2464 ) ;
#2301 = EDGE_LOOP ( 'NONE', ( #3040, #339, #3377 ) ) ;
#2302 = CARTESIAN_POINT ( 'NONE',  ( -8.250000000000001776, -29.10000000000000142, -7.000000000000002665 ) ) ;
#2303 = DIRECTION ( 'NONE',  ( 0.000000000000000000, 1.000000000000000000, 0.000000000000000000 ) ) ;
#2304 = CARTESIAN_POINT ( 'NONE',  ( 1.719844002960902785, -30.95225575956424890, 17.49999999999999645 ) ) ;
#2305 = ORIENTED_EDGE ( 'NONE', *, *, #3550, .F. ) ;
#2306 = CARTESIAN_POINT ( 'NONE',  ( -30.99999999999997868, -1.068878074836371250E-13, -12.84288448352115886 ) ) ;
#2307 = VECTOR ( 'NONE', #3271, 1000.000000000000114 ) ;
#2308 = VECTOR ( 'NONE', #1842, 999.9999999999998863 ) ;
#2309 = DIRECTION ( 'NONE',  ( 1.000000000000000000, 0.000000000000000000, 0.000000000000000000 ) ) ;
#2310 = ADVANCED_FACE ( 'NONE', ( #2193 ), #4437, .F. ) ;
#2311 = VERTEX_POINT ( 'NONE', #1429 ) ;
#2312 = VECTOR ( 'NONE', #1189, 1000.000000000000000 ) ;
#2313 = EDGE_CURVE ( 'NONE', #1359, #4271, #3725, .T. ) ;
#2314 = VERTEX_POINT ( 'NONE', #1479 ) ;
#2315 = DIRECTION ( 'NONE',  ( 0.000000000000000000, 1.000000000000000000, 0.000000000000000000 ) ) ;
#2316 = ORIENTED_EDGE ( 'NONE', *, *, #1588, .F. ) ;
#2317 = CARTESIAN_POINT ( 'NONE',  ( 0.000000000000000000, 1.377727758532732733E-15, 17.49999999999999645 ) ) ;
#2318 = CARTESIAN_POINT ( 'NONE',  ( 0.000000000000000000, 4.211910128732925518E-15, -9.499998688697820270 ) ) ;
#2319 = ORIENTED_EDGE ( 'NONE', *, *, #1709, .F. ) ;
#2320 = CARTESIAN_POINT ( 'NONE',  ( 29.88584094275239877, -2.614672282429435501, -11.84288448352118017 ) ) ;
#2322 = EDGE_CURVE ( 'NONE', #3266, #1576, #2884, .T. ) ;
#2321 = DIRECTION ( 'NONE',  ( 1.398970545142587281E-16, -1.000000000000000000, 0.000000000000000000 ) ) ;
#2323 = VERTEX_POINT ( 'NONE', #3676 ) ;
#2324 = VERTEX_POINT ( 'NONE', #3336 ) ;
#2325 = LINE ( 'NONE', #3758, #2878 ) ;
#2326 = AXIS2_PLACEMENT_3D ( 'NONE', #1367, #4228, #2167 ) ;
#2327 = CARTESIAN_POINT ( 'NONE',  ( 0.000000000000000000, -1.866583882007851121E-15, -12.84288448352115886 ) ) ;
#2328 = EDGE_CURVE ( 'NONE', #1130, #1100, #4477, .T. ) ;
#2329 = CARTESIAN_POINT ( 'NONE',  ( 10.25000000000000355, -19.09999999999999432, 16.49999999999999645 ) ) ;
#2330 = ORIENTED_EDGE ( 'NONE', *, *, #1547, .T. ) ;
#2331 = CIRCLE ( 'NONE', #2173, 29.99999999999998224 ) ;
#2332 = VECTOR ( 'NONE', #4536, 1000.000000000000000 ) ;
#2333 = DIRECTION ( 'NONE',  ( -0.000000000000000000, -0.000000000000000000, 1.000000000000000000 ) ) ;
#2334 =( LENGTH_UNIT ( ) NAMED_UNIT ( * ) SI_UNIT ( .MILLI., .METRE. ) );
#2335 = CARTESIAN_POINT ( 'NONE',  ( 0.000000000000000000, -1.836970143975040049E-15, 17.09999999999996945 ) ) ;
#2336 = VERTEX_POINT ( 'NONE', #2269 ) ;
#2337 = EDGE_LOOP ( 'NONE', ( #3369, #3397, #4509 ) ) ;
#2338 = CARTESIAN_POINT ( 'NONE',  ( 11.09999999999999964, -1.836970143975040049E-15, 2.499999999999887645 ) ) ;
#2339 = EDGE_LOOP ( 'NONE', ( #1300, #1414, #3074, #2446 ) ) ;
#2340 = LINE ( 'NONE', #531, #2387 ) ;
#2341 = AXIS2_PLACEMENT_3D ( 'NONE', #1756, #1735, #3948 ) ;
#2342 = CARTESIAN_POINT ( 'NONE',  ( -30.24321410188993653, 2.314800596404631428, -14.31300677667250376 ) ) ;
#2343 = LINE ( 'NONE', #4154, #3169 ) ;
#2344 = FACE_OUTER_BOUND ( 'NONE', #3568, .T. ) ;
#2345 = CARTESIAN_POINT ( 'NONE',  ( 4.698823909737635301E-15, -38.36880897422129522, 17.49999999999999645 ) ) ;
#2346 = ORIENTED_EDGE ( 'NONE', *, *, #4303, .T. ) ;
#2347 = EDGE_LOOP ( 'NONE', ( #3213, #3580, #1837, #1959 ) ) ;
#2348 = EDGE_CURVE ( 'NONE', #3115, #514, #3240, .T. ) ;
#2349 = CARTESIAN_POINT ( 'NONE',  ( 4.375000000000000000, -18.09999999999999787, -17.50000000000000355 ) ) ;
#2350 = AXIS2_PLACEMENT_3D ( 'NONE', #2454, #1685, #3141 ) ;
#2351 = CARTESIAN_POINT ( 'NONE',  ( -7.349999999999995204, -30.09999999999999787, -7.000000000000002665 ) ) ;
#2352 = ADVANCED_FACE ( 'NONE', ( #1835 ), #3640, .F. ) ;
#2353 = DIRECTION ( 'NONE',  ( 0.000000000000000000, 0.000000000000000000, 1.000000000000000000 ) ) ;
#2354 = EDGE_LOOP ( 'NONE', ( #1496, #2677, #3330, #1609, #1913 ) ) ;
#2355 = CARTESIAN_POINT ( 'NONE',  ( -8.250000000000000000, -17.10000000000000142, 17.09999999999999787 ) ) ;
#2356 = ADVANCED_FACE ( 'NONE', ( #766 ), #4367, .T. ) ;
#2357 = DIRECTION ( 'NONE',  ( 0.000000000000000000, 1.000000000000000000, 0.000000000000000000 ) ) ;
#2358 = LINE ( 'NONE', #3811, #2690 ) ;
#2359 = ORIENTED_EDGE ( 'NONE', *, *, #4248, .T. ) ;
#2360 = DIRECTION ( 'NONE',  ( -0.000000000000000000, -0.000000000000000000, -1.000000000000000000 ) ) ;
#2361 = ORIENTED_EDGE ( 'NONE', *, *, #4470, .F. ) ;
#2362 = CARTESIAN_POINT ( 'NONE',  ( 2.314800596404742894, -30.24321410188992587, -14.31300677667250554 ) ) ;
#2363 = CIRCLE ( 'NONE', #2440, 0.6000000000000033085 ) ;
#2364 = FACE_OUTER_BOUND ( 'NONE', #1724, .T. ) ;
#2365 = CARTESIAN_POINT ( 'NONE',  ( -16.50000000000000000, -16.49999999999999645, -17.50000000000000355 ) ) ;
#2366 = CARTESIAN_POINT ( 'NONE',  ( 7.806188013644372425, -22.00000000000000000, -7.000000000000002665 ) ) ;
#2367 = CARTESIAN_POINT ( 'NONE',  ( -2.314800596404743338, -30.24321410188994008, -12.17276219036982887 ) ) ;
#2368 = VECTOR ( 'NONE', #1801, 1000.000000000000000 ) ;
#2369 = DIRECTION ( 'NONE',  ( 0.000000000000000000, 1.000000000000000000, 1.119176436114070071E-16 ) ) ;
#2370 = EDGE_LOOP ( 'NONE', ( #3346, #1458, #1919 ) ) ;
#2371 = EDGE_CURVE ( 'NONE', #1591, #836, #1883, .T. ) ;
#2372 = VERTEX_POINT ( 'NONE', #3310 ) ;
#2373 = EDGE_CURVE ( 'NONE', #404, #3617, #1200, .T. ) ;
#2374 = CARTESIAN_POINT ( 'NONE',  ( -10.24999999999999822, -20.10000000000000142, 17.09999999999999787 ) ) ;
#2375 = EDGE_CURVE ( 'NONE', #1598, #182, #1121, .T. ) ;
#2376 = CARTESIAN_POINT ( 'NONE',  ( 3.673940397442059178E-15, 30.00000000000000355, -11.84288448352117662 ) ) ;
#2377 = EDGE_LOOP ( 'NONE', ( #3557, #598, #3119 ) ) ;
#2378 = LINE ( 'NONE', #2113, #3257 ) ;
#2379 =( BOUNDED_CURVE ( )  B_SPLINE_CURVE ( 3, ( #4202, #488, #934, #583 ),
 .UNSPECIFIED., .F., .T. ) 
 B_SPLINE_CURVE_WITH_KNOTS ( ( 4, 4 ),
 ( 6.035621196059742566, 6.283185307179586232 ),
 .UNSPECIFIED. ) 
 CURVE ( )  GEOMETRIC_REPRESENTATION_ITEM ( )  RATIONAL_B_SPLINE_CURVE ( ( 1.000000000000000000, 0.9948991854552264869, 0.9948991854552264869, 1.000000000000000000 ) ) 
 REPRESENTATION_ITEM ( '' )  );
#2380 = CIRCLE ( 'NONE', #3609, 0.7500000000000006661 ) ;
#2381 = CARTESIAN_POINT ( 'NONE',  ( -29.88584094275234904, 2.614672282429641115, 17.50000000000000000 ) ) ;
#2382 = ORIENTED_EDGE ( 'NONE', *, *, #1671, .T. ) ;
#2383 = DIRECTION ( 'NONE',  ( 2.051189749233279761E-16, -1.000000000000000000, 0.000000000000000000 ) ) ;
#2384 = ORIENTED_EDGE ( 'NONE', *, *, #2018, .F. ) ;
#2385 = CARTESIAN_POINT ( 'NONE',  ( -8.250000000000000000, -16.10000000000000142, 17.10000000000000142 ) ) ;
#2386 = CARTESIAN_POINT ( 'NONE',  ( -7.380487804878043789, -21.95963350026795524, -7.000000000000002665 ) ) ;
#2387 = VECTOR ( 'NONE', #4152, 999.9999999999998863 ) ;
#2388 = VECTOR ( 'NONE', #1553, 1000.000000000000000 ) ;
#2389 = CARTESIAN_POINT ( 'NONE',  ( 0.000000000000000000, -29.99999999999998579, 17.49999999999999645 ) ) ;
#2390 = AXIS2_PLACEMENT_3D ( 'NONE', #3499, #233, #639 ) ;
#2391 = FACE_BOUND ( 'NONE', #1288, .T. ) ;
#2392 = DIRECTION ( 'NONE',  ( -0.000000000000000000, -0.000000000000000000, -1.000000000000000000 ) ) ;
#2393 = PRESENTATION_LAYER_ASSIGNMENT (  '', '', ( #1776 ) ) ;
#2394 = CARTESIAN_POINT ( 'NONE',  ( -16.50000000000000000, -16.49999999999999645, -10.75064546427067391 ) ) ;
#2395 = VERTEX_POINT ( 'NONE', #459 ) ;
#2396 = ORIENTED_EDGE ( 'NONE', *, *, #1005, .F. ) ;
#2397 = ADVANCED_FACE ( 'NONE', ( #1503 ), #3288, .F. ) ;
#2398 = LINE ( 'NONE', #2420, #4258 ) ;
#2399 = CARTESIAN_POINT ( 'NONE',  ( -7.349999999999996980, -18.09999999999999787, -7.000000000000002665 ) ) ;
#2400 = EDGE_LOOP ( 'NONE', ( #4479, #4330, #4316 ) ) ;
#2401 = DIRECTION ( 'NONE',  ( 8.659560562354932858E-17, -0.7071067811865474617, -0.7071067811865474617 ) ) ;
#2402 = SURFACE_STYLE_FILL_AREA ( #1476 ) ;
#2403 = DIRECTION ( 'NONE',  ( 0.000000000000000000, -1.049697225128599695E-16, 1.000000000000000000 ) ) ;
#2404 = ORIENTED_EDGE ( 'NONE', *, *, #3634, .F. ) ;
#2405 = DIRECTION ( 'NONE',  ( 0.000000000000000000, -0.000000000000000000, -1.000000000000000000 ) ) ;
#2406 = ORIENTED_EDGE ( 'NONE', *, *, #1788, .F. ) ;
#2407 = CARTESIAN_POINT ( 'NONE',  ( 2.614672282429749917, 29.88584094275237035, -11.84288448352117662 ) ) ;
#2408 = CARTESIAN_POINT ( 'NONE',  ( 9.250000000000001776, -29.10000000000000497, 17.09999999999999787 ) ) ;
#2409 = ADVANCED_FACE ( 'NONE', ( #2525, #2169 ), #3628, .T. ) ;
#2410 = FACE_OUTER_BOUND ( 'NONE', #1570, .T. ) ;
#2411 = LINE ( 'NONE', #3870, #595 ) ;
#2412 = ADVANCED_FACE ( 'NONE', ( #2932 ), #2872, .T. ) ;
#2413 = AXIS2_PLACEMENT_3D ( 'NONE', #4690, #3166, #4358 ) ;
#2414 = DIRECTION ( 'NONE',  ( 1.000000000000000000, 0.000000000000000000, 0.000000000000000000 ) ) ;
#2415 = DIRECTION ( 'NONE',  ( -0.000000000000000000, -0.000000000000000000, 1.000000000000000000 ) ) ;
#2416 = ORIENTED_EDGE ( 'NONE', *, *, #1631, .T. ) ;
#2417 = VERTEX_POINT ( 'NONE', #1858 ) ;
#2418 = VECTOR ( 'NONE', #3015, 1000.000000000000000 ) ;
#2419 = VECTOR ( 'NONE', #4697, 1000.000000000000000 ) ;
#2420 = CARTESIAN_POINT ( 'NONE',  ( 7.249999999999966249, -30.09999999999999787, -1.500000000000003109 ) ) ;
#2421 = B_SPLINE_CURVE_WITH_KNOTS ( 'NONE', 3,
 ( #4184, #2663, #920, #186 ),
 .UNSPECIFIED., .F., .F.,
 ( 4, 4 ),
 ( 7.611068361834778276E-18, 0.001714047318848895430 ),
 .UNSPECIFIED. ) ;
#2422 = CARTESIAN_POINT ( 'NONE',  ( -7.349999999999996092, -20.19532343512947747, -1.500000000000003109 ) ) ;
#2423 = DIRECTION ( 'NONE',  ( 0.000000000000000000, -1.049697225128599695E-16, 1.000000000000000000 ) ) ;
#2424 = ORIENTED_EDGE ( 'NONE', *, *, #2432, .F. ) ;
#2425 = ORIENTED_EDGE ( 'NONE', *, *, #1221, .T. ) ;
#2426 = CIRCLE ( 'NONE', #1051, 38.76880897422125827 ) ;
#2427 = DIRECTION ( 'NONE',  ( -0.000000000000000000, -0.000000000000000000, 1.000000000000000000 ) ) ;
#2428 = CARTESIAN_POINT ( 'NONE',  ( 8.250000000000000000, -16.10000000000000142, 17.09999999999999787 ) ) ;
#2429 = DIRECTION ( 'NONE',  ( 0.000000000000000000, -1.049697225128599695E-16, 1.000000000000000000 ) ) ;
#2430 = AXIS2_PLACEMENT_3D ( 'NONE', #1256, #3062, #4523 ) ;
#2431 = VERTEX_POINT ( 'NONE', #3264 ) ;
#2432 = EDGE_CURVE ( 'NONE', #4015, #3679, #2549, .T. ) ;
#2433 = EDGE_CURVE ( 'NONE', #1345, #95, #2245, .T. ) ;
#2434 = DIRECTION ( 'NONE',  ( 0.000000000000000000, 1.049697225128599695E-16, -1.000000000000000000 ) ) ;
#2435 = EDGE_CURVE ( 'NONE', #4071, #1729, #2674, .T. ) ;
#2436 = ORIENTED_EDGE ( 'NONE', *, *, #2080, .T. ) ;
#2437 = FACE_BOUND ( 'NONE', #799, .T. ) ;
#2438 = ADVANCED_FACE ( 'NONE', ( #1550 ), #3408, .F. ) ;
#2439 = CARTESIAN_POINT ( 'NONE',  ( -8.250000000000000000, -17.10000000000000142, -7.000000000000002665 ) ) ;
#2440 = AXIS2_PLACEMENT_3D ( 'NONE', #429, #3258, #2520 ) ;
#2441 = DIRECTION ( 'NONE',  ( 0.000000000000000000, 0.000000000000000000, 1.000000000000000000 ) ) ;
#2442 = EDGE_CURVE ( 'NONE', #3823, #475, #4126, .T. ) ;
#2443 = DIRECTION ( 'NONE',  ( -0.000000000000000000, -0.000000000000000000, 1.000000000000000000 ) ) ;
#2444 = CIRCLE ( 'NONE', #386, 3.099999999999998757 ) ;
#2445 = CARTESIAN_POINT ( 'NONE',  ( -7.806188013644372425, -22.50000000000000000, -7.000000000000002665 ) ) ;
#2446 = ORIENTED_EDGE ( 'NONE', *, *, #3624, .F. ) ;
#2447 = VERTEX_POINT ( 'NONE', #1218 ) ;
#2448 = VECTOR ( 'NONE', #1627, 1000.000000000000000 ) ;
#2449 = DIRECTION ( 'NONE',  ( 0.000000000000000000, -1.000000000000000000, -1.156482317317871478E-16 ) ) ;
#2450 = CARTESIAN_POINT ( 'NONE',  ( 12.25000000000000355, -26.10000000000000142, 17.09999999999999787 ) ) ;
#2451 = VECTOR ( 'NONE', #1562, 1000.000000000000000 ) ;
#2452 =( LENGTH_UNIT ( ) NAMED_UNIT ( * ) SI_UNIT ( .MILLI., .METRE. ) );
#2453 = VERTEX_POINT ( 'NONE', #1267 ) ;
#2454 = CARTESIAN_POINT ( 'NONE',  ( -16.50000000000000000, 16.50000000000000355, -17.00000000000000355 ) ) ;
#2455 = DIRECTION ( 'NONE',  ( -0.000000000000000000, -0.000000000000000000, 1.000000000000000000 ) ) ;
#2456 = CARTESIAN_POINT ( 'NONE',  ( 9.250000000000001776, -27.10000000000000142, 17.09999999999999787 ) ) ;
#2457 = ORIENTED_EDGE ( 'NONE', *, *, #1872, .F. ) ;
#2458 = EDGE_CURVE ( 'NONE', #3627, #3335, #236, .T. ) ;
#2459 = DIRECTION ( 'NONE',  ( 0.000000000000000000, -1.000000000000000000, 0.000000000000000000 ) ) ;
#2460 = VERTEX_POINT ( 'NONE', #860 ) ;
#2461 = CARTESIAN_POINT ( 'NONE',  ( -9.249999999999998224, -16.51421356237309368, 0.5000000000000119904 ) ) ;
#2462 = LINE ( 'NONE', #273, #285 ) ;
#2463 = ORIENTED_EDGE ( 'NONE', *, *, #2200, .T. ) ;
#2464 = CARTESIAN_POINT ( 'NONE',  ( 11.50000000000003730, -1.836970143975040049E-15, 17.49999999999999645 ) ) ;
#2465 = CONICAL_SURFACE ( 'NONE', #1922, 1.000000000000000888, 0.7853981633974492782 ) ;
#2466 = AXIS2_PLACEMENT_3D ( 'NONE', #726, #3246, #2203 ) ;
#2467 = DIRECTION ( 'NONE',  ( -1.000000000000000000, 0.000000000000000000, 0.000000000000000000 ) ) ;
#2468 = ORIENTED_EDGE ( 'NONE', *, *, #2223, .T. ) ;
#2469 = VERTEX_POINT ( 'NONE', #4511 ) ;
#2470 = DIRECTION ( 'NONE',  ( -0.000000000000000000, 6.162975822039154730E-31, -1.000000000000000000 ) ) ;
#2471 = DIRECTION ( 'NONE',  ( 0.000000000000000000, 1.000000000000000000, 0.000000000000000000 ) ) ;
#2472 = VERTEX_POINT ( 'NONE', #906 ) ;
#2473 = FACE_OUTER_BOUND ( 'NONE', #4036, .T. ) ;
#2474 = EDGE_CURVE ( 'NONE', #2222, #4029, #2212, .T. ) ;
#2475 = DIRECTION ( 'NONE',  ( -1.171423662820242860E-16, 1.443913095985621612E-15, -1.000000000000000000 ) ) ;
#2476 = CARTESIAN_POINT ( 'NONE',  ( 12.25000000000000000, -23.09999999999999787, 16.50000000000000000 ) ) ;
#2477 = CARTESIAN_POINT ( 'NONE',  ( 3.214697902507782051E-15, 1.243144297987106756E-15, -11.84288448352118017 ) ) ;
#2478 = VERTEX_POINT ( 'NONE', #2338 ) ;
#2479 = DIRECTION ( 'NONE',  ( 0.000000000000000000, -1.049697225128599695E-16, 1.000000000000000000 ) ) ;
#2480 = ORIENTED_EDGE ( 'NONE', *, *, #801, .T. ) ;
#2481 = VECTOR ( 'NONE', #3143, 1000.000000000000000 ) ;
#2482 = CARTESIAN_POINT ( 'NONE',  ( 16.50000000000000000, 16.49999999999999645, -10.30000000000000426 ) ) ;
#2483 = CARTESIAN_POINT ( 'NONE',  ( 12.25000000000000000, -23.09999999999999787, 9.750645464270666807 ) ) ;
#2484 = CARTESIAN_POINT ( 'NONE',  ( -7.507157676348546360, -21.45846451046461567, -1.242842323651426328 ) ) ;
#2485 = ORIENTED_EDGE ( 'NONE', *, *, #1033, .T. ) ;
#2486 = ORIENTED_EDGE ( 'NONE', *, *, #2979, .F. ) ;
#2487 = CARTESIAN_POINT ( 'NONE',  ( 12.24999999999999822, -23.09999999999999787, 9.299999999999995381 ) ) ;
#2488 = CARTESIAN_POINT ( 'NONE',  ( 16.50000000000000000, -17.24999999999999289, -10.75064546427067391 ) ) ;
#2489 = ADVANCED_FACE ( 'NONE', ( #1289 ), #4343, .F. ) ;
#2490 = EDGE_LOOP ( 'NONE', ( #3425, #2548, #2305, #4261 ) ) ;
#2491 = AXIS2_PLACEMENT_3D ( 'NONE', #3187, #686, #3928 ) ;
#2492 = CYLINDRICAL_SURFACE ( 'NONE', #4177, 3.099999999999998757 ) ;
#2493 = EDGE_CURVE ( 'NONE', #1312, #4347, #2695, .T. ) ;
#2494 = CARTESIAN_POINT ( 'NONE',  ( -3.214697902507782051E-15, 1.348114020499919886E-15, -12.84288448352115886 ) ) ;
#2495 = PLANE ( 'NONE',  #2341 ) ;
#2496 = CARTESIAN_POINT ( 'NONE',  ( 16.50000000000000000, 15.74999999999999645, -17.00000000000000355 ) ) ;
#2497 = ORIENTED_EDGE ( 'NONE', *, *, #953, .F. ) ;
#2498 = AXIS2_PLACEMENT_3D ( 'NONE', #352, #3613, #2586 ) ;
#2499 = DIRECTION ( 'NONE',  ( 0.000000000000000000, 1.000000000000000000, 0.000000000000000000 ) ) ;
#2500 = VERTEX_POINT ( 'NONE', #2715 ) ;
#2501 = CARTESIAN_POINT ( 'NONE',  ( 16.50000000000000000, -17.75000000000000000, -17.50000000000000355 ) ) ;
#2502 = CIRCLE ( 'NONE', #451, 30.99999999999997513 ) ;
#2503 = CARTESIAN_POINT ( 'NONE',  ( 7.380487804878043789, -21.95963350026795524, -7.000000000000002665 ) ) ;
#2504 = DIRECTION ( 'NONE',  ( -0.8571673007021107793, 1.049727191138616723E-16, 0.5150380749100568201 ) ) ;
#2505 = VERTEX_POINT ( 'NONE', #3794 ) ;
#2506 = VERTEX_POINT ( 'NONE', #2293 ) ;
#2507 = CONICAL_SURFACE ( 'NONE', #2966, 1.249999999999999334, 0.7853981633974447263 ) ;
#2508 = DIRECTION ( 'NONE',  ( -0.000000000000000000, -0.000000000000000000, 1.000000000000000000 ) ) ;
#2509 = AXIS2_PLACEMENT_3D ( 'NONE', #881, #171, #1976 ) ;
#2510 = EDGE_CURVE ( 'NONE', #229, #2478, #150, .T. ) ;
#2511 = DIRECTION ( 'NONE',  ( 0.000000000000000000, 1.000000000000000000, 0.000000000000000000 ) ) ;
#2512 = ORIENTED_EDGE ( 'NONE', *, *, #1339, .T. ) ;
#2513 = CONICAL_SURFACE ( 'NONE', #3433, 0.6000000000000033085, 0.7853981633974471688 ) ;
#2514 = EDGE_CURVE ( 'NONE', #2506, #4051, #1621, .T. ) ;
#2515 = CARTESIAN_POINT ( 'NONE',  ( -7.349999999999996092, -22.20467656487052466, -1.399999999999972378 ) ) ;
#2516 = CARTESIAN_POINT ( 'NONE',  ( -12.25000000000000000, -23.10000000000000142, 16.50000000000000000 ) ) ;
#2517 = CARTESIAN_POINT ( 'NONE',  ( -9.649999999999980815, -23.09999999999999076, 16.49999999999999645 ) ) ;
#2518 = LINE ( 'NONE', #3971, #4114 ) ;
#2519 = EDGE_LOOP ( 'NONE', ( #2544, #306, #1655, #4567, #1185 ) ) ;
#2520 = DIRECTION ( 'NONE',  ( 0.000000000000000000, 1.000000000000000000, 0.000000000000000000 ) ) ;
#2521 = EDGE_LOOP ( 'NONE', ( #1191, #613, #3122, #2406 ) ) ;
#2522 = DIRECTION ( 'NONE',  ( 0.000000000000000000, 1.000000000000000000, 0.000000000000000000 ) ) ;
#2523 = DIRECTION ( 'NONE',  ( -0.000000000000000000, -1.049697225128599695E-16, 1.000000000000000000 ) ) ;
#2524 = EDGE_LOOP ( 'NONE', ( #235, #4510, #1489, #1525 ) ) ;
#2525 = FACE_OUTER_BOUND ( 'NONE', #1379, .T. ) ;
#2526 = CARTESIAN_POINT ( 'NONE',  ( 9.250000000000003553, -19.09999999999999432, 16.09999999999998721 ) ) ;
#2527 = ORIENTED_EDGE ( 'NONE', *, *, #3546, .T. ) ;
#2528 = ORIENTED_EDGE ( 'NONE', *, *, #895, .T. ) ;
#2529 = DIRECTION ( 'NONE',  ( 0.000000000000000000, 0.000000000000000000, 1.000000000000000000 ) ) ;
#2530 = CIRCLE ( 'NONE', #1996, 3.099999999999998757 ) ;
#2531 = CARTESIAN_POINT ( 'NONE',  ( 12.25000000000000000, -20.09999999999999787, 16.49999999999999645 ) ) ;
#2532 = VECTOR ( 'NONE', #3319, 1000.000000000000000 ) ;
#2533 = DIRECTION ( 'NONE',  ( -1.000000000000000000, 0.000000000000000000, 0.000000000000000000 ) ) ;
#2534 = AXIS2_PLACEMENT_3D ( 'NONE', #359, #1452, #2120 ) ;
#2535 = AXIS2_PLACEMENT_3D ( 'NONE', #1431, #1007, #2467 ) ;
#2536 = ORIENTED_EDGE ( 'NONE', *, *, #4622, .F. ) ;
#2537 = DIRECTION ( 'NONE',  ( 0.000000000000000000, 1.000000000000000000, 0.000000000000000000 ) ) ;
#2538 = EDGE_CURVE ( 'NONE', #4496, #4015, #3734, .T. ) ;
#2539 = CARTESIAN_POINT ( 'NONE',  ( 0.000000000000000000, 4.562811923007712982E-15, -12.84288448352115886 ) ) ;
#2540 = LINE ( 'NONE', #3995, #4012 ) ;
#2541 = LINE ( 'NONE', #2898, #2894 ) ;
#2542 = VERTEX_POINT ( 'NONE', #2739 ) ;
#2543 = DIRECTION ( 'NONE',  ( 9.637352644315598694E-16, 1.000000000000000000, -0.000000000000000000 ) ) ;
#2544 = ORIENTED_EDGE ( 'NONE', *, *, #4629, .F. ) ;
#2545 = LINE ( 'NONE', #3285, #2312 ) ;
#2546 = CARTESIAN_POINT ( 'NONE',  ( 7.349999999999996980, -24.29999999999999361, -7.200000000000002842 ) ) ;
#2547 = ADVANCED_BREP_SHAPE_REPRESENTATION ( '01 - FSB - 1000 - Base', ( #517, #1230 ), #4119 ) ;
#2548 = ORIENTED_EDGE ( 'NONE', *, *, #2375, .T. ) ;
#2549 = LINE ( 'NONE', #4050, #2267 ) ;
#2550 = VECTOR ( 'NONE', #1498, 1000.000000000000000 ) ;
#2551 = EDGE_CURVE ( 'NONE', #3939, #1598, #1676, .T. ) ;
#2552 = CARTESIAN_POINT ( 'NONE',  ( -9.649999999999998579, -29.10000000000000142, 17.49999999999999645 ) ) ;
#2553 = ORIENTED_EDGE ( 'NONE', *, *, #1033, .F. ) ;
#2554 = VECTOR ( 'NONE', #1227, 1000.000000000000000 ) ;
#2555 = EDGE_LOOP ( 'NONE', ( #207, #3391, #4680, #2864 ) ) ;
#2556 = CARTESIAN_POINT ( 'NONE',  ( 0.000000000000000000, -38.76880897422125827, 7.499999999999992006 ) ) ;
#2557 = EDGE_CURVE ( 'NONE', #3749, #2162, #3124, .T. ) ;
#2558 = DIRECTION ( 'NONE',  ( -1.000000000000000000, -1.416100796715760617E-16, -1.486477076814933186E-32 ) ) ;
#2559 = CARTESIAN_POINT ( 'NONE',  ( 9.650000000000014566, -19.90000000000000568, 16.49999999999999645 ) ) ;
#2560 = VERTEX_POINT ( 'NONE', #196 ) ;
#2561 = CARTESIAN_POINT ( 'NONE',  ( -9.250000000000000000, -17.10000000000000142, 0.5000000000000108802 ) ) ;
#2562 = DIRECTION ( 'NONE',  ( 1.000000000000000000, 0.000000000000000000, -0.000000000000000000 ) ) ;
#2563 = AXIS2_PLACEMENT_3D ( 'NONE', #1398, #2429, #2136 ) ;
#2564 = LINE ( 'NONE', #1420, #3586 ) ;
#2565 = ORIENTED_EDGE ( 'NONE', *, *, #3827, .T. ) ;
#2566 = VECTOR ( 'NONE', #717, 1000.000000000000000 ) ;
#2567 = CARTESIAN_POINT ( 'NONE',  ( 0.000000000000000000, 1.377727758532732338E-15, 17.50000000000000000 ) ) ;
#2568 = CARTESIAN_POINT ( 'NONE',  ( 12.25000000000000000, -20.09999999999999787, 17.09999999999999787 ) ) ;
#2569 = CARTESIAN_POINT ( 'NONE',  ( 10.25000000000000355, -19.09999999999999432, 17.49999999999999645 ) ) ;
#2570 = ADVANCED_FACE ( 'NONE', ( #1906 ), #3003, .F. ) ;
#2571 = EDGE_CURVE ( 'NONE', #2395, #4362, #1929, .T. ) ;
#2572 = ORIENTED_EDGE ( 'NONE', *, *, #1853, .F. ) ;
#2573 = DIRECTION ( 'NONE',  ( 0.000000000000000000, -1.000000000000000000, -1.156482317317871478E-16 ) ) ;
#2574 = ADVANCED_FACE ( 'NONE', ( #4489 ), #3051, .F. ) ;
#2575 = DIRECTION ( 'NONE',  ( -0.000000000000000000, 6.162975822039154730E-31, -1.000000000000000000 ) ) ;
#2576 = ORIENTED_EDGE ( 'NONE', *, *, #4185, .T. ) ;
#2577 = VERTEX_POINT ( 'NONE', #243 ) ;
#2578 = CARTESIAN_POINT ( 'NONE',  ( 13.00000000000000000, -23.09999999999999787, 16.49999999999999645 ) ) ;
#2579 = EDGE_CURVE ( 'NONE', #2057, #1488, #160, .T. ) ;
#2580 = EDGE_CURVE ( 'NONE', #3239, #1664, #648, .T. ) ;
#2581 = CARTESIAN_POINT ( 'NONE',  ( -7.349999999999996092, -16.10000000000000142, -7.000000000000002665 ) ) ;
#2582 = CARTESIAN_POINT ( 'NONE',  ( 7.349999999999996980, -24.29999999999999361, -7.000000000000002665 ) ) ;
#2583 = ORIENTED_EDGE ( 'NONE', *, *, #1387, .F. ) ;
#2584 = ORIENTED_EDGE ( 'NONE', *, *, #1611, .F. ) ;
#2585 = AXIS2_PLACEMENT_3D ( 'NONE', #1358, #2479, #3211 ) ;
#2586 = DIRECTION ( 'NONE',  ( 0.000000000000000000, 1.000000000000000000, 0.000000000000000000 ) ) ;
#2587 = DIRECTION ( 'NONE',  ( 0.000000000000000000, 1.000000000000000000, 1.119176436114070071E-16 ) ) ;
#2588 = FACE_OUTER_BOUND ( 'NONE', #4481, .T. ) ;
#2589 = EDGE_LOOP ( 'NONE', ( #4116, #759, #2528, #3208 ) ) ;
#2590 = DIRECTION ( 'NONE',  ( 1.000000000000000000, 0.000000000000000000, 0.000000000000000000 ) ) ;
#2591 = VECTOR ( 'NONE', #554, 1000.000000000000000 ) ;
#2592 = ORIENTED_EDGE ( 'NONE', *, *, #2373, .T. ) ;
#2593 = LINE ( 'NONE', #1971, #792 ) ;
#2594 = DIRECTION ( 'NONE',  ( 1.338943373472761150E-15, 2.221120887948889394E-16, -1.000000000000000000 ) ) ;
#2595 = ADVANCED_FACE ( 'NONE', ( #2047 ), #1022, .F. ) ;
#2596 = ORIENTED_EDGE ( 'NONE', *, *, #1443, .T. ) ;
#2597 = DIRECTION ( 'NONE',  ( -0.000000000000000000, -1.049697225128599695E-16, 1.000000000000000000 ) ) ;
#2598 = ORIENTED_EDGE ( 'NONE', *, *, #567, .T. ) ;
#2599 = EDGE_CURVE ( 'NONE', #4649, #2964, #2098, .T. ) ;
#2600 = CARTESIAN_POINT ( 'NONE',  ( 12.25000000000000000, -20.09999999999999787, 16.49999999999999645 ) ) ;
#2601 = VERTEX_POINT ( 'NONE', #4651 ) ;
#2602 = CARTESIAN_POINT ( 'NONE',  ( 8.250000000000000000, -17.10000000000000142, 17.09999999999999787 ) ) ;
#2603 = CARTESIAN_POINT ( 'NONE',  ( 9.250000000000001776, -27.10000000000000142, 17.09999999999999787 ) ) ;
#2604 = CIRCLE ( 'NONE', #2621, 3.099999999999998757 ) ;
#2605 = CARTESIAN_POINT ( 'NONE',  ( 30.24321410188996140, -2.314800596404420485, -12.17276219036982177 ) ) ;
#2606 = ORIENTED_EDGE ( 'NONE', *, *, #1221, .F. ) ;
#2607 = ORIENTED_EDGE ( 'NONE', *, *, #629, .T. ) ;
#2608 = AXIS2_PLACEMENT_3D ( 'NONE', #3587, #4374, #4397 ) ;
#2609 = B_SPLINE_CURVE_WITH_KNOTS ( 'NONE', 3,
 ( #378, #3281, #20, #1471 ),
 .UNSPECIFIED., .F., .F.,
 ( 4, 4 ),
 ( 4.443906512722159927E-18, 0.001714047318848883937 ),
 .UNSPECIFIED. ) ;
#2610 = CIRCLE ( 'NONE', #1049, 1.000000000000000888 ) ;
#2611 = DIRECTION ( 'NONE',  ( 1.000000000000000000, 4.486353817181398134E-16, -0.000000000000000000 ) ) ;
#2612 = AXIS2_PLACEMENT_3D ( 'NONE', #3174, #4635, #1364 ) ;
#2613 = AXIS2_PLACEMENT_3D ( 'NONE', #463, #3005, #1836 ) ;
#2614 = DIRECTION ( 'NONE',  ( -0.000000000000000000, -0.000000000000000000, 1.000000000000000000 ) ) ;
#2615 = AXIS2_PLACEMENT_3D ( 'NONE', #2228, #1889, #1080 ) ;
#2616 = CARTESIAN_POINT ( 'NONE',  ( 7.349999999999996980, -24.29999999999999361, -7.200000000000002842 ) ) ;
#2617 = EDGE_LOOP ( 'NONE', ( #1900, #2835, #3077, #1583 ) ) ;
#2618 = LINE ( 'NONE', #3719, #4650 ) ;
#2619 = EDGE_CURVE ( 'NONE', #2311, #1001, #1046, .T. ) ;
#2620 = ORIENTED_EDGE ( 'NONE', *, *, #275, .F. ) ;
#2621 = AXIS2_PLACEMENT_3D ( 'NONE', #572, #4192, #596 ) ;
#2622 = PLANE ( 'NONE',  #3214 ) ;
#2623 = CARTESIAN_POINT ( 'NONE',  ( 16.50000000000000000, -15.75000000000000000, -17.50000000000000355 ) ) ;
#2624 = ORIENTED_EDGE ( 'NONE', *, *, #3399, .F. ) ;
#2625 = DIRECTION ( 'NONE',  ( 0.000000000000000000, 1.000000000000000000, 0.000000000000000000 ) ) ;
#2626 = EDGE_LOOP ( 'NONE', ( #458, #1215, #2757 ) ) ;
#2627 = CARTESIAN_POINT ( 'NONE',  ( 8.250000000000000000, -16.10000000000000142, -0.4999999999999813483 ) ) ;
#2628 = ORIENTED_EDGE ( 'NONE', *, *, #3715, .F. ) ;
#2629 = CIRCLE ( 'NONE', #957, 0.7499999999999972244 ) ;
#2630 = CARTESIAN_POINT ( 'NONE',  ( -9.649999999999995026, -17.10000000000000142, 17.49999999999999645 ) ) ;
#2631 = DIRECTION ( 'NONE',  ( -1.000000000000000000, 0.000000000000000000, 0.000000000000000000 ) ) ;
#2632 = CIRCLE ( 'NONE', #725, 11.50000000000003730 ) ;
#2633 = LINE ( 'NONE', #4466, #1186 ) ;
#2634 = EDGE_LOOP ( 'NONE', ( #398, #1032, #923, #1021, #4707, #1977, #666, #3837 ) ) ;
#2635 = EDGE_CURVE ( 'NONE', #3679, #3461, #575, .T. ) ;
#2636 = ORIENTED_EDGE ( 'NONE', *, *, #115, .T. ) ;
#2637 = PLANE ( 'NONE',  #3184 ) ;
#2638 = EDGE_CURVE ( 'NONE', #3665, #3404, #314, .T. ) ;
#2639 = PLANE ( 'NONE',  #3102 ) ;
#2640 = CYLINDRICAL_SURFACE ( 'NONE', #3439, 38.76880897422125827 ) ;
#2641 = ORIENTED_EDGE ( 'NONE', *, *, #1856, .T. ) ;
#2642 = FACE_OUTER_BOUND ( 'NONE', #727, .T. ) ;
#2643 = ORIENTED_EDGE ( 'NONE', *, *, #4534, .F. ) ;
#2644 = EDGE_CURVE ( 'NONE', #2845, #410, #954, .T. ) ;
#2645 = CIRCLE ( 'NONE', #3635, 0.6000000000000033085 ) ;
#2646 = DIRECTION ( 'NONE',  ( 0.000000000000000000, -1.049697225128599695E-16, 1.000000000000000000 ) ) ;
#2647 = CARTESIAN_POINT ( 'NONE',  ( 0.000000000000000000, -1.836970143975040049E-15, 17.09999999999996945 ) ) ;
#2648 = AXIS2_PLACEMENT_3D ( 'NONE', #2733, #1257, #162 ) ;
#2649 = VECTOR ( 'NONE', #3840, 1000.000000000000000 ) ;
#2650 = ORIENTED_EDGE ( 'NONE', *, *, #3357, .T. ) ;
#2651 = DIRECTION ( 'NONE',  ( 0.000000000000000000, 1.000000000000000000, 0.000000000000000000 ) ) ;
#2652 = ORIENTED_EDGE ( 'NONE', *, *, #505, .F. ) ;
#2653 = DIRECTION ( 'NONE',  ( 0.000000000000000000, 1.000000000000000000, 0.000000000000000000 ) ) ;
#2654 = ORIENTED_EDGE ( 'NONE', *, *, #4124, .F. ) ;
#2655 = VECTOR ( 'NONE', #4018, 1000.000000000000000 ) ;
#2656 = DIRECTION ( 'NONE',  ( 1.000000000000000000, 1.047444401652940007E-14, 0.000000000000000000 ) ) ;
#2657 = FACE_OUTER_BOUND ( 'NONE', #372, .T. ) ;
#2658 = VECTOR ( 'NONE', #3806, 1000.000000000000000 ) ;
#2659 = ORIENTED_EDGE ( 'NONE', *, *, #3955, .T. ) ;
#2660 = EDGE_LOOP ( 'NONE', ( #113, #1162, #654, #1502 ) ) ;
#2661 = PLANE ( 'NONE',  #904 ) ;
#2662 = EDGE_CURVE ( 'NONE', #4459, #4096, #3539, .T. ) ;
#2663 = CARTESIAN_POINT ( 'NONE',  ( -30.24321410188992942, -2.314800596404848587, -14.31300677667249133 ) ) ;
#2664 = CARTESIAN_POINT ( 'NONE',  ( 8.250000000000000000, -17.10000000000000142, 17.09999999999999787 ) ) ;
#2665 = EDGE_LOOP ( 'NONE', ( #4400, #4628, #2165, #3518 ) ) ;
#2666 = VECTOR ( 'NONE', #1593, 1000.000000000000000 ) ;
#2667 = CARTESIAN_POINT ( 'NONE',  ( -12.25000000000000178, -23.10000000000000142, 9.299999999999995381 ) ) ;
#2668 = DIRECTION ( 'NONE',  ( -0.000000000000000000, 6.162975822039154730E-31, -1.000000000000000000 ) ) ;
#2669 = VECTOR ( 'NONE', #2765, 1000.000000000000114 ) ;
#2670 = CARTESIAN_POINT ( 'NONE',  ( -8.835786437626905965, -30.10000000000000142, 0.08578643762691985641 ) ) ;
#2671 = EDGE_LOOP ( 'NONE', ( #1356, #450, #1432, #2486 ) ) ;
#2672 = CIRCLE ( 'NONE', #3891, 1.000000000000000000 ) ;
#2673 = ORIENTED_EDGE ( 'NONE', *, *, #53, .T. ) ;
#2674 = LINE ( 'NONE', #4196, #2649 ) ;
#2675 = ORIENTED_EDGE ( 'NONE', *, *, #3334, .F. ) ;
#2676 = CARTESIAN_POINT ( 'NONE',  ( 16.50000000000000000, 16.49999999999999645, -17.50000000000000355 ) ) ;
#2677 = ORIENTED_EDGE ( 'NONE', *, *, #338, .T. ) ;
#2678 = DIRECTION ( 'NONE',  ( -1.247268898962840931E-45, -0.000000000000000000, 1.000000000000000000 ) ) ;
#2679 = ADVANCED_FACE ( 'NONE', ( #670 ), #994, .T. ) ;
#2680 = DIRECTION ( 'NONE',  ( -1.000000000000000000, -3.491481338843133355E-15, 0.000000000000000000 ) ) ;
#2681 = ORIENTED_EDGE ( 'NONE', *, *, #3967, .T. ) ;
#2682 = ORIENTED_EDGE ( 'NONE', *, *, #953, .T. ) ;
#2683 = DIRECTION ( 'NONE',  ( -0.000000000000000000, -1.049697225128599695E-16, 1.000000000000000000 ) ) ;
#2684 = LINE ( 'NONE', #899, #3325 ) ;
#2685 = CARTESIAN_POINT ( 'NONE',  ( -7.849999999999997868, -24.29999999999999716, -0.8999999999999770406 ) ) ;
#2686 = ORIENTED_EDGE ( 'NONE', *, *, #452, .T. ) ;
#2687 = ADVANCED_FACE ( 'NONE', ( #3908 ), #2072, .F. ) ;
#2688 = FACE_OUTER_BOUND ( 'NONE', #2093, .T. ) ;
#2689 = VECTOR ( 'NONE', #2026, 1000.000000000000114 ) ;
#2690 = VECTOR ( 'NONE', #573, 1000.000000000000114 ) ;
#2691 = CARTESIAN_POINT ( 'NONE',  ( -9.649999999999996803, -27.10000000000000497, 17.49999999999999645 ) ) ;
#2692 = CARTESIAN_POINT ( 'NONE',  ( 7.350000000000000533, -30.09999999999999787, -1.500000000000003109 ) ) ;
#2693 = ORIENTED_EDGE ( 'NONE', *, *, #3546, .F. ) ;
#2694 = EDGE_LOOP ( 'NONE', ( #181, #1310, #4109, #3940 ) ) ;
#2695 = LINE ( 'NONE', #3098, #1828 ) ;
#2696 = ORIENTED_EDGE ( 'NONE', *, *, #3156, .F. ) ;
#2697 = DIRECTION ( 'NONE',  ( -0.000000000000000000, -0.000000000000000000, -1.000000000000000000 ) ) ;
#2698 = EDGE_CURVE ( 'NONE', #1598, #3939, #4572, .T. ) ;
#2699 = FACE_OUTER_BOUND ( 'NONE', #2617, .T. ) ;
#2700 = DIRECTION ( 'NONE',  ( 0.000000000000000000, -1.049697225128599695E-16, 1.000000000000000000 ) ) ;
#2701 = DIRECTION ( 'NONE',  ( 0.000000000000000000, -0.7071067811865505703, 0.7071067811865444641 ) ) ;
#2702 = EDGE_CURVE ( 'NONE', #2324, #210, #2444, .T. ) ;
#2703 = FACE_OUTER_BOUND ( 'NONE', #2694, .T. ) ;
#2704 = VERTEX_POINT ( 'NONE', #1665 ) ;
#2705 = VERTEX_POINT ( 'NONE', #1759 ) ;
#2706 = EDGE_CURVE ( 'NONE', #4365, #3855, #3954, .T. ) ;
#2707 = DIRECTION ( 'NONE',  ( -0.000000000000000000, -0.000000000000000000, 1.000000000000000000 ) ) ;
#2708 = VECTOR ( 'NONE', #2054, 1000.000000000000114 ) ;
#2709 = LINE ( 'NONE', #3738, #2802 ) ;
#2710 = DIRECTION ( 'NONE',  ( -1.445602896647339163E-16, -1.000000000000000000, 0.000000000000000000 ) ) ;
#2711 = EDGE_LOOP ( 'NONE', ( #3924, #894 ) ) ;
#2712 = DIRECTION ( 'NONE',  ( 0.000000000000000000, 1.000000000000000000, 0.000000000000000000 ) ) ;
#2713 = CARTESIAN_POINT ( 'NONE',  ( -9.099999999999997868, -24.29999999999999716, -1.500000000000003109 ) ) ;
#2714 = ORIENTED_EDGE ( 'NONE', *, *, #436, .T. ) ;
#2715 = CARTESIAN_POINT ( 'NONE',  ( -7.849999999999997868, -24.29999999999999716, -7.000000000000002665 ) ) ;
#2716 = ORIENTED_EDGE ( 'NONE', *, *, #601, .T. ) ;
#2717 = DIRECTION ( 'NONE',  ( -0.000000000000000000, -1.049697225128599695E-16, 1.000000000000000000 ) ) ;
#2718 = EDGE_CURVE ( 'NONE', #1370, #219, #2206, .T. ) ;
#2719 = DIRECTION ( 'NONE',  ( -0.000000000000000000, 6.162975822039154730E-31, -1.000000000000000000 ) ) ;
#2720 = ADVANCED_FACE ( 'NONE', ( #3862 ), #2128, .F. ) ;
#2721 = VECTOR ( 'NONE', #1492, 1000.000000000000000 ) ;
#2722 = CONICAL_SURFACE ( 'NONE', #1279, 1.249999999999999334, 0.7853981633974447263 ) ;
#2723 = CARTESIAN_POINT ( 'NONE',  ( 9.649999999999996803, -29.10000000000000142, 17.49999999999999645 ) ) ;
#2724 = EDGE_CURVE ( 'NONE', #210, #2970, #3483, .T. ) ;
#2725 = CARTESIAN_POINT ( 'NONE',  ( 11.09999999999999964, -1.836970143975040049E-15, 17.09999999999996945 ) ) ;
#2726 = EDGE_CURVE ( 'NONE', #1576, #4133, #600, .T. ) ;
#2727 = CARTESIAN_POINT ( 'NONE',  ( 3.214697902507782051E-15, 1.348114020499964654E-15, -12.84288448352115886 ) ) ;
#2728 = DIRECTION ( 'NONE',  ( -0.000000000000000000, -1.049697225128599695E-16, 1.000000000000000000 ) ) ;
#2729 = ORIENTED_EDGE ( 'NONE', *, *, #3777, .T. ) ;
#2730 = ORIENTED_EDGE ( 'NONE', *, *, #4274, .F. ) ;
#2731 = CARTESIAN_POINT ( 'NONE',  ( 0.000000000000000000, -1.836970143975040049E-15, -7.500000000000007105 ) ) ;
#2732 = AXIS2_PLACEMENT_3D ( 'NONE', #4548, #4480, #1211 ) ;
#2733 = CARTESIAN_POINT ( 'NONE',  ( 0.000000000000000000, -1.836970143975040049E-15, 17.49999999999999645 ) ) ;
#2734 = ORIENTED_EDGE ( 'NONE', *, *, #3970, .T. ) ;
#2735 = CARTESIAN_POINT ( 'NONE',  ( -3.214697902507782051E-15, 1.243144297987061790E-15, -11.84288448352118017 ) ) ;
#2736 = DIRECTION ( 'NONE',  ( -0.000000000000000000, -0.000000000000000000, -1.000000000000000000 ) ) ;
#2737 = DIRECTION ( 'NONE',  ( -0.000000000000000000, 6.162975822039154730E-31, -1.000000000000000000 ) ) ;
#2738 = ORIENTED_EDGE ( 'NONE', *, *, #4163, .T. ) ;
#2739 = CARTESIAN_POINT ( 'NONE',  ( -7.806188013644372425, -22.50000000000000000, -0.9438119863556014844 ) ) ;
#2740 = ORIENTED_EDGE ( 'NONE', *, *, #1750, .F. ) ;
#2741 = DIRECTION ( 'NONE',  ( -0.000000000000000000, -0.000000000000000000, 1.000000000000000000 ) ) ;
#2742 = AXIS2_PLACEMENT_3D ( 'NONE', #854, #2333, #3789 ) ;
#2743 = DIRECTION ( 'NONE',  ( 1.001334476201384943E-16, -0.7071067811865460184, -0.7071067811865491270 ) ) ;
#2744 = EDGE_CURVE ( 'NONE', #2311, #4002, #1898, .T. ) ;
#2745 = FACE_OUTER_BOUND ( 'NONE', #2347, .T. ) ;
#2746 = CONICAL_SURFACE ( 'NONE', #1984, 0.7499999999999972244, 1.029744258676652979 ) ;
#2747 = CARTESIAN_POINT ( 'NONE',  ( -9.099999999999997868, -22.50000000000000000, -7.000000000000002665 ) ) ;
#2748 = CARTESIAN_POINT ( 'NONE',  ( -2.016592058422627343, -30.59860519837239323, -12.50624183010349810 ) ) ;
#2749 = EDGE_CURVE ( 'NONE', #1168, #561, #4382, .T. ) ;
#2750 = AXIS2_PLACEMENT_3D ( 'NONE', #1849, #2283, #3376 ) ;
#2751 = CARTESIAN_POINT ( 'NONE',  ( -12.25000000000000000, -23.10000000000000142, 9.750645464270666807 ) ) ;
#2752 = ORIENTED_EDGE ( 'NONE', *, *, #4599, .T. ) ;
#2753 = ORIENTED_EDGE ( 'NONE', *, *, #1594, .F. ) ;
#2754 = FACE_OUTER_BOUND ( 'NONE', #2284, .T. ) ;
#2755 = CARTESIAN_POINT ( 'NONE',  ( 30.99999999999997868, 3.260558785329111334E-13, -12.84288448352115886 ) ) ;
#2756 = CARTESIAN_POINT ( 'NONE',  ( 12.25000000000000355, -26.10000000000000142, 17.09999999999999787 ) ) ;
#2757 = ORIENTED_EDGE ( 'NONE', *, *, #1480, .T. ) ;
#2758 = CYLINDRICAL_SURFACE ( 'NONE', #4640, 0.9999999999999991118 ) ;
#2759 = CARTESIAN_POINT ( 'NONE',  ( -7.349999999999996980, -30.09999999999999787, -1.399999999999974376 ) ) ;
#2760 = CONICAL_SURFACE ( 'NONE', #702, 30.99999999999997513, 0.7853981633974466137 ) ;
#2761 = DIRECTION ( 'NONE',  ( 1.171423662820242860E-16, -1.233973650959901673E-15, -1.000000000000000000 ) ) ;
#2762 = VERTEX_POINT ( 'NONE', #1519 ) ;
#2763 = EDGE_CURVE ( 'NONE', #1066, #830, #3951, .T. ) ;
#2764 = VECTOR ( 'NONE', #2558, 1000.000000000000000 ) ;
#2765 = DIRECTION ( 'NONE',  ( 0.000000000000000000, -0.7071067811865474617, -0.7071067811865474617 ) ) ;
#2766 = ORIENTED_EDGE ( 'NONE', *, *, #4419, .T. ) ;
#2767 = CARTESIAN_POINT ( 'NONE',  ( -12.25000000000000000, -23.10000000000000142, 17.09999999999999787 ) ) ;
#2768 = FACE_OUTER_BOUND ( 'NONE', #1319, .T. ) ;
#2769 = CONICAL_SURFACE ( 'NONE', #3218, 38.36880897422129522, 0.7853981633974482790 ) ;
#2770 = AXIS2_PLACEMENT_3D ( 'NONE', #4679, #634, #653 ) ;
#2771 = CARTESIAN_POINT ( 'NONE',  ( 12.25000000000000000, -23.09999999999999787, 17.49999999999999645 ) ) ;
#2772 = CYLINDRICAL_SURFACE ( 'NONE', #4619, 0.9999999999999991118 ) ;
#2773 = DIRECTION ( 'NONE',  ( -0.000000000000000000, -0.000000000000000000, 1.000000000000000000 ) ) ;
#2774 = CARTESIAN_POINT ( 'NONE',  ( -10.25000000000000178, -27.10000000000000497, -7.000000000000002665 ) ) ;
#2775 = EDGE_LOOP ( 'NONE', ( #1301, #3830, #4322, #164 ) ) ;
#2776 = ORIENTED_EDGE ( 'NONE', *, *, #2599, .T. ) ;
#2777 = CARTESIAN_POINT ( 'NONE',  ( 12.25000000000000000, -20.09999999999999787, 17.09999999999999787 ) ) ;
#2778 = ADVANCED_FACE ( 'NONE', ( #2240 ), #1876, .F. ) ;
#2779 = LINE ( 'NONE', #4234, #1628 ) ;
#2780 = ADVANCED_FACE ( 'NONE', ( #1424 ), #1748, .T. ) ;
#2781 = CARTESIAN_POINT ( 'NONE',  ( 9.650000000000000355, -19.09999999999999432, 17.49999999999999645 ) ) ;
#2782 = ORIENTED_EDGE ( 'NONE', *, *, #1320, .T. ) ;
#2783 = EDGE_CURVE ( 'NONE', #804, #2336, #2889, .T. ) ;
#2784 = ORIENTED_EDGE ( 'NONE', *, *, #1788, .T. ) ;
#2785 = ADVANCED_FACE ( 'NONE', ( #1449 ), #3974, .T. ) ;
#2786 = CARTESIAN_POINT ( 'NONE',  ( 7.849999999999997868, -24.80000000000000071, -7.000000000000002665 ) ) ;
#2787 = CARTESIAN_POINT ( 'NONE',  ( -9.649999999999979039, -19.89999999999998437, 16.49999999999999645 ) ) ;
#2788 = CARTESIAN_POINT ( 'NONE',  ( 0.000000000000000000, -1.836970143975040049E-15, 17.49999999999999645 ) ) ;
#2789 = VECTOR ( 'NONE', #1608, 1000.000000000000000 ) ;
#2790 = ORIENTED_EDGE ( 'NONE', *, *, #3710, .T. ) ;
#2791 = ADVANCED_FACE ( 'NONE', ( #4045 ), #2507, .F. ) ;
#2792 = CARTESIAN_POINT ( 'NONE',  ( -8.250000000000001776, -30.49999999999999645, 17.49999999999999645 ) ) ;
#2793 = VERTEX_POINT ( 'NONE', #3648 ) ;
#2794 = DIRECTION ( 'NONE',  ( 2.891205793294678326E-16, 1.000000000000000000, 0.000000000000000000 ) ) ;
#2795 = CARTESIAN_POINT ( 'NONE',  ( 7.849999999999997868, -24.29999999999999716, -1.500000000000003109 ) ) ;
#2796 = PLANE ( 'NONE',  #1423 ) ;
#2797 = CIRCLE ( 'NONE', #3937, 1.250000000000001110 ) ;
#2798 = CARTESIAN_POINT ( 'NONE',  ( 1.719844002960906337, 30.95225575956424535, -13.64288448352115424 ) ) ;
#2799 = CARTESIAN_POINT ( 'NONE',  ( -7.380487804878043789, -21.95963350026795524, -1.369512195121928455 ) ) ;
#2800 = ORIENTED_EDGE ( 'NONE', *, *, #682, .F. ) ;
#2801 = ORIENTED_EDGE ( 'NONE', *, *, #1505, .F. ) ;
#2802 = VECTOR ( 'NONE', #3113, 1000.000000000000000 ) ;
#2803 = CONICAL_SURFACE ( 'NONE', #3406, 0.7499999999999988898, 1.029744258676651425 ) ;
#2804 = DIRECTION ( 'NONE',  ( 0.000000000000000000, 0.000000000000000000, -1.000000000000000000 ) ) ;
#2805 = CARTESIAN_POINT ( 'NONE',  ( 7.349999999999996980, -24.29999999999999361, -7.000000000000002665 ) ) ;
#2806 = EDGE_CURVE ( 'NONE', #1193, #2395, #2363, .T. ) ;
#2807 = ORIENTED_EDGE ( 'NONE', *, *, #1523, .T. ) ;
#2808 = EDGE_CURVE ( 'NONE', #3287, #3680, #380, .T. ) ;
#2809 = AXIS2_PLACEMENT_3D ( 'NONE', #423, #1442, #2132 ) ;
#2810 = DIRECTION ( 'NONE',  ( 0.000000000000000000, 1.049697225128600065E-16, -1.000000000000000000 ) ) ;
#2811 = CARTESIAN_POINT ( 'NONE',  ( 12.25000000000000000, -23.09999999999999787, 16.49999999999999645 ) ) ;
#2812 = CARTESIAN_POINT ( 'NONE',  ( -16.50000000000000000, 17.25000000000000000, -10.75064546427067391 ) ) ;
#2813 = CIRCLE ( 'NONE', #4562, 29.99999999999999289 ) ;
#2814 = EDGE_LOOP ( 'NONE', ( #1374, #1549 ) ) ;
#2815 = CARTESIAN_POINT ( 'NONE',  ( 9.099999999999997868, -24.29999999999999716, -1.500000000000003109 ) ) ;
#2816 = ORIENTED_EDGE ( 'NONE', *, *, #1784, .F. ) ;
#2817 = CARTESIAN_POINT ( 'NONE',  ( -3.214697902507782446E-15, 1.537059521023065090E-15, -14.64288448352113470 ) ) ;
#2818 = VECTOR ( 'NONE', #2971, 1000.000000000000000 ) ;
#2819 = CARTESIAN_POINT ( 'NONE',  ( 7.349999999999996980, -24.50710678118654329, -1.399999999999973266 ) ) ;
#2820 = LINE ( 'NONE', #3872, #2708 ) ;
#2821 = VECTOR ( 'NONE', #1000, 1000.000000000000000 ) ;
#2822 = DIRECTION ( 'NONE',  ( 1.000000000000000000, 9.637352644315598694E-16, -0.000000000000000000 ) ) ;
#2823 = EDGE_LOOP ( 'NONE', ( #346, #1520, #2729, #4566 ) ) ;
#2824 = ORIENTED_EDGE ( 'NONE', *, *, #3510, .F. ) ;
#2825 = VECTOR ( 'NONE', #3056, 1000.000000000000114 ) ;
#2826 = EDGE_CURVE ( 'NONE', #4164, #475, #4031, .T. ) ;
#2827 = DIRECTION ( 'NONE',  ( -0.000000000000000000, -0.000000000000000000, -1.000000000000000000 ) ) ;
#2828 = FACE_OUTER_BOUND ( 'NONE', #1283, .T. ) ;
#2829 = ORIENTED_EDGE ( 'NONE', *, *, #3777, .F. ) ;
#2830 = DIRECTION ( 'NONE',  ( -1.000000000000000000, 0.000000000000000000, 0.000000000000000000 ) ) ;
#2831 = FACE_OUTER_BOUND ( 'NONE', #4490, .T. ) ;
#2832 = CARTESIAN_POINT ( 'NONE',  ( -8.250000000000000000, -16.10000000000000142, -7.000000000000002665 ) ) ;
#2833 = ORIENTED_EDGE ( 'NONE', *, *, #3565, .F. ) ;
#2834 = DIRECTION ( 'NONE',  ( 0.000000000000000000, 1.000000000000000000, 0.000000000000000000 ) ) ;
#2835 = ORIENTED_EDGE ( 'NONE', *, *, #2442, .F. ) ;
#2836 = CARTESIAN_POINT ( 'NONE',  ( 10.25000000000000355, -19.69999999999999929, 17.49999999999999645 ) ) ;
#2837 = AXIS2_PLACEMENT_3D ( 'NONE', #3245, #1412, #369 ) ;
#2838 = DIRECTION ( 'NONE',  ( -1.000000000000000000, 0.000000000000000000, 0.000000000000000000 ) ) ;
#2839 = EDGE_CURVE ( 'NONE', #907, #3263, #1161, .T. ) ;
#2840 = AXIS2_PLACEMENT_3D ( 'NONE', #221, #3125, #3410 ) ;
#2841 = VECTOR ( 'NONE', #1529, 1000.000000000000000 ) ;
#2842 = AXIS2_PLACEMENT_3D ( 'NONE', #37, #1105, #1438 ) ;
#2843 = CARTESIAN_POINT ( 'NONE',  ( 4.375000000000000888, -18.09999999999999787, -7.200000000000002842 ) ) ;
#2844 = VERTEX_POINT ( 'NONE', #1781 ) ;
#2845 = VERTEX_POINT ( 'NONE', #3670 ) ;
#2846 = ADVANCED_FACE ( 'NONE', ( #4361 ), #1061, .F. ) ;
#2847 = CARTESIAN_POINT ( 'NONE',  ( -9.249999999999996447, -19.42071491318184329, 16.10000000000001563 ) ) ;
#2848 = DIRECTION ( 'NONE',  ( -0.000000000000000000, 1.049697225128599695E-16, -1.000000000000000000 ) ) ;
#2849 = EDGE_CURVE ( 'NONE', #4110, #124, #405, .T. ) ;
#2850 = ORIENTED_EDGE ( 'NONE', *, *, #3297, .F. ) ;
#2851 = CARTESIAN_POINT ( 'NONE',  ( 9.650000000000012790, -26.29999999999999361, 16.49999999999999645 ) ) ;
#2852 = CARTESIAN_POINT ( 'NONE',  ( -10.24999999999999822, -19.09999999999999787, 17.49999999999999645 ) ) ;
#2853 = DIRECTION ( 'NONE',  ( -1.000000000000000000, 2.102695122396129669E-16, -0.000000000000000000 ) ) ;
#2854 = LINE ( 'NONE', #3207, #2134 ) ;
#2855 = VERTEX_POINT ( 'NONE', #1829 ) ;
#2856 = CARTESIAN_POINT ( 'NONE',  ( 16.50000000000000000, -16.49999999999999645, -10.75064546427067391 ) ) ;
#2857 = VERTEX_POINT ( 'NONE', #2213 ) ;
#2858 = CIRCLE ( 'NONE', #1031, 1.249999999999999334 ) ;
#2859 = DIRECTION ( 'NONE',  ( 2.891205793294678326E-16, 1.000000000000000000, 0.000000000000000000 ) ) ;
#2860 = CARTESIAN_POINT ( 'NONE',  ( 12.25000000000000000, -23.09999999999999787, 16.49999999999999645 ) ) ;
#2861 = EDGE_CURVE ( 'NONE', #4595, #4455, #312, .T. ) ;
#2862 = EDGE_CURVE ( 'NONE', #1153, #4096, #1136, .T. ) ;
#2863 = CARTESIAN_POINT ( 'NONE',  ( -10.24999999999999822, -19.09999999999999787, 17.49999999999999645 ) ) ;
#2864 = ORIENTED_EDGE ( 'NONE', *, *, #2510, .F. ) ;
#2865 = ORIENTED_EDGE ( 'NONE', *, *, #3555, .F. ) ;
#2866 = AXIS2_PLACEMENT_3D ( 'NONE', #4178, #3492, #1674 ) ;
#2867 = LINE ( 'NONE', #4305, #179 ) ;
#2868 = EDGE_CURVE ( 'NONE', #4649, #1330, #1295, .T. ) ;
#2869 = DIRECTION ( 'NONE',  ( 1.049727191138617710E-16, -0.8571673007021115565, -0.5150380749100554878 ) ) ;
#2870 = VERTEX_POINT ( 'NONE', #3398 ) ;
#2871 = AXIS2_PLACEMENT_3D ( 'NONE', #4069, #1157, #757 ) ;
#2872 = CONICAL_SURFACE ( 'NONE', #819, 29.99999999999999645, 0.7853981633974500554 ) ;
#2873 = CARTESIAN_POINT ( 'NONE',  ( -9.250000000000001776, -27.10000000000000497, 17.09999999999999787 ) ) ;
#2874 = CARTESIAN_POINT ( 'NONE',  ( 9.250000000000003553, -19.09999999999999432, 17.09999999999999787 ) ) ;
#2875 = DIRECTION ( 'NONE',  ( -0.000000000000000000, -0.000000000000000000, 1.000000000000000000 ) ) ;
#2876 = FACE_OUTER_BOUND ( 'NONE', #1760, .T. ) ;
#2877 = VERTEX_POINT ( 'NONE', #3067 ) ;
#2878 = VECTOR ( 'NONE', #1916, 1000.000000000000000 ) ;
#2879 = CARTESIAN_POINT ( 'NONE',  ( 4.286263797015732552E-15, 34.99999999999998579, -9.499998688697813165 ) ) ;
#2880 = ORIENTED_EDGE ( 'NONE', *, *, #1083, .F. ) ;
#2881 = DIRECTION ( 'NONE',  ( -0.000000000000000000, 6.162975822039154730E-31, -1.000000000000000000 ) ) ;
#2882 = CIRCLE ( 'NONE', #2430, 0.7499999999999972244 ) ;
#2883 = ORIENTED_EDGE ( 'NONE', *, *, #4190, .T. ) ;
#2884 = LINE ( 'NONE', #7, #1656 ) ;
#2885 = EDGE_CURVE ( 'NONE', #3939, #237, #3091, .T. ) ;
#2886 = DIRECTION ( 'NONE',  ( 0.7071067811865512365, 0.000000000000000000, 0.7071067811865439090 ) ) ;
#2887 = EDGE_LOOP ( 'NONE', ( #779, #4407, #748, #88 ) ) ;
#2888 = ORIENTED_EDGE ( 'NONE', *, *, #4468, .T. ) ;
#2889 = CIRCLE ( 'NONE', #4495, 0.7499999999999988898 ) ;
#2890 = CARTESIAN_POINT ( 'NONE',  ( -3.214697902507782051E-15, -1.836970143975060954E-15, 17.50000000000000000 ) ) ;
#2891 = VECTOR ( 'NONE', #3384, 1000.000000000000000 ) ;
#2892 = DIRECTION ( 'NONE',  ( -1.000000000000000000, 0.000000000000000000, 0.000000000000000000 ) ) ;
#2893 = ORIENTED_EDGE ( 'NONE', *, *, #1110, .T. ) ;
#2894 = VECTOR ( 'NONE', #1089, 999.9999999999998863 ) ;
#2895 = CARTESIAN_POINT ( 'NONE',  ( 9.250000000000001776, -27.10000000000000142, 16.09999999999998721 ) ) ;
#2896 = DIRECTION ( 'NONE',  ( 1.000000000000000000, 0.000000000000000000, -0.000000000000000000 ) ) ;
#2897 = FACE_OUTER_BOUND ( 'NONE', #1451, .T. ) ;
#2898 = CARTESIAN_POINT ( 'NONE',  ( 8.174999999999991829, -22.50000000000000000, -0.5749999999999881872 ) ) ;
#2899 = ORIENTED_EDGE ( 'NONE', *, *, #282, .F. ) ;
#2900 = DIRECTION ( 'NONE',  ( 2.650620804179867707E-17, 0.2164396139381029316, 0.9762960071199332512 ) ) ;
#2901 = ORIENTED_EDGE ( 'NONE', *, *, #3359, .F. ) ;
#2902 = ADVANCED_FACE ( 'NONE', ( #1920 ), #4165, .F. ) ;
#2903 = PLANE ( 'NONE',  #4669 ) ;
#2904 = DIRECTION ( 'NONE',  ( 0.000000000000000000, -1.049697225128599695E-16, 1.000000000000000000 ) ) ;
#2905 = EDGE_CURVE ( 'NONE', #2372, #870, #2618, .T. ) ;
#2906 = EDGE_LOOP ( 'NONE', ( #2956, #4645, #2659, #1780, #1078 ) ) ;
#2907 = DIRECTION ( 'NONE',  ( 0.000000000000000000, 1.000000000000000000, 0.000000000000000000 ) ) ;
#2908 = CARTESIAN_POINT ( 'NONE',  ( 8.250000000000000000, -16.10000000000000142, -0.4999999999999813483 ) ) ;
#2909 = ORIENTED_EDGE ( 'NONE', *, *, #704, .F. ) ;
#2910 = ORIENTED_EDGE ( 'NONE', *, *, #4539, .F. ) ;
#2911 = DIRECTION ( 'NONE',  ( 0.000000000000000000, 1.049697225128599695E-16, -1.000000000000000000 ) ) ;
#2912 = VECTOR ( 'NONE', #3864, 1000.000000000000000 ) ;
#2913 = CARTESIAN_POINT ( 'NONE',  ( 3.752667111296766657E-15, -26.50000000000000711, 17.49999999999999645 ) ) ;
#2914 = CARTESIAN_POINT ( 'NONE',  ( 29.88584094275239877, -2.614672282429435501, -11.84288448352118017 ) ) ;
#2915 = CIRCLE ( 'NONE', #562, 1.000000000000000888 ) ;
#2916 = ORIENTED_EDGE ( 'NONE', *, *, #2905, .T. ) ;
#2917 = CARTESIAN_POINT ( 'NONE',  ( 13.50000000000000000, -23.09999999999999787, 16.50000000000000000 ) ) ;
#2918 = ADVANCED_FACE ( 'NONE', ( #498 ), #1541, .T. ) ;
#2919 = DIRECTION ( 'NONE',  ( 0.8571673007021107793, 0.000000000000000000, 0.5150380749100568201 ) ) ;
#2920 = FACE_OUTER_BOUND ( 'NONE', #4435, .T. ) ;
#2921 = EDGE_CURVE ( 'NONE', #2336, #804, #4188, .T. ) ;
#2922 = CARTESIAN_POINT ( 'NONE',  ( 9.250000000000003553, -19.09999999999999432, -7.000000000000002665 ) ) ;
#2923 = ORIENTED_EDGE ( 'NONE', *, *, #1096, .T. ) ;
#2924 = ADVANCED_FACE ( 'NONE', ( #1638 ), #3660, .F. ) ;
#2925 = CARTESIAN_POINT ( 'NONE',  ( -16.50000000000000000, 16.50000000000000355, -17.00000000000000355 ) ) ;
#2926 = ORIENTED_EDGE ( 'NONE', *, *, #2929, .F. ) ;
#2927 = FACE_OUTER_BOUND ( 'NONE', #412, .T. ) ;
#2928 = CARTESIAN_POINT ( 'NONE',  ( -8.250000000000001776, -30.09999999999999787, -0.4999999999999779066 ) ) ;
#2929 = EDGE_CURVE ( 'NONE', #952, #2935, #1899, .T. ) ;
#2930 = ADVANCED_FACE ( 'NONE', ( #522 ), #1673, .F. ) ;
#2931 = ORIENTED_EDGE ( 'NONE', *, *, #2322, .T. ) ;
#2932 = FACE_OUTER_BOUND ( 'NONE', #2519, .T. ) ;
#2933 = CIRCLE ( 'NONE', #1716, 34.99999999999998579 ) ;
#2934 = CARTESIAN_POINT ( 'NONE',  ( 7.249999999999966249, -29.10000000000000142, -1.500000000000003109 ) ) ;
#2935 = VERTEX_POINT ( 'NONE', #3809 ) ;
#2936 = ORIENTED_EDGE ( 'NONE', *, *, #2348, .T. ) ;
#2937 = CIRCLE ( 'NONE', #2612, 3.099999999999998757 ) ;
#2938 = CARTESIAN_POINT ( 'NONE',  ( -10.24999999999999822, -20.10000000000000142, 16.49999999999999645 ) ) ;
#2939 = FACE_OUTER_BOUND ( 'NONE', #649, .T. ) ;
#2940 = LINE ( 'NONE', #4035, #4366 ) ;
#2941 = VERTEX_POINT ( 'NONE', #2306 ) ;
#2942 = ORIENTED_EDGE ( 'NONE', *, *, #1509, .T. ) ;
#2943 = FACE_OUTER_BOUND ( 'NONE', #504, .T. ) ;
#2944 = ADVANCED_FACE ( 'NONE', ( #2997 ), #616, .T. ) ;
#2945 = LINE ( 'NONE', #70, #1880 ) ;
#2946 = CONICAL_SURFACE ( 'NONE', #213, 0.6000000000000033085, 0.7853981633974471688 ) ;
#2947 = AXIS2_PLACEMENT_3D ( 'NONE', #2070, #1445, #3529 ) ;
#2948 = LINE ( 'NONE', #2238, #1679 ) ;
#2949 = ORIENTED_EDGE ( 'NONE', *, *, #4474, .F. ) ;
#2950 = DIRECTION ( 'NONE',  ( -0.000000000000000000, -0.000000000000000000, 1.000000000000000000 ) ) ;
#2951 = ORIENTED_EDGE ( 'NONE', *, *, #4539, .T. ) ;
#2952 = DIRECTION ( 'NONE',  ( -1.416100796715760863E-16, 1.000000000000000000, 0.000000000000000000 ) ) ;
#2953 = CARTESIAN_POINT ( 'NONE',  ( 9.650000000000002132, -1.727903673195002322E-17, 17.49999999999999645 ) ) ;
#2954 = VERTEX_POINT ( 'NONE', #4142 ) ;
#2955 = CARTESIAN_POINT ( 'NONE',  ( -16.50000000000000000, -16.49999999999999645, -17.50000000000000355 ) ) ;
#2956 = ORIENTED_EDGE ( 'NONE', *, *, #1348, .F. ) ;
#2957 = AXIS2_PLACEMENT_3D ( 'NONE', #2967, #3372, #3393 ) ;
#2958 = LINE ( 'NONE', #389, #4444 ) ;
#2959 = LINE ( 'NONE', #2247, #752 ) ;
#2960 = CARTESIAN_POINT ( 'NONE',  ( 30.24321410188990455, 2.314800596405060862, -14.31300677667250376 ) ) ;
#2961 = DIRECTION ( 'NONE',  ( 1.247268898962840931E-45, 6.162975822039154730E-31, -1.000000000000000000 ) ) ;
#2962 = DIRECTION ( 'NONE',  ( 0.000000000000000000, 0.000000000000000000, -1.000000000000000000 ) ) ;
#2963 = ORIENTED_EDGE ( 'NONE', *, *, #2514, .T. ) ;
#2964 = VERTEX_POINT ( 'NONE', #1260 ) ;
#2965 = EDGE_CURVE ( 'NONE', #3617, #404, #1441, .T. ) ;
#2966 = AXIS2_PLACEMENT_3D ( 'NONE', #4022, #2950, #4429 ) ;
#2967 = CARTESIAN_POINT ( 'NONE',  ( 16.50000000000000000, -16.49999999999999645, -17.00000000000000355 ) ) ;
#2968 = DIRECTION ( 'NONE',  ( -0.000000000000000000, 6.162975822039154730E-31, -1.000000000000000000 ) ) ;
#2969 = CARTESIAN_POINT ( 'NONE',  ( 0.000000000000000000, 0.000000000000000000, -7.200000000000002842 ) ) ;
#2970 = VERTEX_POINT ( 'NONE', #1187 ) ;
#2971 = DIRECTION ( 'NONE',  ( -0.000000000000000000, -0.000000000000000000, 1.000000000000000000 ) ) ;
#2972 = AXIS2_PLACEMENT_3D ( 'NONE', #2028, #3773, #4129 ) ;
#2973 = EDGE_LOOP ( 'NONE', ( #1369, #1622, #3764, #1827, #3620 ) ) ;
#2974 = DIRECTION ( 'NONE',  ( 0.000000000000000000, 1.000000000000000000, 0.000000000000000000 ) ) ;
#2975 = CARTESIAN_POINT ( 'NONE',  ( -12.25000000000000000, -23.10000000000000142, 16.49999999999999645 ) ) ;
#2976 = VECTOR ( 'NONE', #3160, 1000.000000000000000 ) ;
#2977 = ORIENTED_EDGE ( 'NONE', *, *, #2091, .T. ) ;
#2978 = DIRECTION ( 'NONE',  ( -2.891205793294678326E-16, -1.000000000000000000, -1.049697225128599695E-16 ) ) ;
#2979 = EDGE_CURVE ( 'NONE', #2577, #530, #3041, .T. ) ;
#2980 = FACE_OUTER_BOUND ( 'NONE', #2119, .T. ) ;
#2981 = ORIENTED_EDGE ( 'NONE', *, *, #2662, .F. ) ;
#2982 = ADVANCED_FACE ( 'NONE', ( #2688 ), #1236, .F. ) ;
#2983 = CARTESIAN_POINT ( 'NONE',  ( -8.174999999999991829, -24.29999999999999716, -0.5749999999999865219 ) ) ;
#2984 = CIRCLE ( 'NONE', #4067, 0.7500000000000006661 ) ;
#2985 = CARTESIAN_POINT ( 'NONE',  ( 12.25000000000000000, -23.09999999999999787, 17.09999999999999787 ) ) ;
#2986 = ORIENTED_EDGE ( 'NONE', *, *, #1156, .T. ) ;
#2987 = ORIENTED_EDGE ( 'NONE', *, *, #1148, .T. ) ;
#2988 = AXIS2_PLACEMENT_3D ( 'NONE', #2202, #1079, #1034 ) ;
#2989 = ADVANCED_FACE ( 'NONE', ( #2642 ), #826, .F. ) ;
#2990 = CIRCLE ( 'NONE', #1543, 0.5000000000000004441 ) ;
#2991 = DIRECTION ( 'NONE',  ( -0.000000000000000000, 6.162975822039154730E-31, -1.000000000000000000 ) ) ;
#2992 = VECTOR ( 'NONE', #2002, 1000.000000000000000 ) ;
#2993 = AXIS2_PLACEMENT_3D ( 'NONE', #1344, #1388, #3917 ) ;
#2994 = DIRECTION ( 'NONE',  ( 1.000000000000000000, 0.000000000000000000, 0.000000000000000000 ) ) ;
#2995 = CARTESIAN_POINT ( 'NONE',  ( -7.349999999999996980, -24.50710678118654329, -1.399999999999972378 ) ) ;
#2996 = ORIENTED_EDGE ( 'NONE', *, *, #828, .T. ) ;
#2997 = FACE_OUTER_BOUND ( 'NONE', #4099, .T. ) ;
#2998 = VERTEX_POINT ( 'NONE', #119 ) ;
#2999 = AXIS2_PLACEMENT_3D ( 'NONE', #1639, #3093, #3021 ) ;
#3000 = CARTESIAN_POINT ( 'NONE',  ( 29.88584094275232417, 2.614672282430063888, -14.64288448352114891 ) ) ;
#3001 = CARTESIAN_POINT ( 'NONE',  ( 16.50000000000000000, 17.24999999999999289, -17.50000000000000355 ) ) ;
#3002 = ORIENTED_EDGE ( 'NONE', *, *, #1114, .F. ) ;
#3003 = CYLINDRICAL_SURFACE ( 'NONE', #3509, 0.7499999999999972244 ) ;
#3004 = EDGE_LOOP ( 'NONE', ( #4686, #2297, #1938, #2025 ) ) ;
#3005 = DIRECTION ( 'NONE',  ( -0.000000000000000000, -0.000000000000000000, -1.000000000000000000 ) ) ;
#3006 = ORIENTED_EDGE ( 'NONE', *, *, #4173, .T. ) ;
#3007 = ADVANCED_FACE ( 'NONE', ( #1565 ), #189, .F. ) ;
#3008 = DIRECTION ( 'NONE',  ( 0.000000000000000000, 1.000000000000000000, 0.000000000000000000 ) ) ;
#3009 = B_SPLINE_CURVE_WITH_KNOTS ( 'NONE', 3,
 ( #1937, #490, #3390, #892 ),
 .UNSPECIFIED., .F., .F.,
 ( 4, 4 ),
 ( 0.000000000000000000, 0.001714047318848887624 ),
 .UNSPECIFIED. ) ;
#3010 = AXIS2_PLACEMENT_3D ( 'NONE', #443, #1059, #2511 ) ;
#3011 = CARTESIAN_POINT ( 'NONE',  ( 11.09999999999999964, -1.836970143975040049E-15, 17.09999999999996945 ) ) ;
#3012 = ORIENTED_EDGE ( 'NONE', *, *, #1588, .T. ) ;
#3013 = ORIENTED_EDGE ( 'NONE', *, *, #2295, .F. ) ;
#3014 = DIRECTION ( 'NONE',  ( 1.000000000000000000, -2.238352872228139255E-15, 0.000000000000000000 ) ) ;
#3015 = DIRECTION ( 'NONE',  ( -1.445602896647339163E-16, -1.000000000000000000, 0.000000000000000000 ) ) ;
#3016 = FACE_OUTER_BOUND ( 'NONE', #3480, .T. ) ;
#3017 = ORIENTED_EDGE ( 'NONE', *, *, #3428, .F. ) ;
#3018 = CARTESIAN_POINT ( 'NONE',  ( 3.673940397442057600E-15, 29.99999999999998579, 17.50000000000000355 ) ) ;
#3019 = VERTEX_POINT ( 'NONE', #2667 ) ;
#3020 = AXIS2_PLACEMENT_3D ( 'NONE', #1650, #3778, #511 ) ;
#3021 = DIRECTION ( 'NONE',  ( 0.000000000000000000, 1.000000000000000000, 0.000000000000000000 ) ) ;
#3022 = CARTESIAN_POINT ( 'NONE',  ( -1.719844002960904561, 30.95225575956424535, -13.64288448352115424 ) ) ;
#3023 = ORIENTED_EDGE ( 'NONE', *, *, #971, .F. ) ;
#3024 = CIRCLE ( 'NONE', #1278, 1.249999999999999334 ) ;
#3025 = EDGE_CURVE ( 'NONE', #1350, #2323, #68, .T. ) ;
#3026 = ORIENTED_EDGE ( 'NONE', *, *, #4000, .T. ) ;
#3027 = DIRECTION ( 'NONE',  ( -1.000000000000000000, 0.000000000000000000, 0.000000000000000000 ) ) ;
#3028 = ORIENTED_EDGE ( 'NONE', *, *, #2826, .F. ) ;
#3029 = FACE_OUTER_BOUND ( 'NONE', #3542, .T. ) ;
#3030 = VERTEX_POINT ( 'NONE', #1708 ) ;
#3031 = CIRCLE ( 'NONE', #3647, 0.7499999999999972244 ) ;
#3032 = DIRECTION ( 'NONE',  ( -1.000000000000000000, 0.000000000000000000, 0.000000000000000000 ) ) ;
#3033 = LINE ( 'NONE', #180, #2789 ) ;
#3034 = CIRCLE ( 'NONE', #2198, 1.249999999999997558 ) ;
#3035 = ORIENTED_EDGE ( 'NONE', *, *, #3467, .T. ) ;
#3036 = ORIENTED_EDGE ( 'NONE', *, *, #1611, .T. ) ;
#3037 = CARTESIAN_POINT ( 'NONE',  ( -9.099999999999997868, -22.50000000000000000, -1.500000000000003109 ) ) ;
#3038 = LINE ( 'NONE', #568, #594 ) ;
#3039 = DIRECTION ( 'NONE',  ( -0.000000000000000000, -0.000000000000000000, 1.000000000000000000 ) ) ;
#3040 = ORIENTED_EDGE ( 'NONE', *, *, #195, .F. ) ;
#3041 = CIRCLE ( 'NONE', #991, 1.400000000000001910 ) ;
#3042 = EDGE_CURVE ( 'NONE', #1277, #2046, #3549, .T. ) ;
#3043 = CARTESIAN_POINT ( 'NONE',  ( 0.000000000000000000, 4.211910128732925518E-15, -9.499998688697816718 ) ) ;
#3044 =( BOUNDED_CURVE ( )  B_SPLINE_CURVE ( 3, ( #4276, #1003, #651, #3537 ),
 .UNSPECIFIED., .F., .T. ) 
 B_SPLINE_CURVE_WITH_KNOTS ( ( 4, 4 ),
 ( 2.894028542469948562, 3.389156764709635894 ),
 .UNSPECIFIED. ) 
 CURVE ( )  GEOMETRIC_REPRESENTATION_ITEM ( )  RATIONAL_B_SPLINE_CURVE ( ( 1.000000000000000000, 0.9796747967479668695, 0.9796747967479668695, 1.000000000000000000 ) ) 
 REPRESENTATION_ITEM ( '' )  );
#3045 = PRESENTATION_STYLE_ASSIGNMENT (( #4483 ) ) ;
#3046 = AXIS2_PLACEMENT_3D ( 'NONE', #4554, #2360, #503 ) ;
#3047 = DIRECTION ( 'NONE',  ( 1.000000000000000000, 0.000000000000000000, 0.000000000000000000 ) ) ;
#3048 = VERTEX_POINT ( 'NONE', #3573 ) ;
#3049 = ORIENTED_EDGE ( 'NONE', *, *, #3755, .T. ) ;
#3050 = ADVANCED_FACE ( 'NONE', ( #3526 ), #754, .F. ) ;
#3051 = PLANE ( 'NONE',  #1448 ) ;
#3052 = ORIENTED_EDGE ( 'NONE', *, *, #2763, .F. ) ;
#3053 = DIRECTION ( 'NONE',  ( 0.000000000000000000, 1.000000000000000000, 9.042362910677311526E-17 ) ) ;
#3054 = CIRCLE ( 'NONE', #4278, 30.99999999999997513 ) ;
#3055 = EDGE_CURVE ( 'NONE', #830, #2372, #4255, .T. ) ;
#3056 = DIRECTION ( 'NONE',  ( 0.000000000000000000, -0.2164396139381031536, 0.9762960071199332512 ) ) ;
#3057 = CARTESIAN_POINT ( 'NONE',  ( 12.25000000000000000, -23.09999999999999787, 16.50000000000000000 ) ) ;
#3058 = LINE ( 'NONE', #1251, #2263 ) ;
#3059 = CARTESIAN_POINT ( 'NONE',  ( -3.214697902507782051E-15, 1.348114020499919886E-15, -12.84288448352115886 ) ) ;
#3060 = ORIENTED_EDGE ( 'NONE', *, *, #1561, .T. ) ;
#3061 = ORIENTED_EDGE ( 'NONE', *, *, #2078, .F. ) ;
#3062 = DIRECTION ( 'NONE',  ( -0.000000000000000000, 6.162975822039154730E-31, -1.000000000000000000 ) ) ;
#3063 = CARTESIAN_POINT ( 'NONE',  ( 9.250000000000003553, -17.10000000000000142, 17.09999999999999787 ) ) ;
#3064 = VECTOR ( 'NONE', #2508, 1000.000000000000000 ) ;
#3065 = ORIENTED_EDGE ( 'NONE', *, *, #505, .T. ) ;
#3066 = EDGE_CURVE ( 'NONE', #2015, #2793, #1284, .T. ) ;
#3067 = CARTESIAN_POINT ( 'NONE',  ( -8.250000000000001776, -30.09999999999999787, -0.4999999999999779066 ) ) ;
#3068 = EDGE_CURVE ( 'NONE', #1907, #327, #238, .T. ) ;
#3069 = VECTOR ( 'NONE', #1531, 1000.000000000000114 ) ;
#3070 = EDGE_CURVE ( 'NONE', #95, #2560, #3109, .T. ) ;
#3071 = CONICAL_SURFACE ( 'NONE', #789, 34.99999999999997868, 0.2181661564992913860 ) ;
#3072 = DIRECTION ( 'NONE',  ( -0.000000000000000000, -0.000000000000000000, -1.000000000000000000 ) ) ;
#3073 = LINE ( 'NONE', #2713, #1104 ) ;
#3074 = ORIENTED_EDGE ( 'NONE', *, *, #4120, .F. ) ;
#3075 = EDGE_CURVE ( 'NONE', #16, #366, #3926, .T. ) ;
#3076 = CARTESIAN_POINT ( 'NONE',  ( 7.349999999999995204, -18.09999999999999787, -7.200000000000002842 ) ) ;
#3077 = ORIENTED_EDGE ( 'NONE', *, *, #1339, .F. ) ;
#3078 = CARTESIAN_POINT ( 'NONE',  ( 2.614672282429749028, -29.88584094275234904, -14.64288448352115246 ) ) ;
#3079 = CARTESIAN_POINT ( 'NONE',  ( 30.99999999999997868, 3.260558785329111334E-13, -12.84288448352115886 ) ) ;
#3080 = EDGE_CURVE ( 'NONE', #2039, #1805, #1206, .T. ) ;
#3081 = CARTESIAN_POINT ( 'NONE',  ( -16.50000000000000000, -16.49999999999999645, -10.30000000000000426 ) ) ;
#3082 = CARTESIAN_POINT ( 'NONE',  ( -16.50000000000000000, 17.25000000000000000, -17.50000000000000355 ) ) ;
#3083 = CARTESIAN_POINT ( 'NONE',  ( -2.614672282429749917, -29.88584094275236680, -11.84288448352118372 ) ) ;
#3084 = DIRECTION ( 'NONE',  ( -1.000000000000000000, 0.000000000000000000, 0.000000000000000000 ) ) ;
#3085 = ORIENTED_EDGE ( 'NONE', *, *, #2862, .T. ) ;
#3086 = ORIENTED_EDGE ( 'NONE', *, *, #2087, .F. ) ;
#3087 = CARTESIAN_POINT ( 'NONE',  ( 4.375000000000000000, -24.29999999999999361, -7.000000000000002665 ) ) ;
#3088 = VECTOR ( 'NONE', #1239, 1000.000000000000000 ) ;
#3089 = DIRECTION ( 'NONE',  ( 0.000000000000000000, -1.000000000000000000, -1.156482317317871971E-16 ) ) ;
#3090 = ORIENTED_EDGE ( 'NONE', *, *, #3476, .T. ) ;
#3091 = LINE ( 'NONE', #4118, #3120 ) ;
#3092 = EDGE_CURVE ( 'NONE', #4002, #2311, #3570, .T. ) ;
#3093 = DIRECTION ( 'NONE',  ( -0.000000000000000000, 6.162975822039154730E-31, -1.000000000000000000 ) ) ;
#3094 = DIRECTION ( 'NONE',  ( 0.000000000000000000, 0.000000000000000000, -1.000000000000000000 ) ) ;
#3095 = EDGE_LOOP ( 'NONE', ( #2185, #2606, #637 ) ) ;
#3096 = ADVANCED_FACE ( 'NONE', ( #3164 ), #307, .F. ) ;
#3097 = AXIS2_PLACEMENT_3D ( 'NONE', #1087, #1825, #2183 ) ;
#3098 = CARTESIAN_POINT ( 'NONE',  ( 7.349999999999996092, -20.32857874710332169, -7.000000000000002665 ) ) ;
#3099 = EDGE_LOOP ( 'NONE', ( #3547, #1766, #3203, #716, #2598, #2457, #2620, #3436 ) ) ;
#3100 = CARTESIAN_POINT ( 'NONE',  ( -30.59860519837240744, 2.016592058422493672, -12.50624183010349810 ) ) ;
#3101 = CARTESIAN_POINT ( 'NONE',  ( 0.000000000000000000, -29.99999999999998934, -16.98577027834449993 ) ) ;
#3102 = AXIS2_PLACEMENT_3D ( 'NONE', #2236, #3690, #2562 ) ;
#3103 = VECTOR ( 'NONE', #2853, 1000.000000000000000 ) ;
#3104 = LINE ( 'NONE', #2389, #2591 ) ;
#3105 = LINE ( 'NONE', #4561, #3782 ) ;
#3106 = DIRECTION ( 'NONE',  ( 0.000000000000000000, 1.049697225128599695E-16, -1.000000000000000000 ) ) ;
#3107 = CARTESIAN_POINT ( 'NONE',  ( -16.50000000000000000, 16.50000000000000355, -17.50000000000000355 ) ) ;
#3108 = ORIENTED_EDGE ( 'NONE', *, *, #4173, .F. ) ;
#3109 = CIRCLE ( 'NONE', #3414, 0.5000000000000004441 ) ;
#3110 = VERTEX_POINT ( 'NONE', #4238 ) ;
#3111 = DIRECTION ( 'NONE',  ( 0.000000000000000000, 1.000000000000000000, 0.000000000000000000 ) ) ;
#3112 = CONICAL_SURFACE ( 'NONE', #1890, 1.099999999999989875, 0.7853981633974541632 ) ;
#3113 = DIRECTION ( 'NONE',  ( -0.000000000000000000, 6.162975822039154730E-31, -1.000000000000000000 ) ) ;
#3114 = ADVANCED_FACE ( 'NONE', ( #4189 ), #3943, .T. ) ;
#3115 = VERTEX_POINT ( 'NONE', #1331 ) ;
#3116 = DIRECTION ( 'NONE',  ( 0.000000000000000000, -1.049697225128599695E-16, 1.000000000000000000 ) ) ;
#3117 = CARTESIAN_POINT ( 'NONE',  ( 0.000000000000000000, 0.000000000000000000, -7.200000000000002842 ) ) ;
#3118 = DIRECTION ( 'NONE',  ( -1.000000000000000000, 0.000000000000000000, 0.000000000000000000 ) ) ;
#3119 = ORIENTED_EDGE ( 'NONE', *, *, #4581, .T. ) ;
#3120 = VECTOR ( 'NONE', #94, 1000.000000000000000 ) ;
#3121 = DIRECTION ( 'NONE',  ( -1.000000000000000000, 0.000000000000000000, 0.000000000000000000 ) ) ;
#3122 = ORIENTED_EDGE ( 'NONE', *, *, #1406, .T. ) ;
#3123 = DIRECTION ( 'NONE',  ( -0.000000000000000000, 0.000000000000000000, -1.000000000000000000 ) ) ;
#3124 = CIRCLE ( 'NONE', #842, 3.000000000000002665 ) ;
#3125 = DIRECTION ( 'NONE',  ( -0.000000000000000000, -0.000000000000000000, -1.000000000000000000 ) ) ;
#3126 = LINE ( 'NONE', #959, #690 ) ;
#3127 = CIRCLE ( 'NONE', #1069, 0.9999999999999991118 ) ;
#3128 = DIRECTION ( 'NONE',  ( 0.000000000000000000, -1.000000000000000000, -1.049697225128599695E-16 ) ) ;
#3129 = DIRECTION ( 'NONE',  ( -1.000000000000000000, 0.000000000000000000, 0.000000000000000000 ) ) ;
#3130 = ADVANCED_FACE ( 'NONE', ( #924 ), #2758, .T. ) ;
#3131 = ADVANCED_FACE ( 'NONE', ( #2473 ), #972, .T. ) ;
#3132 = FACE_OUTER_BOUND ( 'NONE', #29, .T. ) ;
#3133 = ORIENTED_EDGE ( 'NONE', *, *, #2571, .F. ) ;
#3134 = ORIENTED_EDGE ( 'NONE', *, *, #2179, .T. ) ;
#3135 = EDGE_CURVE ( 'NONE', #2162, #1987, #2378, .T. ) ;
#3136 = CARTESIAN_POINT ( 'NONE',  ( -10.24999999999999822, -19.09999999999999787, 16.49999999999999645 ) ) ;
#3137 = CARTESIAN_POINT ( 'NONE',  ( -12.25000000000000000, -19.70000000000000284, 17.49999999999999645 ) ) ;
#3138 = EDGE_CURVE ( 'NONE', #2762, #3282, #918, .T. ) ;
#3139 = ORIENTED_EDGE ( 'NONE', *, *, #3196, .F. ) ;
#3140 = ORIENTED_EDGE ( 'NONE', *, *, #4395, .F. ) ;
#3141 = DIRECTION ( 'NONE',  ( 0.000000000000000000, 1.000000000000000000, 0.000000000000000000 ) ) ;
#3142 = LINE ( 'NONE', #3228, #569 ) ;
#3143 = DIRECTION ( 'NONE',  ( 2.051189749233279761E-16, 1.000000000000000000, 6.055868525859339416E-17 ) ) ;
#3144 = ORIENTED_EDGE ( 'NONE', *, *, #2514, .F. ) ;
#3145 = VECTOR ( 'NONE', #1103, 1000.000000000000000 ) ;
#3146 = DIRECTION ( 'NONE',  ( -0.000000000000000000, -1.049697225128599695E-16, 1.000000000000000000 ) ) ;
#3147 = ORIENTED_EDGE ( 'NONE', *, *, #2328, .T. ) ;
#3148 = DIRECTION ( 'NONE',  ( -0.000000000000000000, 6.162975822039154730E-31, -1.000000000000000000 ) ) ;
#3149 = FACE_OUTER_BOUND ( 'NONE', #2339, .T. ) ;
#3150 = AXIS2_PLACEMENT_3D ( 'NONE', #3771, #1692, #861 ) ;
#3151 = FACE_OUTER_BOUND ( 'NONE', #3099, .T. ) ;
#3152 = DIRECTION ( 'NONE',  ( 1.398970545142587034E-16, -1.000000000000000000, 0.000000000000000000 ) ) ;
#3153 = DIRECTION ( 'NONE',  ( -0.000000000000000000, -0.000000000000000000, 1.000000000000000000 ) ) ;
#3154 = FACE_OUTER_BOUND ( 'NONE', #3419, .T. ) ;
#3155 = EDGE_LOOP ( 'NONE', ( #2536, #4448, #2654, #2396 ) ) ;
#3156 = EDGE_CURVE ( 'NONE', #3320, #2453, #1860, .T. ) ;
#3157 = ORIENTED_EDGE ( 'NONE', *, *, #3055, .F. ) ;
#3158 = FACE_OUTER_BOUND ( 'NONE', #420, .T. ) ;
#3159 = DIRECTION ( 'NONE',  ( -0.7071067811865463515, -2.394625328474147840E-15, -0.7071067811865487940 ) ) ;
#3160 = DIRECTION ( 'NONE',  ( 0.000000000000000000, 0.8571673007021115565, -0.5150380749100554878 ) ) ;
#3161 = ORIENTED_EDGE ( 'NONE', *, *, #279, .F. ) ;
#3162 = VERTEX_POINT ( 'NONE', #703 ) ;
#3163 = AXIS2_PLACEMENT_3D ( 'NONE', #2647, #3674, #857 ) ;
#3164 = FACE_OUTER_BOUND ( 'NONE', #3808, .T. ) ;
#3165 = DIRECTION ( 'NONE',  ( 0.000000000000000000, 1.049697225128599695E-16, -1.000000000000000000 ) ) ;
#3166 = DIRECTION ( 'NONE',  ( -1.000000000000000000, 2.891205793294678326E-16, 0.000000000000000000 ) ) ;
#3167 = AXIS2_PLACEMENT_3D ( 'NONE', #2394, #1006, #2082 ) ;
#3168 = EDGE_LOOP ( 'NONE', ( #502, #838 ) ) ;
#3169 = VECTOR ( 'NONE', #631, 1000.000000000000000 ) ;
#3170 = DIRECTION ( 'NONE',  ( 1.000000000000000000, 0.000000000000000000, 0.000000000000000000 ) ) ;
#3171 = ORIENTED_EDGE ( 'NONE', *, *, #1402, .F. ) ;
#3172 = DIRECTION ( 'NONE',  ( 0.7071067811865450192, 0.000000000000000000, 0.7071067811865500152 ) ) ;
#3173 = EDGE_CURVE ( 'NONE', #4416, #118, #3251, .T. ) ;
#3174 = CARTESIAN_POINT ( 'NONE',  ( 4.375000000000000000, -21.19999999999999574, -7.000000000000002665 ) ) ;
#3175 = CARTESIAN_POINT ( 'NONE',  ( 12.25000000000000000, -20.09999999999999787, 17.09999999999999787 ) ) ;
#3176 = AXIS2_PLACEMENT_3D ( 'NONE', #2727, #3106, #2656 ) ;
#3177 = CARTESIAN_POINT ( 'NONE',  ( -16.50000000000000000, -15.24999999999999822, -17.50000000000000355 ) ) ;
#3178 = LINE ( 'NONE', #3197, #2155 ) ;
#3179 = ORIENTED_EDGE ( 'NONE', *, *, #910, .T. ) ;
#3180 = EDGE_LOOP ( 'NONE', ( #3315, #3226, #880, #4339 ) ) ;
#3181 = DIRECTION ( 'NONE',  ( 1.000000000000000000, 0.000000000000000000, 0.000000000000000000 ) ) ;
#3182 = DIRECTION ( 'NONE',  ( 0.000000000000000000, -6.162975822039154730E-31, 1.000000000000000000 ) ) ;
#3183 = ORIENTED_EDGE ( 'NONE', *, *, #3358, .T. ) ;
#3184 = AXIS2_PLACEMENT_3D ( 'NONE', #1181, #2611, #4425 ) ;
#3185 = CARTESIAN_POINT ( 'NONE',  ( 16.50000000000000000, -16.49999999999999645, -10.75064546427067391 ) ) ;
#3186 = DIRECTION ( 'NONE',  ( 4.486353817181398134E-16, -1.000000000000000000, 0.000000000000000000 ) ) ;
#3187 = CARTESIAN_POINT ( 'NONE',  ( 0.000000000000000000, -1.677638381484706114E-15, -14.64288448352113470 ) ) ;
#3188 = VERTEX_POINT ( 'NONE', #2917 ) ;
#3189 = EDGE_CURVE ( 'NONE', #1100, #1130, #3337, .T. ) ;
#3190 = CARTESIAN_POINT ( 'NONE',  ( 0.000000000000000000, 5.051668046482831961E-15, -17.50000000000000000 ) ) ;
#3191 = EDGE_LOOP ( 'NONE', ( #2949, #4212, #2416 ) ) ;
#3192 = DIRECTION ( 'NONE',  ( 1.000000000000000000, 3.491481338843133355E-15, 0.000000000000000000 ) ) ;
#3193 = EDGE_CURVE ( 'NONE', #3880, #3263, #2426, .T. ) ;
#3194 = CARTESIAN_POINT ( 'NONE',  ( -7.349999999999995204, -20.27805623954235870, -1.399999999999973266 ) ) ;
#3195 =( BOUNDED_CURVE ( )  B_SPLINE_CURVE ( 3, ( #1391, #3662, #2847, #4350 ),
 .UNSPECIFIED., .F., .T. ) 
 B_SPLINE_CURVE_WITH_KNOTS ( ( 4, 4 ),
 ( 5.355890089177999691, 6.283185307179586232 ),
 .UNSPECIFIED. ) 
 CURVE ( )  GEOMETRIC_REPRESENTATION_ITEM ( )  RATIONAL_B_SPLINE_CURVE ( ( 1.000000000000000000, 0.9296181273332809747, 0.9296181273332809747, 1.000000000000000000 ) ) 
 REPRESENTATION_ITEM ( '' )  );
#3196 = EDGE_CURVE ( 'NONE', #3469, #2130, #1797, .T. ) ;
#3197 = CARTESIAN_POINT ( 'NONE',  ( -9.249999999999998224, -17.10000000000000142, 0.5000000000000108802 ) ) ;
#3198 = EDGE_LOOP ( 'NONE', ( #2650, #536, #2963 ) ) ;
#3199 = ORIENTED_EDGE ( 'NONE', *, *, #2965, .T. ) ;
#3200 = AXIS2_PLACEMENT_3D ( 'NONE', #3386, #4535, #2653 ) ;
#3201 = DIRECTION ( 'NONE',  ( 0.000000000000000000, -1.000000000000000000, -1.156482317317871725E-16 ) ) ;
#3202 = CARTESIAN_POINT ( 'NONE',  ( -11.09999999999999964, -4.776121969214778932E-16, 2.499999999999887645 ) ) ;
#3203 = ORIENTED_EDGE ( 'NONE', *, *, #3755, .F. ) ;
#3204 = DIRECTION ( 'NONE',  ( -0.000000000000000000, -0.000000000000000000, 1.000000000000000000 ) ) ;
#3205 = CARTESIAN_POINT ( 'NONE',  ( 9.250000000000003553, -19.09999999999999432, 16.09999999999998721 ) ) ;
#3206 = PLANE ( 'NONE',  #3326 ) ;
#3207 = CARTESIAN_POINT ( 'NONE',  ( 9.250000000000003553, -17.10000000000000142, -7.000000000000002665 ) ) ;
#3208 = ORIENTED_EDGE ( 'NONE', *, *, #1668, .F. ) ;
#3209 = ADVANCED_FACE ( 'NONE', ( #2233 ), #4706, .F. ) ;
#3210 = ADVANCED_FACE ( 'NONE', ( #3966 ), #3666, .F. ) ;
#3211 = DIRECTION ( 'NONE',  ( -1.000000000000000000, -1.047444401652940007E-14, 0.000000000000000000 ) ) ;
#3212 = EDGE_CURVE ( 'NONE', #1999, #3470, #2180, .T. ) ;
#3213 = ORIENTED_EDGE ( 'NONE', *, *, #1839, .T. ) ;
#3214 = AXIS2_PLACEMENT_3D ( 'NONE', #4074, #3380, #4363 ) ;
#3215 = CARTESIAN_POINT ( 'NONE',  ( -9.250000000000001776, -29.10000000000000497, 17.09999999999999787 ) ) ;
#3216 = EDGE_CURVE ( 'NONE', #4130, #444, #1362, .T. ) ;
#3217 = DIRECTION ( 'NONE',  ( -0.000000000000000000, -1.049697225128599695E-16, 1.000000000000000000 ) ) ;
#3218 = AXIS2_PLACEMENT_3D ( 'NONE', #2317, #579, #3053 ) ;
#3219 = VECTOR ( 'NONE', #1910, 1000.000000000000000 ) ;
#3220 = VECTOR ( 'NONE', #3273, 1000.000000000000114 ) ;
#3221 = CARTESIAN_POINT ( 'NONE',  ( -12.25000000000000000, -19.70000000000000284, 17.49999999999999645 ) ) ;
#3222 = EDGE_LOOP ( 'NONE', ( #591, #3533, #2071, #3300 ) ) ;
#3223 = ORIENTED_EDGE ( 'NONE', *, *, #115, .F. ) ;
#3224 = LINE ( 'NONE', #4683, #2307 ) ;
#3225 = DIRECTION ( 'NONE',  ( -0.000000000000000000, -0.000000000000000000, 1.000000000000000000 ) ) ;
#3226 = ORIENTED_EDGE ( 'NONE', *, *, #1582, .F. ) ;
#3227 = DIRECTION ( 'NONE',  ( 0.000000000000000000, 1.000000000000000000, 0.000000000000000000 ) ) ;
#3228 = CARTESIAN_POINT ( 'NONE',  ( 16.50000000000000000, -17.24999999999999289, -17.50000000000000355 ) ) ;
#3229 = FACE_OUTER_BOUND ( 'NONE', #3753, .T. ) ;
#3230 = CARTESIAN_POINT ( 'NONE',  ( 16.50000000000000000, 16.49999999999999645, -10.75064546427067391 ) ) ;
#3231 = VERTEX_POINT ( 'NONE', #2561 ) ;
#3232 = VECTOR ( 'NONE', #1855, 1000.000000000000000 ) ;
#3233 = EDGE_CURVE ( 'NONE', #501, #2011, #4040, .T. ) ;
#3234 = B_SPLINE_CURVE_WITH_KNOTS ( 'NONE', 3,
 ( #2914, #2605, #4421, #2177 ),
 .UNSPECIFIED., .F., .F.,
 ( 4, 4 ),
 ( 1.608716371138911572E-17, 0.001714047318848908657 ),
 .UNSPECIFIED. ) ;
#3235 = DIRECTION ( 'NONE',  ( 0.000000000000000000, -1.000000000000000000, -1.119176436114070071E-16 ) ) ;
#3236 = ORIENTED_EDGE ( 'NONE', *, *, #3858, .F. ) ;
#3237 = CONICAL_SURFACE ( 'NONE', #3010, 0.7499999999999972244, 1.029744258676652979 ) ;
#3238 = CYLINDRICAL_SURFACE ( 'NONE', #1166, 3.099999999999998757 ) ;
#3239 = VERTEX_POINT ( 'NONE', #756 ) ;
#3240 = LINE ( 'NONE', #4344, #2419 ) ;
#3241 = CARTESIAN_POINT ( 'NONE',  ( 8.174999999999993605, -24.29999999999999716, -0.5749999999999870770 ) ) ;
#3242 = ORIENTED_EDGE ( 'NONE', *, *, #4324, .T. ) ;
#3243 = EDGE_LOOP ( 'NONE', ( #4030, #1751, #755, #2899 ) ) ;
#3244 = AXIS2_PLACEMENT_3D ( 'NONE', #4277, #3602, #1050 ) ;
#3245 = CARTESIAN_POINT ( 'NONE',  ( 9.250000000000001776, -29.10000000000000497, 17.09999999999999787 ) ) ;
#3246 = DIRECTION ( 'NONE',  ( -1.247268898962840931E-45, 6.162975822039154730E-31, -1.000000000000000000 ) ) ;
#3247 = ORIENTED_EDGE ( 'NONE', *, *, #606, .T. ) ;
#3248 = VECTOR ( 'NONE', #3473, 1000.000000000000000 ) ;
#3249 = AXIS2_PLACEMENT_3D ( 'NONE', #4101, #928, #2383 ) ;
#3250 = EDGE_CURVE ( 'NONE', #414, #2417, #4329, .T. ) ;
#3251 = LINE ( 'NONE', #1869, #1742 ) ;
#3252 = EDGE_CURVE ( 'NONE', #2011, #602, #1844, .T. ) ;
#3253 = CARTESIAN_POINT ( 'NONE',  ( 30.95225575956422759, 1.719844002961225637, -12.84288448352115886 ) ) ;
#3254 = DIRECTION ( 'NONE',  ( 1.000000000000000000, 1.119176436114069628E-15, 0.000000000000000000 ) ) ;
#3255 = DIRECTION ( 'NONE',  ( 0.000000000000000000, 0.000000000000000000, -1.000000000000000000 ) ) ;
#3256 = ORIENTED_EDGE ( 'NONE', *, *, #3920, .T. ) ;
#3257 = VECTOR ( 'NONE', #2427, 1000.000000000000000 ) ;
#3258 = DIRECTION ( 'NONE',  ( -0.000000000000000000, -1.049697225128599695E-16, 1.000000000000000000 ) ) ;
#3259 = ORIENTED_EDGE ( 'NONE', *, *, #3196, .T. ) ;
#3260 = FACE_OUTER_BOUND ( 'NONE', #1882, .T. ) ;
#3261 = CIRCLE ( 'NONE', #1433, 30.00000000000000000 ) ;
#3262 = DIRECTION ( 'NONE',  ( 1.000000000000000000, 0.000000000000000000, 0.000000000000000000 ) ) ;
#3263 = VERTEX_POINT ( 'NONE', #329 ) ;
#3264 = CARTESIAN_POINT ( 'NONE',  ( 2.614672282429749028, -29.88584094275234904, -14.64288448352115246 ) ) ;
#3265 = DIRECTION ( 'NONE',  ( -0.000000000000000000, -0.000000000000000000, 1.000000000000000000 ) ) ;
#3266 = VERTEX_POINT ( 'NONE', #4356 ) ;
#3267 = VERTEX_POINT ( 'NONE', #3277 ) ;
#3268 = AXIS2_PLACEMENT_3D ( 'NONE', #4453, #3763, #545 ) ;
#3269 = EDGE_CURVE ( 'NONE', #4423, #4130, #3301, .T. ) ;
#3270 = LINE ( 'NONE', #466, #3219 ) ;
#3271 = DIRECTION ( 'NONE',  ( 0.000000000000000000, 0.7071067811865474617, 0.7071067811865474617 ) ) ;
#3272 = ADVANCED_FACE ( 'NONE', ( #2943 ), #2492, .F. ) ;
#3273 = DIRECTION ( 'NONE',  ( 8.659560562354932858E-17, -0.7071067811865474617, -0.7071067811865474617 ) ) ;
#3274 = EDGE_CURVE ( 'NONE', #3115, #1117, #371, .T. ) ;
#3275 = VERTEX_POINT ( 'NONE', #2873 ) ;
#3276 = VECTOR ( 'NONE', #2171, 1000.000000000000114 ) ;
#3277 = CARTESIAN_POINT ( 'NONE',  ( 7.349999999999996980, -16.10000000000000142, -1.399999999999975264 ) ) ;
#3278 = EDGE_CURVE ( 'NONE', #366, #3030, #2121, .T. ) ;
#3279 = FACE_BOUND ( 'NONE', #1619, .T. ) ;
#3280 = DIRECTION ( 'NONE',  ( -2.797941090285174562E-16, 1.000000000000000000, 0.000000000000000000 ) ) ;
#3281 = CARTESIAN_POINT ( 'NONE',  ( 2.016592058422621125, -30.59860519837239323, -12.50624183010350166 ) ) ;
#3282 = VERTEX_POINT ( 'NONE', #824 ) ;
#3283 = CARTESIAN_POINT ( 'NONE',  ( -2.614672282429749917, -29.88584094275236680, -11.84288448352118372 ) ) ;
#3284 = ORIENTED_EDGE ( 'NONE', *, *, #2702, .F. ) ;
#3285 = CARTESIAN_POINT ( 'NONE',  ( 15.25000000000000355, -23.09999999999999787, 16.49999999999999645 ) ) ;
#3286 = DIRECTION ( 'NONE',  ( 0.000000000000000000, 0.000000000000000000, -1.000000000000000000 ) ) ;
#3287 = VERTEX_POINT ( 'NONE', #4500 ) ;
#3288 = CYLINDRICAL_SURFACE ( 'NONE', #214, 0.7499999999999972244 ) ;
#3289 = DIRECTION ( 'NONE',  ( -1.000000000000000000, -1.416100796715760863E-16, 0.000000000000000000 ) ) ;
#3290 = VERTEX_POINT ( 'NONE', #1966 ) ;
#3291 = ORIENTED_EDGE ( 'NONE', *, *, #4333, .F. ) ;
#3292 = CARTESIAN_POINT ( 'NONE',  ( -13.50000000000000000, -23.10000000000000142, 16.50000000000000000 ) ) ;
#3293 = EDGE_CURVE ( 'NONE', #2844, #721, #3031, .T. ) ;
#3294 = AXIS2_PLACEMENT_3D ( 'NONE', #1459, #1555, #4465 ) ;
#3295 = PLANE ( 'NONE',  #2608 ) ;
#3296 = CONICAL_SURFACE ( 'NONE', #883, 0.6000000000000033085, 0.7853981633974471688 ) ;
#3297 = EDGE_CURVE ( 'NONE', #4159, #2964, #4327, .T. ) ;
#3298 = CARTESIAN_POINT ( 'NONE',  ( 10.25000000000000178, -26.50000000000000000, 17.49999999999999645 ) ) ;
#3299 = VERTEX_POINT ( 'NONE', #446 ) ;
#3300 = ORIENTED_EDGE ( 'NONE', *, *, #519, .F. ) ;
#3301 = LINE ( 'NONE', #4309, #3800 ) ;
#3302 = FACE_OUTER_BOUND ( 'NONE', #4542, .T. ) ;
#3303 = DIRECTION ( 'NONE',  ( 1.000000000000000000, 0.000000000000000000, 0.000000000000000000 ) ) ;
#3304 = ORIENTED_EDGE ( 'NONE', *, *, #4182, .F. ) ;
#3305 = CARTESIAN_POINT ( 'NONE',  ( 3.214697902507782051E-15, 1.432089798510252551E-15, -13.64288448352115779 ) ) ;
#3306 = VERTEX_POINT ( 'NONE', #2349 ) ;
#3307 = CARTESIAN_POINT ( 'NONE',  ( 9.650000000000014566, -19.90000000000000568, 16.49999999999999645 ) ) ;
#3308 = CARTESIAN_POINT ( 'NONE',  ( 7.350000000000000533, -30.09999999999999787, -7.000000000000002665 ) ) ;
#3309 = ORIENTED_EDGE ( 'NONE', *, *, #3278, .F. ) ;
#3310 = CARTESIAN_POINT ( 'NONE',  ( 7.349999999999996092, -20.19532343512947747, -7.000000000000002665 ) ) ;
#3311 = VERTEX_POINT ( 'NONE', #516 ) ;
#3312 = CONICAL_SURFACE ( 'NONE', #47, 0.6000000000000033085, 0.7853981633974471688 ) ;
#3313 = ADVANCED_FACE ( 'NONE', ( #3709 ), #3421, .F. ) ;
#3314 = CARTESIAN_POINT ( 'NONE',  ( 8.835786437626905965, -16.10000000000000142, 0.08578643762691713637 ) ) ;
#3315 = ORIENTED_EDGE ( 'NONE', *, *, #948, .F. ) ;
#3316 = CARTESIAN_POINT ( 'NONE',  ( 30.59860519837236836, 2.016592058422943978, -13.97952713693882210 ) ) ;
#3317 = FACE_OUTER_BOUND ( 'NONE', #2400, .T. ) ;
#3318 = APPLICATION_CONTEXT ( 'automotive_design' ) ;
#3319 = DIRECTION ( 'NONE',  ( -2.797941090285174069E-16, 1.000000000000000000, 0.000000000000000000 ) ) ;
#3320 = VERTEX_POINT ( 'NONE', #4449 ) ;
#3321 = ORIENTED_EDGE ( 'NONE', *, *, #1870, .F. ) ;
#3322 = LINE ( 'NONE', #493, #608 ) ;
#3323 = ADVANCED_FACE ( 'NONE', ( #1205 ), #2637, .F. ) ;
#3324 = FACE_OUTER_BOUND ( 'NONE', #4657, .T. ) ;
#3325 = VECTOR ( 'NONE', #4546, 1000.000000000000000 ) ;
#3326 = AXIS2_PLACEMENT_3D ( 'NONE', #2517, #3883, #4335 ) ;
#3327 = LINE ( 'NONE', #4451, #2451 ) ;
#3328 = ORIENTED_EDGE ( 'NONE', *, *, #2749, .T. ) ;
#3329 = DIRECTION ( 'NONE',  ( 0.000000000000000000, -1.049697225128599695E-16, 1.000000000000000000 ) ) ;
#3330 = ORIENTED_EDGE ( 'NONE', *, *, #4560, .F. ) ;
#3331 = CARTESIAN_POINT ( 'NONE',  ( 9.393428069454522245, -19.70757105209089133, 16.24342806945450590 ) ) ;
#3332 = CARTESIAN_POINT ( 'NONE',  ( -3.214697902507782051E-15, 1.432089798510207783E-15, -13.64288448352115779 ) ) ;
#3333 = AXIS2_PLACEMENT_3D ( 'NONE', #3185, #1285, #1018 ) ;
#3334 = EDGE_CURVE ( 'NONE', #3445, #16, #4405, .T. ) ;
#3335 = VERTEX_POINT ( 'NONE', #4090 ) ;
#3336 = CARTESIAN_POINT ( 'NONE',  ( -7.349999999999995204, -20.32857874710331814, -7.200000000000001954 ) ) ;
#3337 = CIRCLE ( 'NONE', #2498, 0.7499999999999972244 ) ;
#3338 = ADVANCED_FACE ( 'NONE', ( #2257 ), #2661, .F. ) ;
#3339 = DIRECTION ( 'NONE',  ( 1.445602896647339163E-16, 1.000000000000000000, -0.000000000000000000 ) ) ;
#3340 = ORIENTED_EDGE ( 'NONE', *, *, #3527, .T. ) ;
#3341 = DIRECTION ( 'NONE',  ( -1.000000000000000000, -1.047444401652940007E-14, 0.000000000000000000 ) ) ;
#3342 = FACE_OUTER_BOUND ( 'NONE', #4422, .T. ) ;
#3343 = DIRECTION ( 'NONE',  ( -0.000000000000000000, -0.000000000000000000, 1.000000000000000000 ) ) ;
#3344 = VECTOR ( 'NONE', #2543, 1000.000000000000000 ) ;
#3345 = ORIENTED_EDGE ( 'NONE', *, *, #148, .T. ) ;
#3346 = ORIENTED_EDGE ( 'NONE', *, *, #4185, .F. ) ;
#3347 = CARTESIAN_POINT ( 'NONE',  ( -12.25000000000000000, -23.10000000000000142, 16.49999999999999645 ) ) ;
#3348 = CARTESIAN_POINT ( 'NONE',  ( -13.50000000000000000, -23.10000000000000142, 16.50000000000000000 ) ) ;
#3349 = CIRCLE ( 'NONE', #1226, 3.400000000000000355 ) ;
#3350 = DIRECTION ( 'NONE',  ( -1.000000000000000000, 0.000000000000000000, 0.000000000000000000 ) ) ;
#3351 = ORIENTED_EDGE ( 'NONE', *, *, #4270, .F. ) ;
#3352 = DIRECTION ( 'NONE',  ( 0.000000000000000000, 1.000000000000000000, 0.000000000000000000 ) ) ;
#3353 = AXIS2_PLACEMENT_3D ( 'NONE', #1258, #1705, #4235 ) ;
#3354 = ORIENTED_EDGE ( 'NONE', *, *, #1014, .F. ) ;
#3355 = FACE_OUTER_BOUND ( 'NONE', #1725, .T. ) ;
#3356 = CYLINDRICAL_SURFACE ( 'NONE', #1264, 0.7499999999999988898 ) ;
#3357 = EDGE_CURVE ( 'NONE', #4051, #3754, #1512, .T. ) ;
#3358 = EDGE_CURVE ( 'NONE', #3275, #4159, #2325, .T. ) ;
#3359 = EDGE_CURVE ( 'NONE', #1539, #1954, #2882, .T. ) ;
#3360 = ORIENTED_EDGE ( 'NONE', *, *, #943, .T. ) ;
#3361 = DIRECTION ( 'NONE',  ( -2.051189749233279514E-16, -1.000000000000000000, -0.000000000000000000 ) ) ;
#3362 = ORIENTED_EDGE ( 'NONE', *, *, #4410, .T. ) ;
#3363 = CARTESIAN_POINT ( 'NONE',  ( -8.250000000000000000, -16.10000000000000142, 17.10000000000000142 ) ) ;
#3364 = ORIENTED_EDGE ( 'NONE', *, *, #3135, .F. ) ;
#3365 = ADVANCED_FACE ( 'NONE', ( #116 ), #1893, .F. ) ;
#3366 = CARTESIAN_POINT ( 'NONE',  ( -10.25000000000000178, -27.10000000000000497, 16.49999999999999645 ) ) ;
#3367 = AXIS2_PLACEMENT_3D ( 'NONE', #902, #144, #1568 ) ;
#3368 = CARTESIAN_POINT ( 'NONE',  ( 10.25000000000000178, -26.10000000000000142, 16.49999999999999645 ) ) ;
#3369 = ORIENTED_EDGE ( 'NONE', *, *, #457, .F. ) ;
#3370 = ORIENTED_EDGE ( 'NONE', *, *, #3481, .F. ) ;
#3371 = CONICAL_SURFACE ( 'NONE', #4135, 0.7499999999999988898, 1.029744258676651425 ) ;
#3372 = DIRECTION ( 'NONE',  ( -0.000000000000000000, 6.162975822039154730E-31, -1.000000000000000000 ) ) ;
#3373 = VECTOR ( 'NONE', #2697, 1000.000000000000000 ) ;
#3374 = AXIS2_PLACEMENT_3D ( 'NONE', #3583, #2822, #1368 ) ;
#3375 = DIRECTION ( 'NONE',  ( 0.000000000000000000, -1.000000000000000000, -1.119176436114070071E-16 ) ) ;
#3376 = DIRECTION ( 'NONE',  ( 1.000000000000000000, 0.000000000000000000, 0.000000000000000000 ) ) ;
#3377 = ORIENTED_EDGE ( 'NONE', *, *, #750, .T. ) ;
#3378 = CARTESIAN_POINT ( 'NONE',  ( 29.88584094275238456, -2.614672282429438166, 17.50000000000000000 ) ) ;
#3379 = ORIENTED_EDGE ( 'NONE', *, *, #1769, .T. ) ;
#3380 = DIRECTION ( 'NONE',  ( 0.000000000000000000, 0.000000000000000000, 1.000000000000000000 ) ) ;
#3381 = DIRECTION ( 'NONE',  ( 0.000000000000000000, -1.049697225128599695E-16, 1.000000000000000000 ) ) ;
#3382 = ORIENTED_EDGE ( 'NONE', *, *, #2579, .T. ) ;
#3383 = ORIENTED_EDGE ( 'NONE', *, *, #4675, .F. ) ;
#3384 = DIRECTION ( 'NONE',  ( -1.445602896647339163E-16, -1.000000000000000000, -1.049697225128599695E-16 ) ) ;
#3385 = EDGE_LOOP ( 'NONE', ( #2624, #3382, #1610, #2085, #3028 ) ) ;
#3386 = CARTESIAN_POINT ( 'NONE',  ( 16.50000000000000000, 16.49999999999999645, -17.00000000000000355 ) ) ;
#3387 = ORIENTED_EDGE ( 'NONE', *, *, #3626, .F. ) ;
#3388 = CARTESIAN_POINT ( 'NONE',  ( -7.380487804878045566, -20.44036649973204689, -1.369512195121926679 ) ) ;
#3389 = VECTOR ( 'NONE', #3443, 1000.000000000000000 ) ;
#3390 = CARTESIAN_POINT ( 'NONE',  ( 30.24321410188990100, 2.314800596405062638, -12.17276219036980933 ) ) ;
#3391 = ORIENTED_EDGE ( 'NONE', *, *, #2042, .T. ) ;
#3392 = VERTEX_POINT ( 'NONE', #1515 ) ;
#3393 = DIRECTION ( 'NONE',  ( 0.000000000000000000, 1.000000000000000000, 0.000000000000000000 ) ) ;
#3394 = CARTESIAN_POINT ( 'NONE',  ( -16.50000000000000000, 15.25000000000000533, -17.50000000000000355 ) ) ;
#3395 = EDGE_CURVE ( 'NONE', #4658, #3754, #1559, .T. ) ;
#3396 = DIRECTION ( 'NONE',  ( -0.000000000000000000, -1.049697225128599695E-16, 1.000000000000000000 ) ) ;
#3397 = ORIENTED_EDGE ( 'NONE', *, *, #523, .T. ) ;
#3398 = CARTESIAN_POINT ( 'NONE',  ( 7.349999999999996092, -22.07142125289667334, -7.000000000000002665 ) ) ;
#3399 = EDGE_CURVE ( 'NONE', #2057, #4164, #898, .T. ) ;
#3400 = ORIENTED_EDGE ( 'NONE', *, *, #402, .F. ) ;
#3401 = AXIS2_PLACEMENT_3D ( 'NONE', #2860, #1764, #632 ) ;
#3402 = LINE ( 'NONE', #2874, #945 ) ;
#3403 = CARTESIAN_POINT ( 'NONE',  ( 12.25000000000000000, -23.09999999999999787, 17.09999999999999787 ) ) ;
#3404 = VERTEX_POINT ( 'NONE', #4137 ) ;
#3405 = AXIS2_PLACEMENT_3D ( 'NONE', #4290, #4600, #1417 ) ;
#3406 = AXIS2_PLACEMENT_3D ( 'NONE', #2483, #3934, #4610 ) ;
#3407 = ORIENTED_EDGE ( 'NONE', *, *, #3715, .T. ) ;
#3408 = PLANE ( 'NONE',  #3249 ) ;
#3409 = EDGE_LOOP ( 'NONE', ( #2033, #3362, #3495, #693 ) ) ;
#3410 = DIRECTION ( 'NONE',  ( 1.000000000000000000, 0.000000000000000000, 0.000000000000000000 ) ) ;
#3411 = DIRECTION ( 'NONE',  ( -0.000000000000000000, -0.000000000000000000, 1.000000000000000000 ) ) ;
#3412 = EDGE_LOOP ( 'NONE', ( #3692, #2330, #4531, #929, #4393 ) ) ;
#3413 = VECTOR ( 'NONE', #4201, 1000.000000000000000 ) ;
#3414 = AXIS2_PLACEMENT_3D ( 'NONE', #2786, #4646, #1352 ) ;
#3415 = CARTESIAN_POINT ( 'NONE',  ( -12.25000000000000000, -26.10000000000000497, 16.49999999999999645 ) ) ;
#3416 = CARTESIAN_POINT ( 'NONE',  ( 7.349999999999997868, -24.80000000000000071, -1.399999999999973044 ) ) ;
#3417 = ORIENTED_EDGE ( 'NONE', *, *, #3395, .T. ) ;
#3418 = EDGE_CURVE ( 'NONE', #1729, #4703, #3322, .T. ) ;
#3419 = EDGE_LOOP ( 'NONE', ( #2776, #2850, #3501, #798 ) ) ;
#3420 = ADVANCED_FACE ( 'NONE', ( #138 ), #1586, .F. ) ;
#3421 = PLANE ( 'NONE',  #1587 ) ;
#3422 = EDGE_CURVE ( 'NONE', #952, #1447, #3261, .T. ) ;
#3423 = CARTESIAN_POINT ( 'NONE',  ( 0.000000000000000000, 1.377727758532732338E-15, 17.50000000000000000 ) ) ;
#3424 = PRODUCT_DEFINITION_CONTEXT ( 'detailed design', #3318, 'design' ) ;
#3425 = ORIENTED_EDGE ( 'NONE', *, *, #2551, .T. ) ;
#3426 = AXIS2_PLACEMENT_3D ( 'NONE', #2567, #2140, #3235 ) ;
#3427 = DIRECTION ( 'NONE',  ( 0.000000000000000000, 0.000000000000000000, 1.000000000000000000 ) ) ;
#3428 = EDGE_CURVE ( 'NONE', #2877, #2964, #638, .T. ) ;
#3429 = EDGE_CURVE ( 'NONE', #2857, #1054, #1680, .T. ) ;
#3430 = CARTESIAN_POINT ( 'NONE',  ( 0.000000000000000000, -1.836970143975040049E-15, 2.499999999999887645 ) ) ;
#3431 = DIRECTION ( 'NONE',  ( -0.000000000000000000, -0.000000000000000000, -1.000000000000000000 ) ) ;
#3432 = ORIENTED_EDGE ( 'NONE', *, *, #3626, .T. ) ;
#3433 = AXIS2_PLACEMENT_3D ( 'NONE', #3668, #4336, #1042 ) ;
#3434 = ORIENTED_EDGE ( 'NONE', *, *, #1769, .F. ) ;
#3435 = DIRECTION ( 'NONE',  ( -0.000000000000000000, 6.162975822039154730E-31, -1.000000000000000000 ) ) ;
#3436 = ORIENTED_EDGE ( 'NONE', *, *, #1247, .T. ) ;
#3437 = CARTESIAN_POINT ( 'NONE',  ( 9.250000000000003553, -19.09999999999999432, 17.09999999999999787 ) ) ;
#3438 = CARTESIAN_POINT ( 'NONE',  ( 2.614672282429749917, 29.88584094275237035, -11.84288448352117662 ) ) ;
#3439 = AXIS2_PLACEMENT_3D ( 'NONE', #4115, #3396, #4140 ) ;
#3440 = FACE_OUTER_BOUND ( 'NONE', #82, .T. ) ;
#3441 = DIRECTION ( 'NONE',  ( 1.000000000000000000, 0.000000000000000000, 0.000000000000000000 ) ) ;
#3442 = PLANE ( 'NONE',  #2866 ) ;
#3443 = DIRECTION ( 'NONE',  ( -0.000000000000000000, -0.000000000000000000, 1.000000000000000000 ) ) ;
#3444 = ORIENTED_EDGE ( 'NONE', *, *, #1091, .T. ) ;
#3445 = VERTEX_POINT ( 'NONE', #965 ) ;
#3446 = ADVANCED_FACE ( 'NONE', ( #1988 ), #3112, .F. ) ;
#3447 = DIRECTION ( 'NONE',  ( 0.000000000000000000, -1.000000000000000000, -1.156482317317871725E-16 ) ) ;
#3448 = ADVANCED_FACE ( 'NONE', ( #2754 ), #3497, .F. ) ;
#3449 = CARTESIAN_POINT ( 'NONE',  ( -7.349999999999996092, -22.20467656487052466, -1.399999999999972378 ) ) ;
#3450 = AXIS2_PLACEMENT_3D ( 'NONE', #2767, #603, #4222 ) ;
#3451 = ORIENTED_EDGE ( 'NONE', *, *, #4454, .F. ) ;
#3452 = DIRECTION ( 'NONE',  ( -0.6427876096865532407, 0.7660444431189663561, 8.041147262671624597E-17 ) ) ;
#3453 = VECTOR ( 'NONE', #1806, 1000.000000000000000 ) ;
#3454 = VECTOR ( 'NONE', #344, 999.9999999999998863 ) ;
#3455 = VECTOR ( 'NONE', #3159, 1000.000000000000000 ) ;
#3456 = DIRECTION ( 'NONE',  ( 0.000000000000000000, 0.8571673007021115565, -0.5150380749100554878 ) ) ;
#3457 = LINE ( 'NONE', #145, #2481 ) ;
#3458 = EDGE_LOOP ( 'NONE', ( #1567, #4087, #10, #1891 ) ) ;
#3459 = VECTOR ( 'NONE', #2736, 1000.000000000000000 ) ;
#3460 = DIRECTION ( 'NONE',  ( -0.000000000000000000, -1.049697225128599695E-16, 1.000000000000000000 ) ) ;
#3461 = VERTEX_POINT ( 'NONE', #2374 ) ;
#3462 = CARTESIAN_POINT ( 'NONE',  ( 7.349999999999996092, -20.32857874710332169, -1.500000000000003109 ) ) ;
#3463 = CARTESIAN_POINT ( 'NONE',  ( -7.249999999999964473, -21.19999999999999574, -1.500000000000003109 ) ) ;
#3464 = CARTESIAN_POINT ( 'NONE',  ( 12.25000000000000000, -20.09999999999999787, 17.09999999999999787 ) ) ;
#3465 = CARTESIAN_POINT ( 'NONE',  ( 7.433040607551974155, -22.38975945325554306, -1.316959392447997201 ) ) ;
#3466 = DIRECTION ( 'NONE',  ( 0.000000000000000000, 0.7071067811865474617, -0.7071067811865474617 ) ) ;
#3467 = EDGE_CURVE ( 'NONE', #4304, #1907, #1657, .T. ) ;
#3468 = CARTESIAN_POINT ( 'NONE',  ( -7.349999999999996092, -18.09999999999999787, -7.000000000000002665 ) ) ;
#3469 = VERTEX_POINT ( 'NONE', #942 ) ;
#3470 = VERTEX_POINT ( 'NONE', #3471 ) ;
#3471 = CARTESIAN_POINT ( 'NONE',  ( 0.000000000000000000, -30.99999999999997868, -12.84288448352116241 ) ) ;
#3472 = CIRCLE ( 'NONE', #1410, 1.399999999999995026 ) ;
#3473 = DIRECTION ( 'NONE',  ( 0.000000000000000000, 0.000000000000000000, -1.000000000000000000 ) ) ;
#3474 = APPLICATION_PROTOCOL_DEFINITION ( 'draft international standard', 'automotive_design', 1998, #890 ) ;
#3475 = ORIENTED_EDGE ( 'NONE', *, *, #102, .T. ) ;
#3476 = EDGE_CURVE ( 'NONE', #3335, #4413, #208, .T. ) ;
#3477 = CARTESIAN_POINT ( 'NONE',  ( -30.95225575956423825, -1.719844002961016471, -12.84288448352115886 ) ) ;
#3478 = CYLINDRICAL_SURFACE ( 'NONE', #2008, 30.99999999999997513 ) ;
#3479 = DIRECTION ( 'NONE',  ( 0.000000000000000000, 0.000000000000000000, 1.000000000000000000 ) ) ;
#3480 = EDGE_LOOP ( 'NONE', ( #2279, #1346, #4314, #1746 ) ) ;
#3481 = EDGE_CURVE ( 'NONE', #1001, #513, #3034, .T. ) ;
#3482 = CONICAL_SURFACE ( 'NONE', #3097, 1.249999999999999334, 0.7853981633974466137 ) ;
#3483 = LINE ( 'NONE', #218, #4569 ) ;
#3484 = ORIENTED_EDGE ( 'NONE', *, *, #4041, .F. ) ;
#3485 = CARTESIAN_POINT ( 'NONE',  ( 10.25000000000000355, -19.09999999999999432, 17.49999999999999645 ) ) ;
#3486 = DIRECTION ( 'NONE',  ( 0.000000000000000000, 1.000000000000000000, 0.000000000000000000 ) ) ;
#3487 = EDGE_CURVE ( 'NONE', #681, #2084, #3651, .T. ) ;
#3488 = VECTOR ( 'NONE', #494, 1000.000000000000000 ) ;
#3489 = VECTOR ( 'NONE', #4150, 1000.000000000000000 ) ;
#3490 = LINE ( 'NONE', #3845, #2448 ) ;
#3491 = DIRECTION ( 'NONE',  ( -0.000000000000000000, -1.049697225128599695E-16, 1.000000000000000000 ) ) ;
#3492 = DIRECTION ( 'NONE',  ( -1.416100796715760863E-16, 1.000000000000000000, 0.000000000000000000 ) ) ;
#3493 = EDGE_CURVE ( 'NONE', #4681, #322, #1287, .T. ) ;
#3494 = LINE ( 'NONE', #227, #4684 ) ;
#3495 = ORIENTED_EDGE ( 'NONE', *, *, #1527, .T. ) ;
#3496 = ORIENTED_EDGE ( 'NONE', *, *, #1709, .T. ) ;
#3497 = CYLINDRICAL_SURFACE ( 'NONE', #3498, 0.9999999999999983347 ) ;
#3498 = AXIS2_PLACEMENT_3D ( 'NONE', #4208, #919, #4545 ) ;
#3499 = CARTESIAN_POINT ( 'NONE',  ( 3.214697902507782446E-15, 1.537059521023110055E-15, -14.64288448352113470 ) ) ;
#3500 = APPLICATION_PROTOCOL_DEFINITION ( 'draft international standard', 'automotive_design', 1998, #3318 ) ;
#3501 = ORIENTED_EDGE ( 'NONE', *, *, #4248, .F. ) ;
#3502 = DIRECTION ( 'NONE',  ( -1.000000000000000000, 0.000000000000000000, 0.000000000000000000 ) ) ;
#3503 = DIRECTION ( 'NONE',  ( 1.000000000000000000, 0.000000000000000000, 0.000000000000000000 ) ) ;
#3504 = CARTESIAN_POINT ( 'NONE',  ( 16.50000000000000000, 17.75000000000000000, -17.50000000000000355 ) ) ;
#3505 = VERTEX_POINT ( 'NONE', #1012 ) ;
#3506 = CARTESIAN_POINT ( 'NONE',  ( -2.016592058422628231, -30.59860519837239323, -13.97952713693882032 ) ) ;
#3507 = ORIENTED_EDGE ( 'NONE', *, *, #4279, .T. ) ;
#3508 = LINE ( 'NONE', #2407, #2912 ) ;
#3509 = AXIS2_PLACEMENT_3D ( 'NONE', #3747, #4460, #2651 ) ;
#3510 = EDGE_CURVE ( 'NONE', #3287, #2704, #2398, .T. ) ;
#3511 = CARTESIAN_POINT ( 'NONE',  ( 12.25000000000000355, -26.10000000000000142, 16.49999999999999645 ) ) ;
#3512 = VECTOR ( 'NONE', #4008, 1000.000000000000000 ) ;
#3513 = DIRECTION ( 'NONE',  ( 1.000000000000000000, 0.000000000000000000, 0.000000000000000000 ) ) ;
#3514 = CARTESIAN_POINT ( 'NONE',  ( 7.849999999999997868, -24.29999999999999716, -0.8999999999999791500 ) ) ;
#3515 = CIRCLE ( 'NONE', #2063, 30.99999999999997513 ) ;
#3516 = LINE ( 'NONE', #4, #2170 ) ;
#3517 = CARTESIAN_POINT ( 'NONE',  ( 16.50000000000000000, -16.49999999999999645, -17.50000000000000355 ) ) ;
#3518 = ORIENTED_EDGE ( 'NONE', *, *, #4454, .T. ) ;
#3519 = PRODUCT_RELATED_PRODUCT_CATEGORY ( 'part', '', ( #3571 ) ) ;
#3520 = ORIENTED_EDGE ( 'NONE', *, *, #3689, .T. ) ;
#3521 = CARTESIAN_POINT ( 'NONE',  ( 0.000000000000000000, 4.997689495292788342E-15, -16.98577027834449638 ) ) ;
#3522 = DIRECTION ( 'NONE',  ( -1.000000000000000000, 0.000000000000000000, 0.000000000000000000 ) ) ;
#3523 = DIRECTION ( 'NONE',  ( 1.000000000000000000, 0.000000000000000000, 0.000000000000000000 ) ) ;
#3524 = ORIENTED_EDGE ( 'NONE', *, *, #4039, .F. ) ;
#3525 = EDGE_LOOP ( 'NONE', ( #1242, #435, #46, #21 ) ) ;
#3526 = FACE_OUTER_BOUND ( 'NONE', #2337, .T. ) ;
#3527 = EDGE_CURVE ( 'NONE', #993, #1615, #589, .T. ) ;
#3528 = DIRECTION ( 'NONE',  ( -0.000000000000000000, 6.162975822039154730E-31, -1.000000000000000000 ) ) ;
#3529 = DIRECTION ( 'NONE',  ( 1.000000000000000000, 0.000000000000000000, 0.000000000000000000 ) ) ;
#3530 = VERTEX_POINT ( 'NONE', #3852 ) ;
#3531 = AXIS2_PLACEMENT_3D ( 'NONE', #36, #1126, #3201 ) ;
#3532 = CARTESIAN_POINT ( 'NONE',  ( -9.099999999999997868, -22.50000000000000000, 0.3500000000000100253 ) ) ;
#3533 = ORIENTED_EDGE ( 'NONE', *, *, #1387, .T. ) ;
#3534 = AXIS2_PLACEMENT_3D ( 'NONE', #658, #2109, #3522 ) ;
#3535 = PLANE ( 'NONE',  #3759 ) ;
#3536 = VECTOR ( 'NONE', #4340, 1000.000000000000000 ) ;
#3537 = CARTESIAN_POINT ( 'NONE',  ( 7.380487804878044678, -20.44036649973204689, -1.369512195121931786 ) ) ;
#3538 = PLANE ( 'NONE',  #3790 ) ;
#3539 = B_SPLINE_CURVE_WITH_KNOTS ( 'NONE', 3,
 ( #4243, #3506, #4220, #294 ),
 .UNSPECIFIED., .F., .F.,
 ( 4, 4 ),
 ( 4.443906512722159927E-18, 0.001714047318848883070 ),
 .UNSPECIFIED. ) ;
#3540 = DIRECTION ( 'NONE',  ( 1.000000000000000000, 0.000000000000000000, 0.000000000000000000 ) ) ;
#3541 = DIRECTION ( 'NONE',  ( 1.000000000000000000, 0.000000000000000000, 0.000000000000000000 ) ) ;
#3542 = EDGE_LOOP ( 'NONE', ( #3906, #770, #1939, #955 ) ) ;
#3543 = EDGE_LOOP ( 'NONE', ( #528, #4021, #3632, #1253, #4541, #1077, #1060, #4388 ) ) ;
#3544 = DIRECTION ( 'NONE',  ( -0.000000000000000000, 6.162975822039154730E-31, -1.000000000000000000 ) ) ;
#3545 = DIRECTION ( 'NONE',  ( 0.000000000000000000, -0.7071067811865475727, -0.7071067811865475727 ) ) ;
#3546 = EDGE_CURVE ( 'NONE', #2447, #1820, #1055, .T. ) ;
#3547 = ORIENTED_EDGE ( 'NONE', *, *, #1323, .T. ) ;
#3548 = AXIS2_PLACEMENT_3D ( 'NONE', #2751, #2443, #3262 ) ;
#3549 = LINE ( 'NONE', #1375, #676 ) ;
#3550 = EDGE_CURVE ( 'NONE', #237, #182, #2813, .T. ) ;
#3551 = CARTESIAN_POINT ( 'NONE',  ( -8.250000000000000000, -16.10000000000000142, -0.4999999999999752975 ) ) ;
#3552 = DIRECTION ( 'NONE',  ( 1.000000000000000000, 0.000000000000000000, 0.000000000000000000 ) ) ;
#3553 = AXIS2_PLACEMENT_3D ( 'NONE', #3059, #1985, #2680 ) ;
#3554 = ORIENTED_EDGE ( 'NONE', *, *, #537, .T. ) ;
#3555 = EDGE_CURVE ( 'NONE', #2294, #1591, #4544, .T. ) ;
#3556 = DIRECTION ( 'NONE',  ( 0.000000000000000000, -1.000000000000000000, -1.119176436114070071E-16 ) ) ;
#3557 = ORIENTED_EDGE ( 'NONE', *, *, #260, .T. ) ;
#3558 = LINE ( 'NONE', #4653, #3603 ) ;
#3559 = CARTESIAN_POINT ( 'NONE',  ( 7.557106781186544886, -24.29999999999999716, -1.192893218813428247 ) ) ;
#3560 = VECTOR ( 'NONE', #534, 1000.000000000000000 ) ;
#3561 = DIRECTION ( 'NONE',  ( -0.000000000000000000, -0.000000000000000000, 1.000000000000000000 ) ) ;
#3562 = ORIENTED_EDGE ( 'NONE', *, *, #4472, .T. ) ;
#3563 = ORIENTED_EDGE ( 'NONE', *, *, #27, .T. ) ;
#3564 = PLANE ( 'NONE',  #2988 ) ;
#3565 = EDGE_CURVE ( 'NONE', #1037, #836, #2502, .T. ) ;
#3566 = LINE ( 'NONE', #305, #1848 ) ;
#3567 = EDGE_CURVE ( 'NONE', #3019, #4204, #4232, .T. ) ;
#3568 = EDGE_LOOP ( 'NONE', ( #361, #2584, #3354, #3654 ) ) ;
#3569 = ADVANCED_FACE ( 'NONE', ( #3158 ), #4616, .T. ) ;
#3570 = CIRCLE ( 'NONE', #2350, 0.7500000000000006661 ) ;
#3571 = PRODUCT ( '01 - FSB - 1000 - Base', '01 - FSB - 1000 - Base', '', ( #4260 ) ) ;
#3572 = EDGE_CURVE ( 'NONE', #681, #4133, #3195, .T. ) ;
#3573 = CARTESIAN_POINT ( 'NONE',  ( -7.849999999999997868, -24.29999999999999716, -0.8999999999999770406 ) ) ;
#3574 = DIRECTION ( 'NONE',  ( 1.001334476201384943E-16, -0.7071067811865460184, -0.7071067811865491270 ) ) ;
#3575 = CARTESIAN_POINT ( 'NONE',  ( -7.349999999999997868, -24.80000000000000071, -1.399999999999971934 ) ) ;
#3576 = CARTESIAN_POINT ( 'NONE',  ( 30.95225575956422759, 1.719844002961225637, -13.64288448352115779 ) ) ;
#3577 = ORIENTED_EDGE ( 'NONE', *, *, #2849, .T. ) ;
#3578 = ADVANCED_FACE ( 'NONE', ( #2939 ), #3610, .T. ) ;
#3579 = DIRECTION ( 'NONE',  ( -0.000000000000000000, -0.000000000000000000, -1.000000000000000000 ) ) ;
#3580 = ORIENTED_EDGE ( 'NONE', *, *, #927, .F. ) ;
#3581 = CARTESIAN_POINT ( 'NONE',  ( 2.614672282429750805, -29.88584094275236325, -11.84288448352118372 ) ) ;
#3582 = CARTESIAN_POINT ( 'NONE',  ( -3.214697902507782446E-15, 1.537059521023065090E-15, -14.64288448352113470 ) ) ;
#3583 = CARTESIAN_POINT ( 'NONE',  ( 9.099999999999997868, -22.50000000000000000, -1.500000000000003109 ) ) ;
#3584 = VERTEX_POINT ( 'NONE', #394 ) ;
#3585 = ORIENTED_EDGE ( 'NONE', *, *, #282, .T. ) ;
#3586 = VECTOR ( 'NONE', #3949, 1000.000000000000000 ) ;
#3587 = CARTESIAN_POINT ( 'NONE',  ( -7.349999999999997868, -24.29999999999999716, -1.500000000000003109 ) ) ;
#3588 = CARTESIAN_POINT ( 'NONE',  ( 16.50000000000000000, -15.75000000000000000, -10.75064546427067391 ) ) ;
#3589 = ADVANCED_FACE ( 'NONE', ( #2176 ), #1794, .F. ) ;
#3590 = ORIENTED_EDGE ( 'NONE', *, *, #334, .T. ) ;
#3591 = CARTESIAN_POINT ( 'NONE',  ( -16.50000000000000000, -16.49999999999999645, -10.75064546427067391 ) ) ;
#3592 = CARTESIAN_POINT ( 'NONE',  ( -12.25000000000000000, -20.10000000000000142, 17.09999999999999787 ) ) ;
#3593 = FACE_OUTER_BOUND ( 'NONE', #23, .T. ) ;
#3594 = DIRECTION ( 'NONE',  ( 0.000000000000000000, 0.000000000000000000, 1.000000000000000000 ) ) ;
#3595 = ORIENTED_EDGE ( 'NONE', *, *, #4482, .F. ) ;
#3596 = CARTESIAN_POINT ( 'NONE',  ( 12.25000000000000000, -23.09999999999999787, 15.99999999999999645 ) ) ;
#3597 = ORIENTED_EDGE ( 'NONE', *, *, #2905, .F. ) ;
#3598 = COLOUR_RGB ( '',0.4980392156862745168, 0.4980392156862745168, 0.4980392156862745168 ) ;
#3599 = DIRECTION ( 'NONE',  ( 1.000000000000000000, 0.000000000000000000, 0.000000000000000000 ) ) ;
#3600 = VECTOR ( 'NONE', #1150, 1000.000000000000000 ) ;
#3601 = ORIENTED_EDGE ( 'NONE', *, *, #1853, .T. ) ;
#3602 = DIRECTION ( 'NONE',  ( -0.000000000000000000, -1.049697225128599695E-16, 1.000000000000000000 ) ) ;
#3603 = VECTOR ( 'NONE', #2859, 1000.000000000000000 ) ;
#3604 = CIRCLE ( 'NONE', #3983, 1.249999999999999334 ) ;
#3605 = PLANE ( 'NONE',  #3374 ) ;
#3606 = ORIENTED_EDGE ( 'NONE', *, *, #2826, .T. ) ;
#3607 = ORIENTED_EDGE ( 'NONE', *, *, #2638, .T. ) ;
#3608 = ADVANCED_FACE ( 'NONE', ( #2108 ), #3907, .F. ) ;
#3609 = AXIS2_PLACEMENT_3D ( 'NONE', #1595, #2668, #2357 ) ;
#3610 = CYLINDRICAL_SURFACE ( 'NONE', #862, 30.99999999999997513 ) ;
#3611 = CARTESIAN_POINT ( 'NONE',  ( 12.25000000000000000, -23.09999999999999787, 16.50000000000000000 ) ) ;
#3612 = ORIENTED_EDGE ( 'NONE', *, *, #3970, .F. ) ;
#3613 = DIRECTION ( 'NONE',  ( -0.000000000000000000, 6.162975822039154730E-31, -1.000000000000000000 ) ) ;
#3614 = CARTESIAN_POINT ( 'NONE',  ( 29.88584094275239522, -2.614672282429435057, -14.64288448352113825 ) ) ;
#3615 = DIRECTION ( 'NONE',  ( -1.247268898962840931E-45, -6.162975822039154730E-31, 1.000000000000000000 ) ) ;
#3616 = DIRECTION ( 'NONE',  ( 1.000000000000000000, 0.000000000000000000, -0.000000000000000000 ) ) ;
#3617 = VERTEX_POINT ( 'NONE', #724 ) ;
#3618 = CIRCLE ( 'NONE', #1865, 30.99999999999997513 ) ;
#3619 = DIRECTION ( 'NONE',  ( -0.000000000000000000, 6.162975822039154730E-31, -1.000000000000000000 ) ) ;
#3620 = ORIENTED_EDGE ( 'NONE', *, *, #3572, .T. ) ;
#3621 = AXIS2_PLACEMENT_3D ( 'NONE', #2985, #1275, #4446 ) ;
#3622 = DIRECTION ( 'NONE',  ( -1.000000000000000000, 0.000000000000000000, 0.000000000000000000 ) ) ;
#3623 = CARTESIAN_POINT ( 'NONE',  ( 30.00000000000000355, 3.207661716633900608E-13, -11.84288448352118017 ) ) ;
#3624 = EDGE_CURVE ( 'NONE', #4416, #4496, #4325, .T. ) ;
#3625 = EDGE_CURVE ( 'NONE', #3741, #4649, #3941, .T. ) ;
#3626 = EDGE_CURVE ( 'NONE', #3584, #3617, #2867, .T. ) ;
#3627 = VERTEX_POINT ( 'NONE', #1841 ) ;
#3628 = CYLINDRICAL_SURFACE ( 'NONE', #4634, 29.99999999999998579 ) ;
#3629 = ADVANCED_FACE ( 'NONE', ( #1058 ), #3564, .F. ) ;
#3630 = LINE ( 'NONE', #2220, #3834 ) ;
#3631 = ORIENTED_EDGE ( 'NONE', *, *, #625, .F. ) ;
#3632 = ORIENTED_EDGE ( 'NONE', *, *, #2288, .T. ) ;
#3633 = CARTESIAN_POINT ( 'NONE',  ( 16.50000000000000000, -16.49999999999999645, -10.30000000000000426 ) ) ;
#3634 = EDGE_CURVE ( 'NONE', #1359, #4304, #3636, .T. ) ;
#3635 = AXIS2_PLACEMENT_3D ( 'NONE', #4627, #3969, #2115 ) ;
#3636 = LINE ( 'NONE', #2531, #3064 ) ;
#3637 = FACE_OUTER_BOUND ( 'NONE', #4054, .T. ) ;
#3638 = ORIENTED_EDGE ( 'NONE', *, *, #2635, .F. ) ;
#3639 = CIRCLE ( 'NONE', #3838, 30.99999999999997513 ) ;
#3640 = CONICAL_SURFACE ( 'NONE', #2035, 1.250000000000001110, 0.7853981633974482790 ) ;
#3641 = DIRECTION ( 'NONE',  ( 0.000000000000000000, 1.000000000000000000, 0.000000000000000000 ) ) ;
#3642 = CARTESIAN_POINT ( 'NONE',  ( 2.314800596404742894, 30.24321410188994008, -14.31300677667248067 ) ) ;
#3643 = CARTESIAN_POINT ( 'NONE',  ( 1.719844002960906337, 30.95225575956424180, 17.50000000000000355 ) ) ;
#3644 = DIRECTION ( 'NONE',  ( -0.000000000000000000, 6.162975822039154730E-31, -1.000000000000000000 ) ) ;
#3645 = EDGE_LOOP ( 'NONE', ( #2681, #2316, #574, #477 ) ) ;
#3646 = CLOSED_SHELL ( 'NONE', ( #3114, #1812, #1305, #3935, #3698, #2679, #1385, #3901, #644, #1647, #24, #1175, #2778, #4351, #1435, #3210, #2352, #3831, #4498, #2019, #2397, #3209, #320, #1753, #2143, #2930, #2570, #2720, #825, #2944, #4563, #1028, #2574, #3313, #3751, #4267, #2409, #2104, #4061, #3448, #1974, #107, #105, #3876, #871, #4659, #1173, #69, #2780, #400, #397, #2595, #3272, #2310, #3050, #1380, #4117, #2489, #1088, #1462, #1273, #4328, #3608, #1084, #4390, #1026, #1131, #495, #3096, #546, #2902, #2438, #3653, #2687, #3420, #1845, #4017, #3338, #3323, #3784, #2291, #4207, #234, #2235, #515, #212, #659, #74, #2077, #845, #3365, #563, #2918, #462, #251, #1738, #3130, #1460, #2356, #1217, #3569, #2133, #3718, #2249, #190, #1991, #3656, #1962, #2791, #740, #2785, #2412, #884, #1930, #680, #3578, #2271, #989, #584, #684, #2060, #3131, #1140, #1737, #1177, #3629, #4557, #2982, #4280, #3446, #539, #867, #4603, #1357, #2016, #4434, #421, #1933, #1154, #2846, #3998, #3589, #297, #1266, #4501, #667, #191, #42, #2989, #4369, #427, #1584, #723, #2205, #3007, #3839, #2924, #3802, #1713, #188 ) ) ;
#3647 = AXIS2_PLACEMENT_3D ( 'NONE', #472, #2991, #90 ) ;
#3648 = CARTESIAN_POINT ( 'NONE',  ( 10.25000000000000178, -26.10000000000000142, 17.09999999999999787 ) ) ;
#3649 = VERTEX_POINT ( 'NONE', #2581 ) ;
#3650 = PLANE ( 'NONE',  #4219 ) ;
#3651 = CIRCLE ( 'NONE', #1592, 1.000000000000000888 ) ;
#3652 = CYLINDRICAL_SURFACE ( 'NONE', #2251, 1.000000000000000888 ) ;
#3653 = ADVANCED_FACE ( 'NONE', ( #3963 ), #3295, .F. ) ;
#3654 = ORIENTED_EDGE ( 'NONE', *, *, #230, .F. ) ;
#3655 = DIRECTION ( 'NONE',  ( 0.000000000000000000, -1.000000000000000000, -6.162975822039154730E-31 ) ) ;
#3656 = ADVANCED_FACE ( 'NONE', ( #2151 ), #3371, .F. ) ;
#3657 = DIRECTION ( 'NONE',  ( -1.000000000000000000, 0.000000000000000000, 0.000000000000000000 ) ) ;
#3658 = ORIENTED_EDGE ( 'NONE', *, *, #948, .T. ) ;
#3659 = VERTEX_POINT ( 'NONE', #2487 ) ;
#3660 = CONICAL_SURFACE ( 'NONE', #4341, 0.9999999999999991118, 0.7853981633974504994 ) ;
#3661 = DIRECTION ( 'NONE',  ( -0.000000000000000000, -0.000000000000000000, 1.000000000000000000 ) ) ;
#3662 = CARTESIAN_POINT ( 'NONE',  ( -9.393428069454502705, -19.70757105209086646, 16.24342806945452011 ) ) ;
#3663 = VECTOR ( 'NONE', #1739, 1000.000000000000000 ) ;
#3664 = DIRECTION ( 'NONE',  ( 0.000000000000000000, -1.000000000000000000, -9.912705577010330480E-17 ) ) ;
#3665 = VERTEX_POINT ( 'NONE', #1771 ) ;
#3666 = CYLINDRICAL_SURFACE ( 'NONE', #2809, 11.09999999999999964 ) ;
#3667 = CARTESIAN_POINT ( 'NONE',  ( 30.59860519837241810, -2.016592058422292943, -13.97952713693881854 ) ) ;
#3668 = CARTESIAN_POINT ( 'NONE',  ( -10.25000000000000178, -27.10000000000000497, 17.49999999999999645 ) ) ;
#3669 = EDGE_LOOP ( 'NONE', ( #1137, #544, #106, #538 ) ) ;
#3670 = CARTESIAN_POINT ( 'NONE',  ( 7.806188013644372425, -22.50000000000000000, -7.000000000000002665 ) ) ;
#3671 = EDGE_CURVE ( 'NONE', #182, #237, #783, .T. ) ;
#3672 = ORIENTED_EDGE ( 'NONE', *, *, #4058, .F. ) ;
#3673 = CYLINDRICAL_SURFACE ( 'NONE', #4604, 1.000000000000000888 ) ;
#3674 = DIRECTION ( 'NONE',  ( 0.000000000000000000, 0.000000000000000000, 1.000000000000000000 ) ) ;
#3675 = EDGE_LOOP ( 'NONE', ( #3507, #4621, #765, #2816 ) ) ;
#3676 = CARTESIAN_POINT ( 'NONE',  ( -29.88584094275235614, -2.614672282429853833, -11.84288448352118017 ) ) ;
#3677 = ORIENTED_EDGE ( 'NONE', *, *, #1437, .F. ) ;
#3678 = CARTESIAN_POINT ( 'NONE',  ( -7.349999999999995204, -24.29999999999999361, -7.200000000000002842 ) ) ;
#3679 = VERTEX_POINT ( 'NONE', #657 ) ;
#3680 = VERTEX_POINT ( 'NONE', #1461 ) ;
#3681 = DIRECTION ( 'NONE',  ( -0.7071067811865450192, 8.659560562354902043E-17, 0.7071067811865500152 ) ) ;
#3682 = CIRCLE ( 'NONE', #1773, 0.6000000000000033085 ) ;
#3683 = LINE ( 'NONE', #908, #3600 ) ;
#3684 = AXIS2_PLACEMENT_3D ( 'NONE', #944, #1392, #2471 ) ;
#3685 = PLANE ( 'NONE',  #2615 ) ;
#3686 = ORIENTED_EDGE ( 'NONE', *, *, #1096, .F. ) ;
#3687 = EDGE_LOOP ( 'NONE', ( #379, #4221, #4399, #1814 ) ) ;
#3688 = CARTESIAN_POINT ( 'NONE',  ( -7.349999999999997868, -24.80000000000000071, -1.500000000000003109 ) ) ;
#3689 = EDGE_CURVE ( 'NONE', #410, #1664, #4704, .T. ) ;
#3690 = DIRECTION ( 'NONE',  ( 0.000000000000000000, 0.000000000000000000, 1.000000000000000000 ) ) ;
#3691 = DIRECTION ( 'NONE',  ( 1.398970545142587034E-16, -1.000000000000000000, 0.000000000000000000 ) ) ;
#3692 = ORIENTED_EDGE ( 'NONE', *, *, #4581, .F. ) ;
#3693 = CARTESIAN_POINT ( 'NONE',  ( 0.000000000000000000, 5.051668046482831961E-15, -17.50000000000000000 ) ) ;
#3694 = ORIENTED_EDGE ( 'NONE', *, *, #3422, .T. ) ;
#3695 = EDGE_CURVE ( 'NONE', #720, #4681, #3224, .T. ) ;
#3696 = DIRECTION ( 'NONE',  ( -1.000000000000000000, -1.416100796715760863E-16, -1.486477076814933460E-32 ) ) ;
#3697 = CARTESIAN_POINT ( 'NONE',  ( 13.00000000000000000, -23.09999999999999787, 9.750645464270666807 ) ) ;
#3698 = ADVANCED_FACE ( 'NONE', ( #14 ), #705, .T. ) ;
#3699 = ORIENTED_EDGE ( 'NONE', *, *, #4128, .T. ) ;
#3700 = DIRECTION ( 'NONE',  ( -0.000000000000000000, -1.049697225128599695E-16, 1.000000000000000000 ) ) ;
#3701 = DIRECTION ( 'NONE',  ( 0.000000000000000000, 0.000000000000000000, 1.000000000000000000 ) ) ;
#3702 = DIRECTION ( 'NONE',  ( -2.797941090285174069E-16, 1.000000000000000000, 0.000000000000000000 ) ) ;
#3703 = DIRECTION ( 'NONE',  ( 0.000000000000000000, -1.049697225128599695E-16, 1.000000000000000000 ) ) ;
#3704 = LINE ( 'NONE', #772, #935 ) ;
#3705 = FACE_OUTER_BOUND ( 'NONE', #4488, .T. ) ;
#3706 = ORIENTED_EDGE ( 'NONE', *, *, #2371, .T. ) ;
#3707 = EDGE_LOOP ( 'NONE', ( #1216, #254 ) ) ;
#3708 = VECTOR ( 'NONE', #3466, 1000.000000000000114 ) ;
#3709 = FACE_OUTER_BOUND ( 'NONE', #3095, .T. ) ;
#3710 = EDGE_CURVE ( 'NONE', #870, #1066, #1401, .T. ) ;
#3711 = EDGE_CURVE ( 'NONE', #182, #2601, #4034, .T. ) ;
#3712 = CARTESIAN_POINT ( 'NONE',  ( 12.25000000000000000, -23.09999999999999787, 16.49999999999999645 ) ) ;
#3713 = CONICAL_SURFACE ( 'NONE', #4246, 30.99999999999997513, 0.7853981633974466137 ) ;
#3714 = VECTOR ( 'NONE', #4636, 1000.000000000000000 ) ;
#3715 = EDGE_CURVE ( 'NONE', #4002, #513, #3704, .T. ) ;
#3716 = DIRECTION ( 'NONE',  ( 0.000000000000000000, 0.000000000000000000, 1.000000000000000000 ) ) ;
#3717 = ORIENTED_EDGE ( 'NONE', *, *, #4163, .F. ) ;
#3718 = ADVANCED_FACE ( 'NONE', ( #3342 ), #2276, .T. ) ;
#3719 = CARTESIAN_POINT ( 'NONE',  ( 7.349999999999996092, -20.19532343512947747, -1.500000000000003109 ) ) ;
#3720 = EDGE_LOOP ( 'NONE', ( #3006, #2110, #675, #2553 ) ) ;
#3721 = CARTESIAN_POINT ( 'NONE',  ( 8.349999999999996092, -20.19532343512947747, 17.49999999999999645 ) ) ;
#3722 = LINE ( 'NONE', #2623, #805 ) ;
#3723 = VECTOR ( 'NONE', #1108, 1000.000000000000000 ) ;
#3724 = ORIENTED_EDGE ( 'NONE', *, *, #1005, .T. ) ;
#3725 = LINE ( 'NONE', #30, #2566 ) ;
#3726 = LINE ( 'NONE', #4053, #110 ) ;
#3727 = EDGE_LOOP ( 'NONE', ( #3524, #4641 ) ) ;
#3728 = DIRECTION ( 'NONE',  ( 0.000000000000000000, 1.000000000000000000, 1.119176436114070071E-16 ) ) ;
#3729 = DIRECTION ( 'NONE',  ( 0.000000000000000000, 1.000000000000000000, 0.000000000000000000 ) ) ;
#3730 = DIRECTION ( 'NONE',  ( -0.000000000000000000, -1.049697225128599695E-16, 1.000000000000000000 ) ) ;
#3731 = AXIS2_PLACEMENT_3D ( 'NONE', #1474, #780, #2712 ) ;
#3732 = EDGE_LOOP ( 'NONE', ( #3930, #4256, #1551, #3986, #2425, #2916, #3379, #1995 ) ) ;
#3733 = ORIENTED_EDGE ( 'NONE', *, *, #4274, .T. ) ;
#3734 = CIRCLE ( 'NONE', #619, 3.400000000000000355 ) ;
#3735 = DIRECTION ( 'NONE',  ( 0.000000000000000000, -0.000000000000000000, -1.000000000000000000 ) ) ;
#3736 = ORIENTED_EDGE ( 'NONE', *, *, #4333, .T. ) ;
#3737 = EDGE_CURVE ( 'NONE', #16, #3445, #259, .T. ) ;
#3738 = CARTESIAN_POINT ( 'NONE',  ( -16.50000000000000000, 15.75000000000000711, -17.50000000000000355 ) ) ;
#3739 = AXIS2_PLACEMENT_3D ( 'NONE', #2365, #1195, #4491 ) ;
#3740 = CYLINDRICAL_SURFACE ( 'NONE', #2059, 38.76880897422125827 ) ;
#3741 = VERTEX_POINT ( 'NONE', #442 ) ;
#3742 = CARTESIAN_POINT ( 'NONE',  ( -8.349999999999996092, -20.19532343512947747, 17.49999999999999645 ) ) ;
#3743 = VERTEX_POINT ( 'NONE', #3437 ) ;
#3744 = FACE_OUTER_BOUND ( 'NONE', #169, .T. ) ;
#3745 = DIRECTION ( 'NONE',  ( -0.000000000000000000, 6.162975822039154730E-31, -1.000000000000000000 ) ) ;
#3746 = VERTEX_POINT ( 'NONE', #4532 ) ;
#3747 = CARTESIAN_POINT ( 'NONE',  ( 16.50000000000000000, -16.49999999999999645, -17.50000000000000355 ) ) ;
#3748 = DIRECTION ( 'NONE',  ( -1.000000000000000000, -1.416100796715760863E-16, -1.486477076814933460E-32 ) ) ;
#3749 = VERTEX_POINT ( 'NONE', #2226 ) ;
#3750 = CARTESIAN_POINT ( 'NONE',  ( 16.50000000000000000, -16.49999999999999645, -17.50000000000000355 ) ) ;
#3751 = ADVANCED_FACE ( 'NONE', ( #3317 ), #1667, .F. ) ;
#3752 = CARTESIAN_POINT ( 'NONE',  ( 7.349999999999996980, -16.10000000000000142, -7.000000000000002665 ) ) ;
#3753 = EDGE_LOOP ( 'NONE', ( #1768, #978, #521, #3183, #4076, #1394, #242, #2931 ) ) ;
#3754 = VERTEX_POINT ( 'NONE', #4420 ) ;
#3755 = EDGE_CURVE ( 'NONE', #618, #151, #3683, .T. ) ;
#3756 = CONICAL_SURFACE ( 'NONE', #103, 1.099999999999989875, 0.7853981633974541632 ) ;
#3757 = CIRCLE ( 'NONE', #2842, 1.000000000000000888 ) ;
#3758 = CARTESIAN_POINT ( 'NONE',  ( -9.250000000000001776, -29.10000000000000497, 17.09999999999999787 ) ) ;
#3759 = AXIS2_PLACEMENT_3D ( 'NONE', #272, #2646, #4456 ) ;
#3760 = DIRECTION ( 'NONE',  ( 0.000000000000000000, -1.000000000000000000, -1.119176436114070071E-16 ) ) ;
#3761 = CARTESIAN_POINT ( 'NONE',  ( -11.09999999999999964, -4.776121969214778932E-16, 17.09999999999996945 ) ) ;
#3762 = VERTEX_POINT ( 'NONE', #173 ) ;
#3763 = DIRECTION ( 'NONE',  ( -0.000000000000000000, 6.162975822039154730E-31, -1.000000000000000000 ) ) ;
#3764 = ORIENTED_EDGE ( 'NONE', *, *, #3914, .F. ) ;
#3765 = CARTESIAN_POINT ( 'NONE',  ( -9.649999999999989697, 4.167741349062093992E-15, 17.49999999999999645 ) ) ;
#3766 = ORIENTED_EDGE ( 'NONE', *, *, #1323, .F. ) ;
#3767 = ORIENTED_EDGE ( 'NONE', *, *, #3212, .F. ) ;
#3768 = CARTESIAN_POINT ( 'NONE',  ( 9.650000000000002132, -1.727903673195002322E-17, 17.49999999999999645 ) ) ;
#3769 = ORIENTED_EDGE ( 'NONE', *, *, #260, .F. ) ;
#3770 = EDGE_CURVE ( 'NONE', #2015, #2395, #4084, .T. ) ;
#3771 = CARTESIAN_POINT ( 'NONE',  ( 12.25000000000000000, -23.09999999999999787, 16.49999999999999645 ) ) ;
#3772 = EDGE_CURVE ( 'NONE', #4692, #327, #1163, .T. ) ;
#3773 = DIRECTION ( 'NONE',  ( -0.6427876096865264843, -0.7660444431189887826, -8.041147262671860022E-17 ) ) ;
#3774 = EDGE_CURVE ( 'NONE', #2431, #3530, #4085, .T. ) ;
#3775 = ORIENTED_EDGE ( 'NONE', *, *, #4041, .T. ) ;
#3776 = AXIS2_PLACEMENT_3D ( 'NONE', #1618, #3094, #4552 ) ;
#3777 = EDGE_CURVE ( 'NONE', #2039, #3311, #509, .T. ) ;
#3778 = DIRECTION ( 'NONE',  ( -0.000000000000000000, 6.162975822039154730E-31, -1.000000000000000000 ) ) ;
#3779 = CIRCLE ( 'NONE', #2102, 38.36880897422129522 ) ;
#3780 = LINE ( 'NONE', #2345, #4233 ) ;
#3781 = VERTEX_POINT ( 'NONE', #1269 ) ;
#3782 = VECTOR ( 'NONE', #1340, 1000.000000000000000 ) ;
#3783 = EDGE_LOOP ( 'NONE', ( #385, #987, #4464 ) ) ;
#3784 = ADVANCED_FACE ( 'NONE', ( #4172 ), #2001, .F. ) ;
#3785 = DIRECTION ( 'NONE',  ( -1.000000000000000000, 0.000000000000000000, 0.000000000000000000 ) ) ;
#3786 = DIRECTION ( 'NONE',  ( 2.051189749233279268E-16, -1.000000000000000000, -4.942395542527908537E-16 ) ) ;
#3787 = DIRECTION ( 'NONE',  ( -0.000000000000000000, -1.049697225128599695E-16, 1.000000000000000000 ) ) ;
#3788 = ORIENTED_EDGE ( 'NONE', *, *, #375, .F. ) ;
#3789 = DIRECTION ( 'NONE',  ( 1.000000000000000000, 0.000000000000000000, 0.000000000000000000 ) ) ;
#3790 = AXIS2_PLACEMENT_3D ( 'NONE', #2076, #652, #1386 ) ;
#3791 = DIRECTION ( 'NONE',  ( -1.000000000000000000, 0.000000000000000000, 0.000000000000000000 ) ) ;
#3792 = ORIENTED_EDGE ( 'NONE', *, *, #1566, .T. ) ;
#3793 = VERTEX_POINT ( 'NONE', #2250 ) ;
#3794 = CARTESIAN_POINT ( 'NONE',  ( -4.375000000000000000, -24.29999999999999361, -7.200000000000001954 ) ) ;
#3795 = EDGE_LOOP ( 'NONE', ( #2865, #3321, #79, #4197 ) ) ;
#3796 = DIRECTION ( 'NONE',  ( 0.000000000000000000, -6.162975822039154730E-31, 1.000000000000000000 ) ) ;
#3797 = EDGE_CURVE ( 'NONE', #3746, #1117, #4556, .T. ) ;
#3798 = LINE ( 'NONE', #3819, #1904 ) ;
#3799 = DIRECTION ( 'NONE',  ( 1.000000000000000000, 0.000000000000000000, 0.000000000000000000 ) ) ;
#3800 = VECTOR ( 'NONE', #1491, 1000.000000000000114 ) ;
#3801 = CARTESIAN_POINT ( 'NONE',  ( -7.380487804878045566, -20.44036649973204689, -1.369512195121926679 ) ) ;
#3802 = ADVANCED_FACE ( 'NONE', ( #4198 ), #930, .F. ) ;
#3803 = CARTESIAN_POINT ( 'NONE',  ( 30.95225575956426667, -1.719844002960563500, -12.84288448352115886 ) ) ;
#3804 = ORIENTED_EDGE ( 'NONE', *, *, #4124, .T. ) ;
#3805 = VERTEX_POINT ( 'NONE', #1691 ) ;
#3806 = DIRECTION ( 'NONE',  ( -1.338943373472763122E-15, 2.221120887948702532E-16, -1.000000000000000000 ) ) ;
#3807 = CYLINDRICAL_SURFACE ( 'NONE', #1249, 29.99999999999998579 ) ;
#3808 = EDGE_LOOP ( 'NONE', ( #2888, #2752, #3766, #1482 ) ) ;
#3809 = CARTESIAN_POINT ( 'NONE',  ( 3.673940397442057600E-15, 29.99999999999998579, -9.499998688697816718 ) ) ;
#3810 = FACE_OUTER_BOUND ( 'NONE', #647, .T. ) ;
#3811 = CARTESIAN_POINT ( 'NONE',  ( 12.25000000000000000, -20.09999999999999787, 17.09999999999999787 ) ) ;
#3812 = ORIENTED_EDGE ( 'NONE', *, *, #4438, .T. ) ;
#3813 = AXIS2_PLACEMENT_3D ( 'NONE', #4200, #840, #3748 ) ;
#3814 = EDGE_CURVE ( 'NONE', #660, #1987, #640, .T. ) ;
#3815 = DIRECTION ( 'NONE',  ( 1.000000000000000000, 0.000000000000000000, 0.000000000000000000 ) ) ;
#3816 = ORIENTED_EDGE ( 'NONE', *, *, #3955, .F. ) ;
#3817 = CARTESIAN_POINT ( 'NONE',  ( 2.016592058422626454, -30.59860519837238613, -13.97952713693882743 ) ) ;
#3818 = LINE ( 'NONE', #1338, #1546 ) ;
#3819 = CARTESIAN_POINT ( 'NONE',  ( 11.09999999999999964, -1.836970143975040049E-15, -7.500000000000007105 ) ) ;
#3820 = DIRECTION ( 'NONE',  ( -0.000000000000000000, -0.000000000000000000, -1.000000000000000000 ) ) ;
#3821 = DIRECTION ( 'NONE',  ( 1.000000000000000000, 0.000000000000000000, 0.000000000000000000 ) ) ;
#3822 = CARTESIAN_POINT ( 'NONE',  ( 12.25000000000000000, -20.09999999999999787, 16.49999999999999645 ) ) ;
#3823 = VERTEX_POINT ( 'NONE', #956 ) ;
#3824 = EDGE_LOOP ( 'NONE', ( #4141, #2156, #2936, #358 ) ) ;
#3825 = DIRECTION ( 'NONE',  ( 0.000000000000000000, 1.049697225128599695E-16, -1.000000000000000000 ) ) ;
#3826 = AXIS2_PLACEMENT_3D ( 'NONE', #3430, #167, #3503 ) ;
#3827 = EDGE_CURVE ( 'NONE', #271, #4065, #3508, .T. ) ;
#3828 = LINE ( 'NONE', #1232, #2418 ) ;
#3829 = VECTOR ( 'NONE', #3681, 1000.000000000000000 ) ;
#3830 = ORIENTED_EDGE ( 'NONE', *, *, #1810, .F. ) ;
#3831 = ADVANCED_FACE ( 'NONE', ( #2049 ), #245, .F. ) ;
#3832 = CARTESIAN_POINT ( 'NONE',  ( -9.250000000000001776, -27.10000000000000497, 16.10000000000001208 ) ) ;
#3833 = AXIS2_PLACEMENT_3D ( 'NONE', #2568, #1924, #3696 ) ;
#3834 = VECTOR ( 'NONE', #1813, 1000.000000000000114 ) ;
#3835 = AXIS2_PLACEMENT_3D ( 'NONE', #4063, #15, #3664 ) ;
#3836 = FACE_OUTER_BOUND ( 'NONE', #4696, .T. ) ;
#3837 = ORIENTED_EDGE ( 'NONE', *, *, #764, .T. ) ;
#3838 = AXIS2_PLACEMENT_3D ( 'NONE', #1968, #1589, #3760 ) ;
#3839 = ADVANCED_FACE ( 'NONE', ( #4033 ), #2465, .F. ) ;
#3840 = DIRECTION ( 'NONE',  ( 1.000000000000000000, 1.416100796715760617E-16, -0.000000000000000000 ) ) ;
#3841 = EDGE_LOOP ( 'NONE', ( #1700, #2636, #2244 ) ) ;
#3842 = DIRECTION ( 'NONE',  ( 1.486829979814183761E-16, 0.7071067811865490160, -0.7071067811865461294 ) ) ;
#3843 = CARTESIAN_POINT ( 'NONE',  ( 9.250000000000001776, -27.10000000000000142, -7.000000000000002665 ) ) ;
#3844 =( BOUNDED_CURVE ( )  B_SPLINE_CURVE ( 3, ( #1316, #3465, #4609, #1982 ),
 .UNSPECIFIED., .F., .T. ) 
 B_SPLINE_CURVE_WITH_KNOTS ( ( 4, 4 ),
 ( 0.4217449540863569268, 1.570796326794896780 ),
 .UNSPECIFIED. ) 
 CURVE ( )  GEOMETRIC_REPRESENTATION_ITEM ( )  RATIONAL_B_SPLINE_CURVE ( ( 1.000000000000000000, 0.8929667708501605183, 0.8929667708501605183, 1.000000000000000000 ) ) 
 REPRESENTATION_ITEM ( '' )  );
#3845 = CARTESIAN_POINT ( 'NONE',  ( 0.000000000000000000, 30.99999999999997868, -12.84288448352115530 ) ) ;
#3846 = DIRECTION ( 'NONE',  ( -0.000000000000000000, -0.000000000000000000, -1.000000000000000000 ) ) ;
#3847 = CARTESIAN_POINT ( 'NONE',  ( 0.000000000000000000, -1.836970143975040049E-15, 2.499999999999887645 ) ) ;
#3848 = CARTESIAN_POINT ( 'NONE',  ( -8.250000000000000000, -15.69999999999999929, 17.49999999999999645 ) ) ;
#3849 = ORIENTED_EDGE ( 'NONE', *, *, #2783, .F. ) ;
#3850 = CONICAL_SURFACE ( 'NONE', #3163, 11.09999999999999964, 0.7853981633974591592 ) ;
#3851 = ORIENTED_EDGE ( 'NONE', *, *, #480, .F. ) ;
#3852 = CARTESIAN_POINT ( 'NONE',  ( 1.719844002960906559, -30.95225575956424890, -13.64288448352116134 ) ) ;
#3853 = CIRCLE ( 'NONE', #351, 0.9999999999999983347 ) ;
#3854 = LINE ( 'NONE', #617, #4522 ) ;
#3855 = VERTEX_POINT ( 'NONE', #35 ) ;
#3856 = EDGE_CURVE ( 'NONE', #1117, #847, #817, .T. ) ;
#3857 = DIRECTION ( 'NONE',  ( -0.000000000000000000, -0.000000000000000000, -1.000000000000000000 ) ) ;
#3858 = EDGE_CURVE ( 'NONE', #2577, #3266, #83, .T. ) ;
#3859 = DIRECTION ( 'NONE',  ( -0.000000000000000000, -0.000000000000000000, 1.000000000000000000 ) ) ;
#3860 = EDGE_LOOP ( 'NONE', ( #3677, #968, #381, #2023 ) ) ;
#3861 = AXIS2_PLACEMENT_3D ( 'NONE', #248, #3217, #1025 ) ;
#3862 = FACE_OUTER_BOUND ( 'NONE', #333, .T. ) ;
#3863 = ORIENTED_EDGE ( 'NONE', *, *, #1997, .F. ) ;
#3864 = DIRECTION ( 'NONE',  ( -1.171423662820243106E-16, -1.233973650959901871E-15, -1.000000000000000000 ) ) ;
#3865 = PRODUCT_DEFINITION ( 'UNKNOWN', '', #849, #3424 ) ;
#3866 = DIRECTION ( 'NONE',  ( 1.000000000000000000, 0.000000000000000000, 0.000000000000000000 ) ) ;
#3867 = CIRCLE ( 'NONE', #2111, 0.7500000000000006661 ) ;
#3868 = VECTOR ( 'NONE', #482, 1000.000000000000000 ) ;
#3869 = CARTESIAN_POINT ( 'NONE',  ( -12.25000000000000000, -23.10000000000000142, 9.750645464270666807 ) ) ;
#3870 = CARTESIAN_POINT ( 'NONE',  ( -7.349999999999996092, -18.09999999999999787, -7.000000000000002665 ) ) ;
#3871 =( BOUNDED_CURVE ( )  B_SPLINE_CURVE ( 3, ( #3801, #4584, #3194, #2053 ),
 .UNSPECIFIED., .F., .T. ) 
 B_SPLINE_CURVE_WITH_KNOTS ( ( 4, 4 ),
 ( 6.035621196059742566, 6.283185307179586232 ),
 .UNSPECIFIED. ) 
 CURVE ( )  GEOMETRIC_REPRESENTATION_ITEM ( )  RATIONAL_B_SPLINE_CURVE ( ( 1.000000000000000000, 0.9948991854552264869, 0.9948991854552264869, 1.000000000000000000 ) ) 
 REPRESENTATION_ITEM ( '' )  );
#3872 = CARTESIAN_POINT ( 'NONE',  ( -11.09999999999999964, -4.776121969214778932E-16, 17.09999999999996945 ) ) ;
#3873 = DIRECTION ( 'NONE',  ( 1.000000000000000000, 0.000000000000000000, 0.000000000000000000 ) ) ;
#3874 = ORIENTED_EDGE ( 'NONE', *, *, #2571, .T. ) ;
#3875 = ORIENTED_EDGE ( 'NONE', *, *, #170, .T. ) ;
#3876 = ADVANCED_FACE ( 'NONE', ( #4373 ), #771, .F. ) ;
#3877 = CARTESIAN_POINT ( 'NONE',  ( 8.250000000000001776, -30.09999999999999787, -7.000000000000002665 ) ) ;
#3878 = DIRECTION ( 'NONE',  ( -0.000000000000000000, 1.049697225128599695E-16, -1.000000000000000000 ) ) ;
#3879 =( NAMED_UNIT ( * ) PLANE_ANGLE_UNIT ( ) SI_UNIT ( $, .RADIAN. ) );
#3880 = VERTEX_POINT ( 'NONE', #2556 ) ;
#3881 = ORIENTED_EDGE ( 'NONE', *, *, #3193, .F. ) ;
#3882 = CARTESIAN_POINT ( 'NONE',  ( -16.50000000000000000, -17.24999999999999289, -10.75064546427067391 ) ) ;
#3883 = DIRECTION ( 'NONE',  ( 0.7071067811865490160, -2.044391222244502795E-16, 0.7071067811865461294 ) ) ;
#3884 = ORIENTED_EDGE ( 'NONE', *, *, #2724, .F. ) ;
#3885 = AXIS2_PLACEMENT_3D ( 'NONE', #4631, #2118, #2834 ) ;
#3886 = EDGE_CURVE ( 'NONE', #3404, #3048, #2224, .T. ) ;
#3887 = CARTESIAN_POINT ( 'NONE',  ( 9.099999999999997868, -22.50000000000000000, -7.000000000000002665 ) ) ;
#3888 = ORIENTED_EDGE ( 'NONE', *, *, #256, .F. ) ;
#3889 = AXIS2_PLACEMENT_3D ( 'NONE', #3190, #3146, #1403 ) ;
#3890 = FACE_BOUND ( 'NONE', #1785, .T. ) ;
#3891 = AXIS2_PLACEMENT_3D ( 'NONE', #2664, #71, #3350 ) ;
#3892 = DIRECTION ( 'NONE',  ( 1.000000000000000000, 0.000000000000000000, 0.000000000000000000 ) ) ;
#3893 = CARTESIAN_POINT ( 'NONE',  ( -2.614672282429749917, 29.88584094275235614, -14.64288448352113114 ) ) ;
#3894 = LINE ( 'NONE', #3848, #578 ) ;
#3895 = CARTESIAN_POINT ( 'NONE',  ( -12.25000000000000000, -23.10000000000000142, 16.50000000000000000 ) ) ;
#3896 = ORIENTED_EDGE ( 'NONE', *, *, #4517, .F. ) ;
#3897 = EDGE_LOOP ( 'NONE', ( #356, #2106, #3736, #39 ) ) ;
#3898 = EDGE_CURVE ( 'NONE', #3793, #3162, #1484, .T. ) ;
#3899 = DIRECTION ( 'NONE',  ( -1.000000000000000000, -1.416100796715760863E-16, -1.486477076814933460E-32 ) ) ;
#3900 = DIRECTION ( 'NONE',  ( -0.000000000000000000, -0.000000000000000000, -1.000000000000000000 ) ) ;
#3901 = ADVANCED_FACE ( 'NONE', ( #1863 ), #1620, .T. ) ;
#3902 = ORIENTED_EDGE ( 'NONE', *, *, #4303, .F. ) ;
#3903 = CARTESIAN_POINT ( 'NONE',  ( -30.59860519837238968, -2.016592058422733036, -12.50624183010349810 ) ) ;
#3904 = FACE_OUTER_BOUND ( 'NONE', #1454, .T. ) ;
#3905 = FACE_OUTER_BOUND ( 'NONE', #3412, .T. ) ;
#3906 = ORIENTED_EDGE ( 'NONE', *, *, #3476, .F. ) ;
#3907 = CONICAL_SURFACE ( 'NONE', #1846, 1.249999999999999334, 0.7853981633974466137 ) ;
#3908 = FACE_OUTER_BOUND ( 'NONE', #2066, .T. ) ;
#3909 = ORIENTED_EDGE ( 'NONE', *, *, #599, .F. ) ;
#3910 = CIRCLE ( 'NONE', #3534, 1.000000000000000000 ) ;
#3911 = CARTESIAN_POINT ( 'NONE',  ( -9.250000000000001776, -27.10000000000000497, 16.10000000000001208 ) ) ;
#3912 = CARTESIAN_POINT ( 'NONE',  ( -8.250000000000000000, -16.10000000000000142, 17.09999999999999787 ) ) ;
#3913 = CARTESIAN_POINT ( 'NONE',  ( -1.719844002960904561, 30.95225575956424535, -12.84288448352115530 ) ) ;
#3914 = EDGE_CURVE ( 'NONE', #2084, #3461, #749, .T. ) ;
#3915 = EDGE_CURVE ( 'NONE', #475, #4455, #4431, .T. ) ;
#3916 = EDGE_CURVE ( 'NONE', #830, #4658, #2530, .T. ) ;
#3917 = DIRECTION ( 'NONE',  ( 0.000000000000000000, 1.000000000000000000, 1.156482317317871478E-16 ) ) ;
#3918 = VERTEX_POINT ( 'NONE', #795 ) ;
#3919 = ORIENTED_EDGE ( 'NONE', *, *, #304, .T. ) ;
#3920 = EDGE_CURVE ( 'NONE', #271, #952, #2232, .T. ) ;
#3921 = DIRECTION ( 'NONE',  ( -0.7071067811865512365, 0.000000000000000000, -0.7071067811865439090 ) ) ;
#3922 = CARTESIAN_POINT ( 'NONE',  ( 7.380487804878043789, -21.95963350026795524, 17.49999999999999645 ) ) ;
#3923 = EDGE_CURVE ( 'NONE', #1637, #804, #4394, .T. ) ;
#3924 = ORIENTED_EDGE ( 'NONE', *, *, #392, .T. ) ;
#3925 = CIRCLE ( 'NONE', #1182, 38.76880897422125827 ) ;
#3926 = LINE ( 'NONE', #4288, #4485 ) ;
#3927 = CARTESIAN_POINT ( 'NONE',  ( 12.25000000000000000, -23.09999999999999787, 16.49999999999999645 ) ) ;
#3928 = DIRECTION ( 'NONE',  ( 0.000000000000000000, 1.000000000000000000, 1.156482317317871478E-16 ) ) ;
#3929 = DIRECTION ( 'NONE',  ( -1.000000000000000000, -1.047444401652939849E-14, 0.000000000000000000 ) ) ;
#3930 = ORIENTED_EDGE ( 'NONE', *, *, #2493, .T. ) ;
#3931 = DIRECTION ( 'NONE',  ( 0.000000000000000000, 0.7071067811865474617, -0.7071067811865474617 ) ) ;
#3932 = ORIENTED_EDGE ( 'NONE', *, *, #1870, .T. ) ;
#3933 = CARTESIAN_POINT ( 'NONE',  ( -10.25000000000000178, -26.10000000000000497, 16.49999999999999645 ) ) ;
#3934 = DIRECTION ( 'NONE',  ( -0.000000000000000000, -0.000000000000000000, 1.000000000000000000 ) ) ;
#3935 = ADVANCED_FACE ( 'NONE', ( #393 ), #3756, .F. ) ;
#3936 = CONICAL_SURFACE ( 'NONE', #363, 30.99999999999997513, 0.7853981633974466137 ) ;
#3937 = AXIS2_PLACEMENT_3D ( 'NONE', #3750, #1936, #1630 ) ;
#3938 = DIRECTION ( 'NONE',  ( -0.000000000000000000, -0.000000000000000000, 1.000000000000000000 ) ) ;
#3939 = VERTEX_POINT ( 'NONE', #2275 ) ;
#3940 = ORIENTED_EDGE ( 'NONE', *, *, #3025, .T. ) ;
#3941 = LINE ( 'NONE', #347, #3978 ) ;
#3942 = FACE_OUTER_BOUND ( 'NONE', #3897, .T. ) ;
#3943 = CONICAL_SURFACE ( 'NONE', #1811, 38.36880897422129522, 0.7853981633974482790 ) ;
#3944 = EDGE_LOOP ( 'NONE', ( #3140, #3090, #1600, #2753 ) ) ;
#3945 = AXIS2_PLACEMENT_3D ( 'NONE', #3347, #2707, #4161 ) ;
#3946 = CARTESIAN_POINT ( 'NONE',  ( -7.349999999999993427, -22.12194376045764344, -1.399999999999977041 ) ) ;
#3947 = PLANE ( 'NONE',  #4676 ) ;
#3948 = DIRECTION ( 'NONE',  ( -0.000000000000000000, -1.049697225128599695E-16, 1.000000000000000000 ) ) ;
#3949 = DIRECTION ( 'NONE',  ( -2.797941090285174069E-16, 1.000000000000000000, 0.000000000000000000 ) ) ;
#3950 = ORIENTED_EDGE ( 'NONE', *, *, #4698, .F. ) ;
#3951 = LINE ( 'NONE', #337, #4266 ) ;
#3952 = ORIENTED_EDGE ( 'NONE', *, *, #2808, .T. ) ;
#3953 = LINE ( 'NONE', #980, #4138 ) ;
#3954 = CIRCLE ( 'NONE', #3885, 3.099999999999998757 ) ;
#3955 = EDGE_CURVE ( 'NONE', #4459, #3530, #2150, .T. ) ;
#3956 = EDGE_CURVE ( 'NONE', #219, #859, #483, .T. ) ;
#3957 = EDGE_LOOP ( 'NONE', ( #869, #1009, #3884, #3496, #1986, #2652, #3144, #3792 ) ) ;
#3958 = PLANE ( 'NONE',  #3401 ) ;
#3959 = AXIS2_PLACEMENT_3D ( 'NONE', #1958, #3411, #2296 ) ;
#3960 = CARTESIAN_POINT ( 'NONE',  ( -2.614672282429749917, -29.88584094275236325, -14.64288448352114180 ) ) ;
#3961 = ORIENTED_EDGE ( 'NONE', *, *, #3695, .T. ) ;
#3962 = VERTEX_POINT ( 'NONE', #3633 ) ;
#3963 = FACE_OUTER_BOUND ( 'NONE', #807, .T. ) ;
#3964 = CARTESIAN_POINT ( 'NONE',  ( 4.375000000000000000, -24.29999999999999361, -7.200000000000002842 ) ) ;
#3965 = ORIENTED_EDGE ( 'NONE', *, *, #738, .F. ) ;
#3966 = FACE_OUTER_BOUND ( 'NONE', #939, .T. ) ;
#3967 = EDGE_CURVE ( 'NONE', #3680, #3741, #1174, .T. ) ;
#3968 = LINE ( 'NONE', #4263, #2148 ) ;
#3969 = DIRECTION ( 'NONE',  ( -0.000000000000000000, -1.049697225128599695E-16, 1.000000000000000000 ) ) ;
#3970 = EDGE_CURVE ( 'NONE', #3311, #1411, #3270, .T. ) ;
#3971 = CARTESIAN_POINT ( 'NONE',  ( 7.349999999999996980, -24.29999999999999361, -7.000000000000002665 ) ) ;
#3972 = ORIENTED_EDGE ( 'NONE', *, *, #2557, .T. ) ;
#3973 = EDGE_CURVE ( 'NONE', #311, #3282, #2004, .T. ) ;
#3974 = CYLINDRICAL_SURFACE ( 'NONE', #3426, 30.99999999999997513 ) ;
#3975 = ORIENTED_EDGE ( 'NONE', *, *, #2839, .F. ) ;
#3976 = FACE_OUTER_BOUND ( 'NONE', #963, .T. ) ;
#3977 = FACE_OUTER_BOUND ( 'NONE', #2354, .T. ) ;
#3978 = VECTOR ( 'NONE', #1485, 1000.000000000000000 ) ;
#3979 = EDGE_CURVE ( 'NONE', #1153, #1999, #1324, .T. ) ;
#3980 = ORIENTED_EDGE ( 'NONE', *, *, #3250, .T. ) ;
#3981 = DIRECTION ( 'NONE',  ( -0.000000000000000000, 6.162975822039154730E-31, -1.000000000000000000 ) ) ;
#3982 = AXIS2_PLACEMENT_3D ( 'NONE', #2142, #4273, #3599 ) ;
#3983 = AXIS2_PLACEMENT_3D ( 'NONE', #3895, #3938, #3873 ) ;
#3984 = DIRECTION ( 'NONE',  ( -1.000000000000000000, 0.000000000000000000, 0.000000000000000000 ) ) ;
#3985 = ORIENTED_EDGE ( 'NONE', *, *, #3567, .T. ) ;
#3986 = ORIENTED_EDGE ( 'NONE', *, *, #3395, .F. ) ;
#3987 = DIRECTION ( 'NONE',  ( 0.000000000000000000, 0.000000000000000000, 1.000000000000000000 ) ) ;
#3988 = CONICAL_SURFACE ( 'NONE', #1327, 1.249999999999999334, 0.7853981633974447263 ) ;
#3989 = CARTESIAN_POINT ( 'NONE',  ( -16.50000000000000000, -16.49999999999999645, -17.50000000000000355 ) ) ;
#3990 = DIRECTION ( 'NONE',  ( 0.000000000000000000, -1.049697225128599695E-16, 1.000000000000000000 ) ) ;
#3991 =( BOUNDED_CURVE ( )  B_SPLINE_CURVE ( 3, ( #3514, #3559, #2819, #1786 ),
 .UNSPECIFIED., .F., .T. ) 
 B_SPLINE_CURVE_WITH_KNOTS ( ( 4, 4 ),
 ( 4.712388980384689674, 6.283185307179586232 ),
 .UNSPECIFIED. ) 
 CURVE ( )  GEOMETRIC_REPRESENTATION_ITEM ( )  RATIONAL_B_SPLINE_CURVE ( ( 1.000000000000000000, 0.8047378541243649375, 0.8047378541243649375, 1.000000000000000000 ) ) 
 REPRESENTATION_ITEM ( '' )  );
#3992 = ORIENTED_EDGE ( 'NONE', *, *, #480, .T. ) ;
#3993 = CARTESIAN_POINT ( 'NONE',  ( -4.375000000000000000, -21.19999999999999574, 17.49999999999999645 ) ) ;
#3994 = PLANE ( 'NONE',  #4700 ) ;
#3995 = CARTESIAN_POINT ( 'NONE',  ( -1.099999999999989875, -1.702258996068832333E-15, -7.500000000000007105 ) ) ;
#3996 = DIRECTION ( 'NONE',  ( 0.000000000000000000, 1.000000000000000000, 0.000000000000000000 ) ) ;
#3997 = EDGE_LOOP ( 'NONE', ( #1240, #1558, #2880, #2126 ) ) ;
#3998 = ADVANCED_FACE ( 'NONE', ( #3154 ), #4059, .F. ) ;
#3999 = VECTOR ( 'NONE', #4203, 1000.000000000000000 ) ;
#4000 = EDGE_CURVE ( 'NONE', #2130, #2453, #588, .T. ) ;
#4001 = DIRECTION ( 'NONE',  ( 0.000000000000000000, -1.049697225128599695E-16, 1.000000000000000000 ) ) ;
#4002 = VERTEX_POINT ( 'NONE', #1699 ) ;
#4003 = CIRCLE ( 'NONE', #1564, 30.99999999999997513 ) ;
#4004 = LINE ( 'NONE', #2264, #99 ) ;
#4005 = CARTESIAN_POINT ( 'NONE',  ( 0.000000000000000000, 1.377727758532732733E-15, 17.49999999999999645 ) ) ;
#4006 = VERTEX_POINT ( 'NONE', #4253 ) ;
#4007 = CARTESIAN_POINT ( 'NONE',  ( 16.50000000000000000, 16.49999999999999645, -17.50000000000000355 ) ) ;
#4008 = DIRECTION ( 'NONE',  ( -0.000000000000000000, 6.162975822039154730E-31, -1.000000000000000000 ) ) ;
#4009 = EDGE_LOOP ( 'NONE', ( #4169, #3370 ) ) ;
#4010 = ORIENTED_EDGE ( 'NONE', *, *, #3634, .T. ) ;
#4011 = DIRECTION ( 'NONE',  ( 0.000000000000000000, -1.000000000000000000, -1.156482317317871478E-16 ) ) ;
#4012 = VECTOR ( 'NONE', #4564, 1000.000000000000000 ) ;
#4013 = DIRECTION ( 'NONE',  ( 0.000000000000000000, 1.000000000000000000, 0.000000000000000000 ) ) ;
#4014 = LINE ( 'NONE', #396, #2308 ) ;
#4015 = VERTEX_POINT ( 'NONE', #3221 ) ;
#4016 = AXIS2_PLACEMENT_3D ( 'NONE', #4412, #3655, #387 ) ;
#4017 = ADVANCED_FACE ( 'NONE', ( #986 ), #3605, .F. ) ;
#4018 = DIRECTION ( 'NONE',  ( -0.000000000000000000, -0.000000000000000000, 1.000000000000000000 ) ) ;
#4019 = LINE ( 'NONE', #376, #2721 ) ;
#4020 = LINE ( 'NONE', #4379, #85 ) ;
#4021 = ORIENTED_EDGE ( 'NONE', *, *, #1073, .T. ) ;
#4022 = CARTESIAN_POINT ( 'NONE',  ( -12.25000000000000000, -23.10000000000000142, 16.50000000000000000 ) ) ;
#4023 = ORIENTED_EDGE ( 'NONE', *, *, #230, .T. ) ;
#4024 = CARTESIAN_POINT ( 'NONE',  ( 12.25000000000000355, -26.50000000000000355, 17.49999999999999645 ) ) ;
#4025 = CARTESIAN_POINT ( 'NONE',  ( 10.25000000000000355, -20.09999999999999787, 16.49999999999999645 ) ) ;
#4026 = ORIENTED_EDGE ( 'NONE', *, *, #3774, .T. ) ;
#4027 = DIRECTION ( 'NONE',  ( 0.000000000000000000, 0.000000000000000000, -1.000000000000000000 ) ) ;
#4028 = CARTESIAN_POINT ( 'NONE',  ( -9.249999999999998224, -19.09999999999999787, 16.10000000000001208 ) ) ;
#4029 = VERTEX_POINT ( 'NONE', #2445 ) ;
#4030 = ORIENTED_EDGE ( 'NONE', *, *, #2921, .F. ) ;
#4031 = CIRCLE ( 'NONE', #461, 29.99999999999999645 ) ;
#4032 = EDGE_CURVE ( 'NONE', #151, #3266, #941, .T. ) ;
#4033 = FACE_OUTER_BOUND ( 'NONE', #3687, .T. ) ;
#4034 = LINE ( 'NONE', #1510, #28 ) ;
#4035 = CARTESIAN_POINT ( 'NONE',  ( 3.752667111296765868E-15, -26.50000000000000355, 17.49999999999999645 ) ) ;
#4036 = EDGE_LOOP ( 'NONE', ( #893, #2987, #2268, #2807, #1905 ) ) ;
#4037 = ORIENTED_EDGE ( 'NONE', *, *, #1282, .F. ) ;
#4038 = CIRCLE ( 'NONE', #543, 29.99999999999998224 ) ;
#4039 = EDGE_CURVE ( 'NONE', #514, #847, #3604, .T. ) ;
#4040 = LINE ( 'NONE', #3688, #2655 ) ;
#4041 = EDGE_CURVE ( 'NONE', #4204, #3115, #2083, .T. ) ;
#4042 = CARTESIAN_POINT ( 'NONE',  ( 2.016592058422627343, 30.59860519837239679, -13.97952713693881321 ) ) ;
#4043 = DIRECTION ( 'NONE',  ( 0.000000000000000000, -1.000000000000000000, -1.119176436114070071E-16 ) ) ;
#4044 = ORIENTED_EDGE ( 'NONE', *, *, #199, .F. ) ;
#4045 = FACE_OUTER_BOUND ( 'NONE', #3824, .T. ) ;
#4046 = ORIENTED_EDGE ( 'NONE', *, *, #3092, .T. ) ;
#4047 = FILL_AREA_STYLE_COLOUR ( '', #3598 ) ;
#4048 = DIRECTION ( 'NONE',  ( -0.000000000000000000, -0.000000000000000000, 1.000000000000000000 ) ) ;
#4049 = ORIENTED_EDGE ( 'NONE', *, *, #4629, .T. ) ;
#4050 = CARTESIAN_POINT ( 'NONE',  ( 2.789718569530049290E-15, -19.70000000000000284, 17.49999999999999645 ) ) ;
#4051 = VERTEX_POINT ( 'NONE', #2843 ) ;
#4052 = VECTOR ( 'NONE', #60, 1000.000000000000000 ) ;
#4053 = CARTESIAN_POINT ( 'NONE',  ( -7.349999999999995204, -22.07142125289667689, 17.49999999999999645 ) ) ;
#4054 = EDGE_LOOP ( 'NONE', ( #970, #1850, #3108, #1952 ) ) ;
#4055 = EDGE_CURVE ( 'NONE', #3679, #1707, #3682, .T. ) ;
#4056 = CIRCLE ( 'NONE', #4368, 3.000000000000002665 ) ;
#4057 = DIRECTION ( 'NONE',  ( -1.247268898962840931E-45, 6.162975822039154730E-31, -1.000000000000000000 ) ) ;
#4058 = EDGE_CURVE ( 'NONE', #3505, #3231, #3178, .T. ) ;
#4059 = CONICAL_SURFACE ( 'NONE', #564, 0.9999999999999983347, 0.7853981633974492782 ) ;
#4060 = DIRECTION ( 'NONE',  ( 1.000000000000000000, 1.047444401652940007E-14, 0.000000000000000000 ) ) ;
#4061 = ADVANCED_FACE ( 'NONE', ( #4638 ), #4282, .F. ) ;
#4062 = VECTOR ( 'NONE', #3182, 1000.000000000000000 ) ;
#4063 = CARTESIAN_POINT ( 'NONE',  ( 0.000000000000000000, 4.211910128732925518E-15, -9.499998688697816718 ) ) ;
#4064 = EDGE_CURVE ( 'NONE', #3749, #660, #2124, .T. ) ;
#4065 = VERTEX_POINT ( 'NONE', #299 ) ;
#4066 = ORIENTED_EDGE ( 'NONE', *, *, #3359, .T. ) ;
#4067 = AXIS2_PLACEMENT_3D ( 'NONE', #1734, #2159, #2135 ) ;
#4068 = DIRECTION ( 'NONE',  ( -0.000000000000000000, 0.000000000000000000, -1.000000000000000000 ) ) ;
#4069 = CARTESIAN_POINT ( 'NONE',  ( 0.000000000000000000, 1.377727758532732535E-15, 17.49999999999999645 ) ) ;
#4070 = CARTESIAN_POINT ( 'NONE',  ( 0.000000000000000000, 4.646787701018000878E-15, -13.64288448352115779 ) ) ;
#4071 = VERTEX_POINT ( 'NONE', #1744 ) ;
#4072 = DIRECTION ( 'NONE',  ( -1.264143283093925980E-46, -6.162975822039154730E-31, 1.000000000000000000 ) ) ;
#4073 = ORIENTED_EDGE ( 'NONE', *, *, #4251, .F. ) ;
#4074 = CARTESIAN_POINT ( 'NONE',  ( 0.000000000000000000, -1.836970143975040049E-15, -7.500000000000007105 ) ) ;
#4075 = FACE_OUTER_BOUND ( 'NONE', #2887, .T. ) ;
#4076 = ORIENTED_EDGE ( 'NONE', *, *, #1443, .F. ) ;
#4077 = CARTESIAN_POINT ( 'NONE',  ( -10.24999999999999822, -19.09999999999999787, -7.000000000000002665 ) ) ;
#4078 = VERTEX_POINT ( 'NONE', #321 ) ;
#4079 = VECTOR ( 'NONE', #4457, 1000.000000000000000 ) ;
#4080 = CARTESIAN_POINT ( 'NONE',  ( -12.25000000000000000, -26.50000000000000711, 17.49999999999999645 ) ) ;
#4081 = ORIENTED_EDGE ( 'NONE', *, *, #1241, .T. ) ;
#4082 = DIRECTION ( 'NONE',  ( 0.7071067811865511255, -0.000000000000000000, -0.7071067811865440200 ) ) ;
#4083 = EDGE_CURVE ( 'NONE', #3019, #3746, #1408, .T. ) ;
#4084 = LINE ( 'NONE', #2603, #2689 ) ;
#4085 = B_SPLINE_CURVE_WITH_KNOTS ( 'NONE', 3,
 ( #3078, #2362, #3817, #1888 ),
 .UNSPECIFIED., .F., .F.,
 ( 4, 4 ),
 ( 1.608716371138911572E-17, 0.001714047318848918849 ),
 .UNSPECIFIED. ) ;
#4086 = DIRECTION ( 'NONE',  ( -1.000000000000000000, -1.398970545142587281E-16, 0.000000000000000000 ) ) ;
#4087 = ORIENTED_EDGE ( 'NONE', *, *, #3075, .T. ) ;
#4088 = ORIENTED_EDGE ( 'NONE', *, *, #1052, .F. ) ;
#4089 = AXIS2_PLACEMENT_3D ( 'NONE', #2007, #226, #3129 ) ;
#4090 = CARTESIAN_POINT ( 'NONE',  ( 16.50000000000000000, 15.75000000000000000, -10.75064546427067391 ) ) ;
#4091 = DIRECTION ( 'NONE',  ( -0.7071067811865511255, -0.000000000000000000, 0.7071067811865440200 ) ) ;
#4092 = AXIS2_PLACEMENT_3D ( 'NONE', #1170, #80, #2907 ) ;
#4093 = PLANE ( 'NONE',  #1376 ) ;
#4094 = EDGE_LOOP ( 'NONE', ( #620, #2067, #3775, #709 ) ) ;
#4095 = CARTESIAN_POINT ( 'NONE',  ( -12.25000000000000000, -23.10000000000000142, 17.09999999999999787 ) ) ;
#4096 = VERTEX_POINT ( 'NONE', #3960 ) ;
#4097 = CARTESIAN_POINT ( 'NONE',  ( 9.650000000000012790, -26.29999999999999361, 16.49999999999999645 ) ) ;
#4098 = DIRECTION ( 'NONE',  ( -1.000000000000000000, 0.000000000000000000, 0.000000000000000000 ) ) ;
#4099 = EDGE_LOOP ( 'NONE', ( #4081, #1688, #3881, #269 ) ) ;
#4100 = EDGE_CURVE ( 'NONE', #2542, #3665, #695, .T. ) ;
#4101 = CARTESIAN_POINT ( 'NONE',  ( -7.349999999999996092, -20.32857874710332169, -1.500000000000003109 ) ) ;
#4102 = AXIS2_PLACEMENT_3D ( 'NONE', #2061, #3825, #283 ) ;
#4103 = EDGE_CURVE ( 'NONE', #445, #3239, #1789, .T. ) ;
#4104 = PLANE ( 'NONE',  #3813 ) ;
#4105 = ORIENTED_EDGE ( 'NONE', *, *, #1727, .T. ) ;
#4106 = CARTESIAN_POINT ( 'NONE',  ( -1.719844002960908780, -30.95225575956424890, -12.84288448352116241 ) ) ;
#4107 = CARTESIAN_POINT ( 'NONE',  ( -9.649999999999998579, -29.10000000000000142, 17.49999999999999645 ) ) ;
#4108 = VECTOR ( 'NONE', #75, 1000.000000000000000 ) ;
#4109 = ORIENTED_EDGE ( 'NONE', *, *, #738, .T. ) ;
#4110 = VERTEX_POINT ( 'NONE', #4346 ) ;
#4111 = AXIS2_PLACEMENT_3D ( 'NONE', #4269, #1689, #4671 ) ;
#4112 = DIRECTION ( 'NONE',  ( -0.000000000000000000, 6.162975822039154730E-31, -1.000000000000000000 ) ) ;
#4113 = FACE_OUTER_BOUND ( 'NONE', #2665, .T. ) ;
#4114 = VECTOR ( 'NONE', #2210, 1000.000000000000000 ) ;
#4115 = CARTESIAN_POINT ( 'NONE',  ( 0.000000000000000000, 1.377727758532732338E-15, 17.50000000000000000 ) ) ;
#4116 = ORIENTED_EDGE ( 'NONE', *, *, #1363, .F. ) ;
#4117 = ADVANCED_FACE ( 'NONE', ( #612 ), #4670, .F. ) ;
#4118 = CARTESIAN_POINT ( 'NONE',  ( 0.000000000000000000, -29.48577027834451769, -17.50000000000000355 ) ) ;
#4119 =( GEOMETRIC_REPRESENTATION_CONTEXT ( 3 ) GLOBAL_UNCERTAINTY_ASSIGNED_CONTEXT ( ( #1036 ) ) GLOBAL_UNIT_ASSIGNED_CONTEXT ( ( #2452, #3879, #967 ) ) REPRESENTATION_CONTEXT ( 'NONE', 'WORKASPACE' ) );
#4120 = EDGE_CURVE ( 'NONE', #4496, #1987, #4440, .T. ) ;
#4121 = LINE ( 'NONE', #856, #1767 ) ;
#4122 = LINE ( 'NONE', #2953, #280 ) ;
#4123 = ORIENTED_EDGE ( 'NONE', *, *, #3898, .T. ) ;
#4124 = EDGE_CURVE ( 'NONE', #2500, #501, #4598, .T. ) ;
#4125 = ORIENTED_EDGE ( 'NONE', *, *, #4644, .F. ) ;
#4126 = LINE ( 'NONE', #837, #3868 ) ;
#4127 = ORIENTED_EDGE ( 'NONE', *, *, #3770, .F. ) ;
#4128 = EDGE_CURVE ( 'NONE', #2998, #1168, #3726, .T. ) ;
#4129 = DIRECTION ( 'NONE',  ( 0.000000000000000000, -1.049697225128599695E-16, 1.000000000000000000 ) ) ;
#4130 = VERTEX_POINT ( 'NONE', #1908 ) ;
#4131 = FACE_OUTER_BOUND ( 'NONE', #4372, .T. ) ;
#4132 = CARTESIAN_POINT ( 'NONE',  ( 7.806188013644372425, -22.50000000000000000, -1.500000000000003109 ) ) ;
#4133 = VERTEX_POINT ( 'NONE', #4028 ) ;
#4134 = ORIENTED_EDGE ( 'NONE', *, *, #3711, .T. ) ;
#4135 = AXIS2_PLACEMENT_3D ( 'NONE', #1436, #1747, #1818 ) ;
#4136 = AXIS2_PLACEMENT_3D ( 'NONE', #2090, #3545, #1795 ) ;
#4137 = CARTESIAN_POINT ( 'NONE',  ( -9.099999999999997868, -24.29999999999999716, 0.3500000000000111355 ) ) ;
#4138 = VECTOR ( 'NONE', #4633, 1000.000000000000000 ) ;
#4139 = CARTESIAN_POINT ( 'NONE',  ( -12.25000000000000000, -23.10000000000000142, 16.50000000000000000 ) ) ;
#4140 = DIRECTION ( 'NONE',  ( 0.000000000000000000, -1.000000000000000000, -8.949067675152391866E-17 ) ) ;
#4141 = ORIENTED_EDGE ( 'NONE', *, *, #3856, .F. ) ;
#4142 = CARTESIAN_POINT ( 'NONE',  ( 7.349999999999996092, -22.07142125289667334, -7.200000000000001954 ) ) ;
#4143 = EDGE_CURVE ( 'NONE', #720, #151, #4391, .T. ) ;
#4144 = SURFACE_SIDE_STYLE ('',( #2402 ) ) ;
#4145 = CARTESIAN_POINT ( 'NONE',  ( 0.000000000000000000, -1.836970143975040049E-15, 17.09999999999996945 ) ) ;
#4146 = EDGE_CURVE ( 'NONE', #2084, #3749, #104, .T. ) ;
#4147 = VERTEX_POINT ( 'NONE', #1076 ) ;
#4148 =( BOUNDED_CURVE ( )  B_SPLINE_CURVE ( 3, ( #1847, #43, #1989, #3449 ),
 .UNSPECIFIED., .F., .T. ) 
 B_SPLINE_CURVE_WITH_KNOTS ( ( 4, 4 ),
 ( 4.712388980384689674, 5.861440353093229305 ),
 .UNSPECIFIED. ) 
 CURVE ( )  GEOMETRIC_REPRESENTATION_ITEM ( )  RATIONAL_B_SPLINE_CURVE ( ( 1.000000000000000000, 0.8929667708501606294, 0.8929667708501606294, 1.000000000000000000 ) ) 
 REPRESENTATION_ITEM ( '' )  );
#4149 = VERTEX_POINT ( 'NONE', #815 ) ;
#4150 = DIRECTION ( 'NONE',  ( 0.000000000000000000, 0.000000000000000000, -1.000000000000000000 ) ) ;
#4151 = ORIENTED_EDGE ( 'NONE', *, *, #2163, .T. ) ;
#4152 = DIRECTION ( 'NONE',  ( 0.7071067811865511255, -1.486829979814188445E-16, -0.7071067811865440200 ) ) ;
#4153 = LINE ( 'NONE', #2005, #921 ) ;
#4154 = CARTESIAN_POINT ( 'NONE',  ( 11.00000000000000178, -23.09999999999999787, 16.50000000000000000 ) ) ;
#4155 = CONICAL_SURFACE ( 'NONE', #1337, 1.249999999999997558, 0.7853981633974466137 ) ;
#4156 = CARTESIAN_POINT ( 'NONE',  ( 16.50000000000000000, 17.75000000000000000, -17.50000000000000355 ) ) ;
#4157 = AXIS2_PLACEMENT_3D ( 'NONE', #1556, #2523, #4586 ) ;
#4158 = DIRECTION ( 'NONE',  ( 0.000000000000000000, -1.049697225128599695E-16, 1.000000000000000000 ) ) ;
#4159 = VERTEX_POINT ( 'NONE', #9 ) ;
#4160 = ORIENTED_EDGE ( 'NONE', *, *, #2328, .F. ) ;
#4161 = DIRECTION ( 'NONE',  ( 1.000000000000000000, 0.000000000000000000, 0.000000000000000000 ) ) ;
#4162 = DIRECTION ( 'NONE',  ( 0.7071067811865460184, 0.000000000000000000, 0.7071067811865489050 ) ) ;
#4163 = EDGE_CURVE ( 'NONE', #4292, #2431, #1167, .T. ) ;
#4164 = VERTEX_POINT ( 'NONE', #57 ) ;
#4165 = CYLINDRICAL_SURFACE ( 'NONE', #2052, 0.9999999999999991118 ) ;
#4166 = AXIS2_PLACEMENT_3D ( 'NONE', #4402, #18, #1111 ) ;
#4167 =( NAMED_UNIT ( * ) PLANE_ANGLE_UNIT ( ) SI_UNIT ( $, .RADIAN. ) );
#4168 = DIRECTION ( 'NONE',  ( -0.000000000000000000, -0.000000000000000000, -1.000000000000000000 ) ) ;
#4169 = ORIENTED_EDGE ( 'NONE', *, *, #801, .F. ) ;
#4170 = DIRECTION ( 'NONE',  ( 0.000000000000000000, 0.000000000000000000, 1.000000000000000000 ) ) ;
#4171 = EDGE_LOOP ( 'NONE', ( #1070, #1802, #677, #3484 ) ) ;
#4172 = FACE_OUTER_BOUND ( 'NONE', #3732, .T. ) ;
#4173 = EDGE_CURVE ( 'NONE', #2793, #1193, #3630, .T. ) ;
#4174 = PLANE ( 'NONE',  #940 ) ;
#4175 = CARTESIAN_POINT ( 'NONE',  ( -30.59860519837240389, 2.016592058422495448, -13.97952713693882032 ) ) ;
#4176 = FACE_OUTER_BOUND ( 'NONE', #1969, .T. ) ;
#4177 = AXIS2_PLACEMENT_3D ( 'NONE', #3993, #4401, #3227 ) ;
#4178 = CARTESIAN_POINT ( 'NONE',  ( 12.25000000000000000, -20.09999999999999787, 16.49999999999999645 ) ) ;
#4179 = DIRECTION ( 'NONE',  ( 0.000000000000000000, 0.000000000000000000, 1.000000000000000000 ) ) ;
#4180 = ORIENTED_EDGE ( 'NONE', *, *, #338, .F. ) ;
#4181 = ORIENTED_EDGE ( 'NONE', *, *, #3956, .T. ) ;
#4182 = EDGE_CURVE ( 'NONE', #3231, #3266, #2958, .T. ) ;
#4183 = CARTESIAN_POINT ( 'NONE',  ( 16.50000000000000000, 15.75000000000000000, -17.50000000000000355 ) ) ;
#4184 = CARTESIAN_POINT ( 'NONE',  ( -29.88584094275234193, -2.614672282429852057, -14.64288448352113470 ) ) ;
#4185 = EDGE_CURVE ( 'NONE', #323, #3627, #1456, .T. ) ;
#4186 = SHAPE_DEFINITION_REPRESENTATION ( #2086, #2547 ) ;
#4187 = VERTEX_POINT ( 'NONE', #2526 ) ;
#4188 = CIRCLE ( 'NONE', #2742, 0.7499999999999988898 ) ;
#4189 = FACE_OUTER_BOUND ( 'NONE', #3004, .T. ) ;
#4190 = EDGE_CURVE ( 'NONE', #561, #2857, #81, .T. ) ;
#4191 = CIRCLE ( 'NONE', #4345, 0.7499999999999972244 ) ;
#4192 = DIRECTION ( 'NONE',  ( 0.000000000000000000, 6.162975822039154730E-31, -1.000000000000000000 ) ) ;
#4193 = LINE ( 'NONE', #878, #1787 ) ;
#4194 = ORIENTED_EDGE ( 'NONE', *, *, #2580, .T. ) ;
#4195 = AXIS2_PLACEMENT_3D ( 'NONE', #1826, #3255, #732 ) ;
#4196 = CARTESIAN_POINT ( 'NONE',  ( 12.25000000000000355, -26.10000000000000142, 16.49999999999999645 ) ) ;
#4197 = ORIENTED_EDGE ( 'NONE', *, *, #2371, .F. ) ;
#4198 = FACE_OUTER_BOUND ( 'NONE', #4555, .T. ) ;
#4199 = FACE_OUTER_BOUND ( 'NONE', #4469, .T. ) ;
#4200 = CARTESIAN_POINT ( 'NONE',  ( 12.25000000000000000, -20.09999999999999787, 17.09999999999999787 ) ) ;
#4201 = DIRECTION ( 'NONE',  ( -0.000000000000000000, -0.000000000000000000, 1.000000000000000000 ) ) ;
#4202 = CARTESIAN_POINT ( 'NONE',  ( 7.380487804878043789, -21.95963350026795524, -1.369512195121933118 ) ) ;
#4203 = DIRECTION ( 'NONE',  ( 0.000000000000000000, 0.7071067811865463515, -0.7071067811865487940 ) ) ;
#4204 = VERTEX_POINT ( 'NONE', #1146 ) ;
#4205 = EDGE_CURVE ( 'NONE', #206, #2998, #388, .T. ) ;
#4206 = ORIENTED_EDGE ( 'NONE', *, *, #4146, .F. ) ;
#4207 = ADVANCED_FACE ( 'NONE', ( #2980 ), #719, .F. ) ;
#4208 = CARTESIAN_POINT ( 'NONE',  ( -8.250000000000001776, -29.10000000000000142, -7.000000000000002665 ) ) ;
#4209 = VECTOR ( 'NONE', #3186, 1000.000000000000000 ) ;
#4210 = DIRECTION ( 'NONE',  ( 0.000000000000000000, 0.7071067811865476838, -0.7071067811865474617 ) ) ;
#4211 = VECTOR ( 'NONE', #3661, 1000.000000000000000 ) ;
#4212 = ORIENTED_EDGE ( 'NONE', *, *, #375, .T. ) ;
#4213 = DIRECTION ( 'NONE',  ( -1.000000000000000000, -1.047444401652940007E-14, 0.000000000000000000 ) ) ;
#4214 = AXIS2_PLACEMENT_3D ( 'NONE', #2817, #1384, #3192 ) ;
#4215 = AXIS2_PLACEMENT_3D ( 'NONE', #3366, #1765, #4612 ) ;
#4216 = CARTESIAN_POINT ( 'NONE',  ( 0.000000000000000000, -5.051668046482831961E-15, 17.50000000000000000 ) ) ;
#4217 = CARTESIAN_POINT ( 'NONE',  ( -16.50000000000000000, 16.50000000000000355, -17.50000000000000355 ) ) ;
#4218 = ORIENTED_EDGE ( 'NONE', *, *, #3138, .F. ) ;
#4219 = AXIS2_PLACEMENT_3D ( 'NONE', #25, #2952, #1138 ) ;
#4220 = CARTESIAN_POINT ( 'NONE',  ( -2.314800596404743338, -30.24321410188994008, -14.31300677667248777 ) ) ;
#4221 = ORIENTED_EDGE ( 'NONE', *, *, #3493, .F. ) ;
#4222 = DIRECTION ( 'NONE',  ( -1.000000000000000000, 0.000000000000000000, 0.000000000000000000 ) ) ;
#4223 = CARTESIAN_POINT ( 'NONE',  ( -4.375000000000000000, -18.09999999999999787, -7.200000000000001954 ) ) ;
#4224 = FACE_OUTER_BOUND ( 'NONE', #2370, .T. ) ;
#4225 = CARTESIAN_POINT ( 'NONE',  ( 0.000000000000000000, 2.427424983661332428E-15, 7.499999999999996447 ) ) ;
#4226 = ORIENTED_EDGE ( 'NONE', *, *, #1695, .T. ) ;
#4227 = DIRECTION ( 'NONE',  ( 1.000000000000000000, 0.000000000000000000, 0.000000000000000000 ) ) ;
#4228 = DIRECTION ( 'NONE',  ( 0.000000000000000000, 1.049697225128600065E-16, -1.000000000000000000 ) ) ;
#4229 = ORIENTED_EDGE ( 'NONE', *, *, #2435, .T. ) ;
#4230 = CIRCLE ( 'NONE', #428, 11.09999999999999964 ) ;
#4231 = EDGE_LOOP ( 'NONE', ( #135, #560, #2527, #1909 ) ) ;
#4232 = LINE ( 'NONE', #257, #2045 ) ;
#4233 = VECTOR ( 'NONE', #4518, 1000.000000000000000 ) ;
#4234 = CARTESIAN_POINT ( 'NONE',  ( 30.95225575956426667, -1.719844002960566831, 17.50000000000000000 ) ) ;
#4235 = DIRECTION ( 'NONE',  ( 1.000000000000000000, 0.000000000000000000, 0.000000000000000000 ) ) ;
#4236 = EDGE_LOOP ( 'NONE', ( #1634, #1921, #1951, #3036, #1557, #964, #3562, #1654, #4380, #34, #3874, #3012, #775, #1571, #3919, #4383, #1106, #486, #733, #2048, #4639 ) ) ;
#4237 = VERTEX_POINT ( 'NONE', #2908 ) ;
#4238 = CARTESIAN_POINT ( 'NONE',  ( 9.250000000000003553, -17.10000000000000142, 17.09999999999999787 ) ) ;
#4239 = LINE ( 'NONE', #3205, #896 ) ;
#4240 = DIRECTION ( 'NONE',  ( 0.000000000000000000, 0.000000000000000000, 1.000000000000000000 ) ) ;
#4241 = ORIENTED_EDGE ( 'NONE', *, *, #4270, .T. ) ;
#4242 = VECTOR ( 'NONE', #998, 1000.000000000000000 ) ;
#4243 = CARTESIAN_POINT ( 'NONE',  ( -1.719844002960908780, -30.95225575956424890, -13.64288448352116134 ) ) ;
#4244 = ORIENTED_EDGE ( 'NONE', *, *, #3075, .F. ) ;
#4245 = CARTESIAN_POINT ( 'NONE',  ( -16.50000000000000000, 16.50000000000000355, -17.50000000000000355 ) ) ;
#4246 = AXIS2_PLACEMENT_3D ( 'NONE', #2539, #4710, #2587 ) ;
#4247 = AXIS2_PLACEMENT_3D ( 'NONE', #1455, #790, #1098 ) ;
#4248 = EDGE_CURVE ( 'NONE', #1330, #4159, #1171, .T. ) ;
#4249 = DIRECTION ( 'NONE',  ( -0.000000000000000000, -0.000000000000000000, 1.000000000000000000 ) ) ;
#4250 = CARTESIAN_POINT ( 'NONE',  ( 9.099999999999997868, -22.50000000000000000, -1.500000000000003109 ) ) ;
#4251 = EDGE_CURVE ( 'NONE', #721, #3584, #365, .T. ) ;
#4252 = CARTESIAN_POINT ( 'NONE',  ( -16.50000000000000000, 15.75000000000000711, -10.75064546427067391 ) ) ;
#4253 = CARTESIAN_POINT ( 'NONE',  ( 1.719844002960906337, 30.95225575956424535, -12.84288448352115530 ) ) ;
#4254 = ORIENTED_EDGE ( 'NONE', *, *, #4409, .T. ) ;
#4255 = CIRCLE ( 'NONE', #674, 1.000000000000000000 ) ;
#4256 = ORIENTED_EDGE ( 'NONE', *, *, #1566, .F. ) ;
#4257 = DIRECTION ( 'NONE',  ( -1.000000000000000000, 0.000000000000000000, 0.000000000000000000 ) ) ;
#4258 = VECTOR ( 'NONE', #3921, 999.9999999999998863 ) ;
#4259 = DIRECTION ( 'NONE',  ( -1.000000000000000000, 0.000000000000000000, 0.000000000000000000 ) ) ;
#4260 = PRODUCT_CONTEXT ( 'NONE', #890, 'mechanical' ) ;
#4261 = ORIENTED_EDGE ( 'NONE', *, *, #2885, .F. ) ;
#4262 = CARTESIAN_POINT ( 'NONE',  ( 10.25000000000000355, -19.09999999999999432, -7.000000000000002665 ) ) ;
#4263 = CARTESIAN_POINT ( 'NONE',  ( 2.614672282429750805, -29.88584094275236325, -11.84288448352118372 ) ) ;
#4264 = CARTESIAN_POINT ( 'NONE',  ( 4.375000000000000000, -18.09999999999999787, -17.50000000000000355 ) ) ;
#4265 = ORIENTED_EDGE ( 'NONE', *, *, #1613, .F. ) ;
#4266 = VECTOR ( 'NONE', #689, 1000.000000000000000 ) ;
#4267 = ADVANCED_FACE ( 'NONE', ( #746 ), #1122, .F. ) ;
#4268 = EDGE_CURVE ( 'NONE', #4237, #2460, #2195, .T. ) ;
#4269 = CARTESIAN_POINT ( 'NONE',  ( 4.375000000000000000, -18.09999999999999787, 17.49999999999999645 ) ) ;
#4270 = EDGE_CURVE ( 'NONE', #1411, #3392, #58, .T. ) ;
#4271 = VERTEX_POINT ( 'NONE', #1885 ) ;
#4272 = VECTOR ( 'NONE', #550, 1000.000000000000000 ) ;
#4273 = DIRECTION ( 'NONE',  ( 0.000000000000000000, 0.000000000000000000, 1.000000000000000000 ) ) ;
#4274 = EDGE_CURVE ( 'NONE', #237, #4292, #3104, .T. ) ;
#4275 = CIRCLE ( 'NONE', #3200, 0.7500000000000006661 ) ;
#4276 = CARTESIAN_POINT ( 'NONE',  ( 7.380487804878043789, -21.95963350026795524, -1.369512195121933118 ) ) ;
#4277 = CARTESIAN_POINT ( 'NONE',  ( 0.000000000000000000, 1.377727758532732733E-15, 17.49999999999999645 ) ) ;
#4278 = AXIS2_PLACEMENT_3D ( 'NONE', #4070, #1896, #4043 ) ;
#4279 = EDGE_CURVE ( 'NONE', #2704, #1345, #580, .T. ) ;
#4280 = ADVANCED_FACE ( 'NONE', ( #2699 ), #223, .F. ) ;
#4281 = DIRECTION ( 'NONE',  ( 0.000000000000000000, -1.049697225128599695E-16, 1.000000000000000000 ) ) ;
#4282 = PLANE ( 'NONE',  #2535 ) ;
#4283 = ORIENTED_EDGE ( 'NONE', *, *, #704, .T. ) ;
#4284 = ORIENTED_EDGE ( 'NONE', *, *, #2706, .T. ) ;
#4285 = DIRECTION ( 'NONE',  ( 1.000000000000000000, 0.000000000000000000, 0.000000000000000000 ) ) ;
#4286 = LINE ( 'NONE', #2422, #1395 ) ;
#4287 = ORIENTED_EDGE ( 'NONE', *, *, #2698, .T. ) ;
#4288 = CARTESIAN_POINT ( 'NONE',  ( 16.50000000000000000, -17.75000000000000000, -17.50000000000000355 ) ) ;
#4289 = AXIS2_PLACEMENT_3D ( 'NONE', #2248, #2911, #722 ) ;
#4290 = CARTESIAN_POINT ( 'NONE',  ( 0.000000000000000000, -1.677638381484706114E-15, -14.64288448352113470 ) ) ;
#4291 = DIRECTION ( 'NONE',  ( 0.000000000000000000, -1.049697225128599695E-16, 1.000000000000000000 ) ) ;
#4292 = VERTEX_POINT ( 'NONE', #508 ) ;
#4293 = VECTOR ( 'NONE', #1955, 1000.000000000000000 ) ;
#4294 = EDGE_CURVE ( 'NONE', #1043, #3649, #4153, .T. ) ;
#4295 = VECTOR ( 'NONE', #3561, 1000.000000000000000 ) ;
#4296 = CARTESIAN_POINT ( 'NONE',  ( -16.50000000000000000, 15.25000000000000533, -17.50000000000000355 ) ) ;
#4297 = EDGE_LOOP ( 'NONE', ( #4525, #747, #433, #4206 ) ) ;
#4298 = VECTOR ( 'NONE', #3990, 1000.000000000000000 ) ;
#4299 = CARTESIAN_POINT ( 'NONE',  ( 13.50000000000000000, -23.09999999999999787, 16.50000000000000000 ) ) ;
#4300 = FACE_BOUND ( 'NONE', #2814, .T. ) ;
#4301 = DIRECTION ( 'NONE',  ( -0.000000000000000000, -1.049697225128599695E-16, 1.000000000000000000 ) ) ;
#4302 = ORIENTED_EDGE ( 'NONE', *, *, #313, .T. ) ;
#4303 = EDGE_CURVE ( 'NONE', #2149, #2935, #4038, .T. ) ;
#4304 = VERTEX_POINT ( 'NONE', #3464 ) ;
#4305 = CARTESIAN_POINT ( 'NONE',  ( -16.50000000000000000, -17.74999999999999645, -17.50000000000000355 ) ) ;
#4306 = CARTESIAN_POINT ( 'NONE',  ( 16.50000000000000000, 16.49999999999999645, -10.75064546427067391 ) ) ;
#4307 = ORIENTED_EDGE ( 'NONE', *, *, #4585, .T. ) ;
#4308 = AXIS2_PLACEMENT_3D ( 'NONE', #2335, #4240, #3047 ) ;
#4309 = CARTESIAN_POINT ( 'NONE',  ( 15.25000000000000355, -23.09999999999999787, 17.09999999999999787 ) ) ;
#4310 = EDGE_CURVE ( 'NONE', #271, #4006, #627, .T. ) ;
#4311 = DIRECTION ( 'NONE',  ( -0.000000000000000000, -1.049697225128599695E-16, 1.000000000000000000 ) ) ;
#4312 = CARTESIAN_POINT ( 'NONE',  ( -4.375000000000000000, -21.19999999999999574, -7.200000000000001954 ) ) ;
#4313 = DIRECTION ( 'NONE',  ( 0.000000000000000000, 1.000000000000000000, 0.000000000000000000 ) ) ;
#4314 = ORIENTED_EDGE ( 'NONE', *, *, #1302, .T. ) ;
#4315 = DIRECTION ( 'NONE',  ( -0.000000000000000000, 6.162975822039154730E-31, -1.000000000000000000 ) ) ;
#4316 = ORIENTED_EDGE ( 'NONE', *, *, #1083, .T. ) ;
#4317 = DIRECTION ( 'NONE',  ( 0.000000000000000000, 1.000000000000000000, 0.000000000000000000 ) ) ;
#4318 = AXIS2_PLACEMENT_3D ( 'NONE', #3847, #2392, #3821 ) ;
#4319 = CARTESIAN_POINT ( 'NONE',  ( -2.016592058422621125, 30.59860519837239679, -12.50624183010349455 ) ) ;
#4320 = CONICAL_SURFACE ( 'NONE', #3405, 29.99999999999999645, 0.7853981633974500554 ) ;
#4321 = DIRECTION ( 'NONE',  ( 2.891205793294678326E-16, 1.000000000000000000, 0.000000000000000000 ) ) ;
#4322 = ORIENTED_EDGE ( 'NONE', *, *, #2493, .F. ) ;
#4323 = ORIENTED_EDGE ( 'NONE', *, *, #102, .F. ) ;
#4324 = EDGE_CURVE ( 'NONE', #952, #1037, #3490, .T. ) ;
#4325 = LINE ( 'NONE', #2913, #2764 ) ;
#4326 = FACE_OUTER_BOUND ( 'NONE', #3180, .T. ) ;
#4327 = CIRCLE ( 'NONE', #2274, 0.9999999999999991118 ) ;
#4328 = ADVANCED_FACE ( 'NONE', ( #3440 ), #4463, .F. ) ;
#4329 =( BOUNDED_CURVE ( )  B_SPLINE_CURVE ( 3, ( #2851, #2157, #2207, #2895 ),
 .UNSPECIFIED., .F., .T. ) 
 B_SPLINE_CURVE_WITH_KNOTS ( ( 4, 4 ),
 ( 5.355890089177959723, 6.283185307179586232 ),
 .UNSPECIFIED. ) 
 CURVE ( )  GEOMETRIC_REPRESENTATION_ITEM ( )  RATIONAL_B_SPLINE_CURVE ( ( 1.000000000000000000, 0.9296181273332750905, 0.9296181273332750905, 1.000000000000000000 ) ) 
 REPRESENTATION_ITEM ( '' )  );
#4330 = ORIENTED_EDGE ( 'NONE', *, *, #12, .F. ) ;
#4331 = AXIS2_PLACEMENT_3D ( 'NONE', #3037, #872, #67 ) ;
#4332 = CARTESIAN_POINT ( 'NONE',  ( -12.25000000000000000, -23.10000000000000142, 15.99999999999999645 ) ) ;
#4333 = EDGE_CURVE ( 'NONE', #2478, #65, #3798, .T. ) ;
#4334 = CARTESIAN_POINT ( 'NONE',  ( 12.25000000000000355, -26.10000000000000142, 17.09999999999999787 ) ) ;
#4335 = DIRECTION ( 'NONE',  ( -2.891205793294678326E-16, -1.000000000000000000, 0.000000000000000000 ) ) ;
#4336 = DIRECTION ( 'NONE',  ( 0.000000000000000000, 0.000000000000000000, -1.000000000000000000 ) ) ;
#4337 = ORIENTED_EDGE ( 'NONE', *, *, #4324, .F. ) ;
#4338 = CARTESIAN_POINT ( 'NONE',  ( 8.250000000000001776, -29.10000000000000142, 17.09999999999999787 ) ) ;
#4339 = ORIENTED_EDGE ( 'NONE', *, *, #1156, .F. ) ;
#4340 = DIRECTION ( 'NONE',  ( -2.891205793294678326E-16, -1.000000000000000000, 0.000000000000000000 ) ) ;
#4341 = AXIS2_PLACEMENT_3D ( 'NONE', #2355, #453, #4526 ) ;
#4342 = ORIENTED_EDGE ( 'NONE', *, *, #891, .T. ) ;
#4343 = CONICAL_SURFACE ( 'NONE', #1067, 0.7499999999999972244, 1.029744258676652979 ) ;
#4344 = CARTESIAN_POINT ( 'NONE',  ( -11.00000000000000178, -23.10000000000000142, 16.50000000000000000 ) ) ;
#4345 = AXIS2_PLACEMENT_3D ( 'NONE', #532, #310, #3996 ) ;
#4346 = CARTESIAN_POINT ( 'NONE',  ( -9.099999999999997868, -24.30000000000000071, -7.000000000000002665 ) ) ;
#4347 = VERTEX_POINT ( 'NONE', #201 ) ;
#4348 = VERTEX_POINT ( 'NONE', #3081 ) ;
#4349 = VECTOR ( 'NONE', #2710, 1000.000000000000000 ) ;
#4350 = CARTESIAN_POINT ( 'NONE',  ( -9.249999999999998224, -19.09999999999999787, 16.10000000000001208 ) ) ;
#4351 = ADVANCED_FACE ( 'NONE', ( #1271 ), #1528, .F. ) ;
#4352 = FACE_OUTER_BOUND ( 'NONE', #3243, .T. ) ;
#4353 = EDGE_CURVE ( 'NONE', #4413, #1518, #4275, .T. ) ;
#4354 = ORIENTED_EDGE ( 'NONE', *, *, #910, .F. ) ;
#4355 = B_SPLINE_CURVE_WITH_KNOTS ( 'NONE', 3,
 ( #424, #3667, #448, #3614 ),
 .UNSPECIFIED., .F., .F.,
 ( 4, 4 ),
 ( 0.000000000000000000, 0.001714047318848893262 ),
 .UNSPECIFIED. ) ;
#4356 = CARTESIAN_POINT ( 'NONE',  ( -9.250000000000000000, -17.10000000000000142, 17.09999999999999787 ) ) ;
#4357 = CARTESIAN_POINT ( 'NONE',  ( 7.380487804878045566, -20.44036649973204689, -7.000000000000002665 ) ) ;
#4358 = DIRECTION ( 'NONE',  ( -2.891205793294678326E-16, -1.000000000000000000, 0.000000000000000000 ) ) ;
#4359 = LINE ( 'NONE', #687, #2214 ) ;
#4360 = ORIENTED_EDGE ( 'NONE', *, *, #2255, .T. ) ;
#4361 = FACE_OUTER_BOUND ( 'NONE', #3645, .T. ) ;
#4362 = VERTEX_POINT ( 'NONE', #2723 ) ;
#4363 = DIRECTION ( 'NONE',  ( 1.000000000000000000, 0.000000000000000000, -0.000000000000000000 ) ) ;
#4364 = CARTESIAN_POINT ( 'NONE',  ( 12.25000000000000000, -23.09999999999999787, 16.49999999999999645 ) ) ;
#4365 = VERTEX_POINT ( 'NONE', #1293 ) ;
#4366 = VECTOR ( 'NONE', #1463, 1000.000000000000000 ) ;
#4367 = CYLINDRICAL_SURFACE ( 'NONE', #1045, 1.000000000000000888 ) ;
#4368 = AXIS2_PLACEMENT_3D ( 'NONE', #1094, #4384, #407 ) ;
#4369 = ADVANCED_FACE ( 'NONE', ( #2745 ), #4104, .F. ) ;
#4370 = DIRECTION ( 'NONE',  ( 0.7071067811865437980, -1.022195611122244002E-16, -0.7071067811865512365 ) ) ;
#4371 = EDGE_LOOP ( 'NONE', ( #497, #1101, #1740, #1678 ) ) ;
#4372 = EDGE_LOOP ( 'NONE', ( #3788, #1683, #4066 ) ) ;
#4373 = FACE_OUTER_BOUND ( 'NONE', #2634, .T. ) ;
#4374 = DIRECTION ( 'NONE',  ( -1.000000000000000000, -1.495451272393798556E-16, 0.000000000000000000 ) ) ;
#4375 = DIRECTION ( 'NONE',  ( 1.000000000000000000, 0.000000000000000000, 0.000000000000000000 ) ) ;
#4376 = ORIENTED_EDGE ( 'NONE', *, *, #3358, .F. ) ;
#4377 = CARTESIAN_POINT ( 'NONE',  ( -7.380487804878045566, -20.44036649973204689, 17.49999999999999645 ) ) ;
#4378 = LINE ( 'NONE', #777, #1500 ) ;
#4379 = CARTESIAN_POINT ( 'NONE',  ( -16.50000000000000000, 15.75000000000000711, -10.75064546427067391 ) ) ;
#4380 = ORIENTED_EDGE ( 'NONE', *, *, #1246, .T. ) ;
#4381 = AXIS2_PLACEMENT_3D ( 'NONE', #4217, #2737, #4528 ) ;
#4382 = LINE ( 'NONE', #49, #4108 ) ;
#4383 = ORIENTED_EDGE ( 'NONE', *, *, #1997, .T. ) ;
#4384 = DIRECTION ( 'NONE',  ( 0.000000000000000000, 0.000000000000000000, 1.000000000000000000 ) ) ;
#4385 = CARTESIAN_POINT ( 'NONE',  ( 8.250000000000001776, -29.10000000000000142, 17.49999999999999645 ) ) ;
#4386 = AXIS2_PLACEMENT_3D ( 'NONE', #889, #2075, #1294 ) ;
#4387 = EDGE_CURVE ( 'NONE', #4587, #3880, #129, .T. ) ;
#4388 = ORIENTED_EDGE ( 'NONE', *, *, #567, .F. ) ;
#4389 = CARTESIAN_POINT ( 'NONE',  ( 0.000000000000000000, 4.751757423530858777E-15, -14.64288448352113470 ) ) ;
#4390 = ADVANCED_FACE ( 'NONE', ( #3029 ), #1222, .F. ) ;
#4391 = LINE ( 'NONE', #3363, #2841 ) ;
#4392 = ORIENTED_EDGE ( 'NONE', *, *, #2862, .F. ) ;
#4393 = ORIENTED_EDGE ( 'NONE', *, *, #606, .F. ) ;
#4394 = LINE ( 'NONE', #2578, #4211 ) ;
#4395 = EDGE_CURVE ( 'NONE', #3335, #3627, #4191, .T. ) ;
#4396 = AXIS2_PLACEMENT_3D ( 'NONE', #548, #2021, #1994 ) ;
#4397 = DIRECTION ( 'NONE',  ( 1.495451272393798556E-16, -1.000000000000000000, 0.000000000000000000 ) ) ;
#4398 = FACE_OUTER_BOUND ( 'NONE', #1990, .T. ) ;
#4399 = ORIENTED_EDGE ( 'NONE', *, *, #3695, .F. ) ;
#4400 = ORIENTED_EDGE ( 'NONE', *, *, #1203, .F. ) ;
#4401 = DIRECTION ( 'NONE',  ( -0.000000000000000000, 6.162975822039154730E-31, -1.000000000000000000 ) ) ;
#4402 = CARTESIAN_POINT ( 'NONE',  ( 0.000000000000000000, 5.051668046482831961E-15, -17.50000000000000000 ) ) ;
#4403 = DIRECTION ( 'NONE',  ( -0.000000000000000000, -0.000000000000000000, -1.000000000000000000 ) ) ;
#4404 = ORIENTED_EDGE ( 'NONE', *, *, #3814, .F. ) ;
#4405 = CIRCLE ( 'NONE', #2957, 0.7500000000000006661 ) ;
#4406 = CARTESIAN_POINT ( 'NONE',  ( 8.250000000000001776, -30.09999999999999787, -7.000000000000002665 ) ) ;
#4407 = ORIENTED_EDGE ( 'NONE', *, *, #3772, .F. ) ;
#4408 = CARTESIAN_POINT ( 'NONE',  ( -29.88584094275235614, -2.614672282429853833, -11.84288448352118017 ) ) ;
#4409 = EDGE_CURVE ( 'NONE', #118, #311, #403, .T. ) ;
#4410 = EDGE_CURVE ( 'NONE', #3263, #3918, #3126, .T. ) ;
#4411 = EDGE_LOOP ( 'NONE', ( #4519, #1129, #4623, #281 ) ) ;
#4412 = CARTESIAN_POINT ( 'NONE',  ( 4.375000000000000000, -24.29999999999999361, 17.49999999999999645 ) ) ;
#4413 = VERTEX_POINT ( 'NONE', #2496 ) ;
#4414 = EDGE_CURVE ( 'NONE', #3754, #2506, #2564, .T. ) ;
#4415 = CARTESIAN_POINT ( 'NONE',  ( 16.50000000000000000, 17.24999999999999289, -10.75064546427067391 ) ) ;
#4416 = VERTEX_POINT ( 'NONE', #2116 ) ;
#4417 = AXIS2_PLACEMENT_3D ( 'NONE', #2856, #4315, #2499 ) ;
#4418 = CARTESIAN_POINT ( 'NONE',  ( 0.000000000000000000, 4.457842200494855083E-15, -11.84288448352118017 ) ) ;
#4419 = EDGE_CURVE ( 'NONE', #1907, #3743, #621, .T. ) ;
#4420 = CARTESIAN_POINT ( 'NONE',  ( 7.349999999999996092, -20.32857874710332169, -7.200000000000001954 ) ) ;
#4421 = CARTESIAN_POINT ( 'NONE',  ( 30.59860519837242165, -2.016592058422292499, -12.50624183010349988 ) ) ;
#4422 = EDGE_LOOP ( 'NONE', ( #1180, #33, #2147, #300 ) ) ;
#4423 = VERTEX_POINT ( 'NONE', #1757 ) ;
#4424 = AXIS2_PLACEMENT_3D ( 'NONE', #2676, #4514, #1248 ) ;
#4425 = DIRECTION ( 'NONE',  ( -4.486353817181398134E-16, 1.000000000000000000, 0.000000000000000000 ) ) ;
#4426 = FACE_OUTER_BOUND ( 'NONE', #2125, .T. ) ;
#4427 = CARTESIAN_POINT ( 'NONE',  ( -16.50000000000000000, -15.75000000000000000, -10.75064546427067391 ) ) ;
#4428 = ORIENTED_EDGE ( 'NONE', *, *, #3814, .T. ) ;
#4429 = DIRECTION ( 'NONE',  ( 1.000000000000000000, 0.000000000000000000, 0.000000000000000000 ) ) ;
#4430 = ORIENTED_EDGE ( 'NONE', *, *, #1894, .T. ) ;
#4431 = B_SPLINE_CURVE_WITH_KNOTS ( 'NONE', 3,
 ( #1102, #2960, #3316, #1840 ),
 .UNSPECIFIED., .F., .F.,
 ( 4, 4 ),
 ( 1.730924608807629792E-17, 0.001714047318848919499 ),
 .UNSPECIFIED. ) ;
#4432 = DIRECTION ( 'NONE',  ( -0.7071067811865483499, 1.022195611122250535E-16, 0.7071067811865466846 ) ) ;
#4433 = LINE ( 'NONE', #3001, #1942 ) ;
#4434 = ADVANCED_FACE ( 'NONE', ( #355 ), #4712, .T. ) ;
#4435 = EDGE_LOOP ( 'NONE', ( #3909, #3432, #3199, #2221 ) ) ;
#4436 = CIRCLE ( 'NONE', #328, 3.099999999999998757 ) ;
#4437 = PLANE ( 'NONE',  #4016 ) ;
#4438 = EDGE_CURVE ( 'NONE', #602, #993, #4359, .T. ) ;
#4439 = AXIS2_PLACEMENT_3D ( 'NONE', #2385, #3842, #220 ) ;
#4440 = LINE ( 'NONE', #4080, #489 ) ;
#4441 = ORIENTED_EDGE ( 'NONE', *, *, #3293, .F. ) ;
#4442 = VECTOR ( 'NONE', #1270, 1000.000000000000000 ) ;
#4443 = CARTESIAN_POINT ( 'NONE',  ( 4.375000000000000000, -21.19999999999999574, -7.000000000000002665 ) ) ;
#4444 = VECTOR ( 'NONE', #3265, 1000.000000000000000 ) ;
#4445 = DIRECTION ( 'NONE',  ( -0.000000000000000000, 6.162975822039154730E-31, -1.000000000000000000 ) ) ;
#4446 = DIRECTION ( 'NONE',  ( 1.000000000000000000, 0.000000000000000000, 0.000000000000000000 ) ) ;
#4447 = ORIENTED_EDGE ( 'NONE', *, *, #1585, .F. ) ;
#4448 = ORIENTED_EDGE ( 'NONE', *, *, #3233, .F. ) ;
#4449 = CARTESIAN_POINT ( 'NONE',  ( -7.349999999999996092, -22.20467656487052466, -1.399999999999972378 ) ) ;
#4450 = CARTESIAN_POINT ( 'NONE',  ( 1.719844002960906337, 30.95225575956424535, -13.64288448352115424 ) ) ;
#4451 = CARTESIAN_POINT ( 'NONE',  ( -3.301231342161924545E-15, -15.70000000000000639, 17.49999999999999645 ) ) ;
#4452 = ORIENTED_EDGE ( 'NONE', *, *, #1613, .T. ) ;
#4453 = CARTESIAN_POINT ( 'NONE',  ( -16.50000000000000000, -16.49999999999999645, -17.50000000000000355 ) ) ;
#4454 = EDGE_CURVE ( 'NONE', #1820, #2447, #163, .T. ) ;
#4455 = VERTEX_POINT ( 'NONE', #3576 ) ;
#4456 = DIRECTION ( 'NONE',  ( 0.000000000000000000, -1.000000000000000000, -1.049697225128599695E-16 ) ) ;
#4457 = DIRECTION ( 'NONE',  ( -0.000000000000000000, 6.162975822039154730E-31, -1.000000000000000000 ) ) ;
#4458 = CIRCLE ( 'NONE', #3548, 0.7499999999999988898 ) ;
#4459 = VERTEX_POINT ( 'NONE', #1779 ) ;
#4460 = DIRECTION ( 'NONE',  ( -0.000000000000000000, 6.162975822039154730E-31, -1.000000000000000000 ) ) ;
#4461 = VERTEX_POINT ( 'NONE', #1065 ) ;
#4462 = AXIS2_PLACEMENT_3D ( 'NONE', #535, #2299, #157 ) ;
#4463 = CYLINDRICAL_SURFACE ( 'NONE', #3739, 0.7499999999999972244 ) ;
#4464 = ORIENTED_EDGE ( 'NONE', *, *, #1651, .T. ) ;
#4465 = DIRECTION ( 'NONE',  ( 0.000000000000000000, 0.000000000000000000, -1.000000000000000000 ) ) ;
#4466 = CARTESIAN_POINT ( 'NONE',  ( 0.000000000000000000, -38.76880897422125827, 17.49999999999999645 ) ) ;
#4467 = EDGE_LOOP ( 'NONE', ( #1832, #4662, #4430, #1159, #767 ) ) ;
#4468 = EDGE_CURVE ( 'NONE', #2460, #3110, #2854, .T. ) ;
#4469 = EDGE_LOOP ( 'NONE', ( #1179, #2485, #816, #2192 ) ) ;
#4470 = EDGE_CURVE ( 'NONE', #1488, #3823, #2131, .T. ) ;
#4471 = VECTOR ( 'NONE', #19, 1000.000000000000000 ) ;
#4472 = EDGE_CURVE ( 'NONE', #2314, #4130, #3349, .T. ) ;
#4473 = CARTESIAN_POINT ( 'NONE',  ( 7.349999999999996092, -20.32857874710332169, 17.49999999999999645 ) ) ;
#4474 = EDGE_CURVE ( 'NONE', #1428, #1539, #4020, .T. ) ;
#4475 = CARTESIAN_POINT ( 'NONE',  ( -7.849999999999997868, -24.29999999999999716, -1.500000000000003109 ) ) ;
#4476 = AXIS2_PLACEMENT_3D ( 'NONE', #3712, #1468, #2896 ) ;
#4477 = CIRCLE ( 'NONE', #4092, 0.7499999999999972244 ) ;
#4478 = CARTESIAN_POINT ( 'NONE',  ( 0.000000000000000000, -34.99999999999997868, -9.499998688697820270 ) ) ;
#4479 = ORIENTED_EDGE ( 'NONE', *, *, #170, .F. ) ;
#4480 = DIRECTION ( 'NONE',  ( -0.7071067811865482389, 2.786639248325634932E-16, -0.7071067811865467956 ) ) ;
#4481 = EDGE_LOOP ( 'NONE', ( #1475, #3328, #2107 ) ) ;
#4482 = EDGE_CURVE ( 'NONE', #1054, #3162, #2518, .T. ) ;
#4483 = SURFACE_STYLE_USAGE ( .BOTH. , #4144 ) ;
#4484 = DIRECTION ( 'NONE',  ( -0.000000000000000000, 6.162975822039154730E-31, -1.000000000000000000 ) ) ;
#4485 = VECTOR ( 'NONE', #2401, 1000.000000000000114 ) ;
#4486 = ORIENTED_EDGE ( 'NONE', *, *, #1935, .T. ) ;
#4487 =( BOUNDED_CURVE ( )  B_SPLINE_CURVE ( 3, ( #2928, #2670, #1119, #2243 ),
 .UNSPECIFIED., .F., .T. ) 
 B_SPLINE_CURVE_WITH_KNOTS ( ( 4, 4 ),
 ( 4.712388980384689674, 6.283185307179586232 ),
 .UNSPECIFIED. ) 
 CURVE ( )  GEOMETRIC_REPRESENTATION_ITEM ( )  RATIONAL_B_SPLINE_CURVE ( ( 1.000000000000000000, 0.8047378541243649375, 0.8047378541243649375, 1.000000000000000000 ) ) 
 REPRESENTATION_ITEM ( '' )  );
#4488 = EDGE_LOOP ( 'NONE', ( #3223, #4713, #2199 ) ) ;
#4489 = FACE_OUTER_BOUND ( 'NONE', #2775, .T. ) ;
#4490 = EDGE_LOOP ( 'NONE', ( #2141, #1736, #976, #2641 ) ) ;
#4491 = DIRECTION ( 'NONE',  ( 0.000000000000000000, 1.000000000000000000, 0.000000000000000000 ) ) ;
#4492 = ORIENTED_EDGE ( 'NONE', *, *, #3135, .T. ) ;
#4493 = CARTESIAN_POINT ( 'NONE',  ( -7.806188013644372425, -22.50000000000000000, -1.500000000000003109 ) ) ;
#4494 = LINE ( 'NONE', #3468, #128 ) ;
#4495 = AXIS2_PLACEMENT_3D ( 'NONE', #3596, #1116, #2188 ) ;
#4496 = VERTEX_POINT ( 'NONE', #708 ) ;
#4497 = ORIENTED_EDGE ( 'NONE', *, *, #133, .T. ) ;
#4498 = ADVANCED_FACE ( 'NONE', ( #4224 ), #2746, .F. ) ;
#4499 = AXIS2_PLACEMENT_3D ( 'NONE', #1335, #1381, #4605 ) ;
#4500 = CARTESIAN_POINT ( 'NONE',  ( 8.250000000000001776, -30.09999999999999787, -0.4999999999999779066 ) ) ;
#4501 = ADVANCED_FACE ( 'NONE', ( #2876 ), #2513, .T. ) ;
#4502 = DIRECTION ( 'NONE',  ( 1.000000000000000000, 0.000000000000000000, 0.000000000000000000 ) ) ;
#4503 = CIRCLE ( 'NONE', #2750, 1.099999999999989875 ) ;
#4504 = DIRECTION ( 'NONE',  ( 0.000000000000000000, 0.000000000000000000, 1.000000000000000000 ) ) ;
#4505 = EDGE_LOOP ( 'NONE', ( #112, #4428, #3364, #2189 ) ) ;
#4506 = CARTESIAN_POINT ( 'NONE',  ( -8.250000000000000000, -17.10000000000000142, 17.49999999999999645 ) ) ;
#4507 = DIRECTION ( 'NONE',  ( 0.7071067811865460184, 0.000000000000000000, 0.7071067811865489050 ) ) ;
#4508 = FACE_OUTER_BOUND ( 'NONE', #406, .T. ) ;
#4509 = ORIENTED_EDGE ( 'NONE', *, *, #3189, .T. ) ;
#4510 = ORIENTED_EDGE ( 'NONE', *, *, #3625, .F. ) ;
#4511 = CARTESIAN_POINT ( 'NONE',  ( -11.50000000000003730, -4.286263249555791895E-16, 17.49999999999999645 ) ) ;
#4512 = ORIENTED_EDGE ( 'NONE', *, *, #3671, .F. ) ;
#4513 = DIRECTION ( 'NONE',  ( -0.000000000000000000, -0.000000000000000000, 1.000000000000000000 ) ) ;
#4514 = DIRECTION ( 'NONE',  ( -0.000000000000000000, 6.162975822039154730E-31, -1.000000000000000000 ) ) ;
#4515 = CARTESIAN_POINT ( 'NONE',  ( 0.000000000000000000, 34.99999999999998579, -9.499998688697814941 ) ) ;
#4516 = CARTESIAN_POINT ( 'NONE',  ( -16.50000000000000000, -15.75000000000000000, -17.50000000000000355 ) ) ;
#4517 = EDGE_CURVE ( 'NONE', #3781, #1465, #2541, .T. ) ;
#4518 = DIRECTION ( 'NONE',  ( 8.659560562354934091E-17, -0.7071067811865474617, -0.7071067811865476838 ) ) ;
#4519 = ORIENTED_EDGE ( 'NONE', *, *, #199, .T. ) ;
#4520 = EDGE_LOOP ( 'NONE', ( #278, #3985, #1234 ) ) ;
#4521 = VECTOR ( 'NONE', #4082, 999.9999999999998863 ) ;
#4522 = VECTOR ( 'NONE', #2869, 1000.000000000000000 ) ;
#4523 = DIRECTION ( 'NONE',  ( 0.000000000000000000, 1.000000000000000000, 0.000000000000000000 ) ) ;
#4524 = LINE ( 'NONE', #209, #818 ) ;
#4525 = ORIENTED_EDGE ( 'NONE', *, *, #3914, .T. ) ;
#4526 = DIRECTION ( 'NONE',  ( 1.000000000000000000, 0.000000000000000000, 0.000000000000000000 ) ) ;
#4527 = DIRECTION ( 'NONE',  ( 0.000000000000000000, 0.000000000000000000, 1.000000000000000000 ) ) ;
#4528 = DIRECTION ( 'NONE',  ( 0.000000000000000000, 1.000000000000000000, 0.000000000000000000 ) ) ;
#4529 = ORIENTED_EDGE ( 'NONE', *, *, #3886, .F. ) ;
#4530 = CARTESIAN_POINT ( 'NONE',  ( -12.25000000000000000, -23.10000000000000142, 17.49999999999999645 ) ) ;
#4531 = ORIENTED_EDGE ( 'NONE', *, *, #4482, .T. ) ;
#4532 = CARTESIAN_POINT ( 'NONE',  ( -13.00000000000000000, -23.10000000000000142, 9.750645464270666807 ) ) ;
#4533 = LINE ( 'NONE', #2408, #4293 ) ;
#4534 = EDGE_CURVE ( 'NONE', #4147, #342, #2609, .T. ) ;
#4535 = DIRECTION ( 'NONE',  ( -0.000000000000000000, 6.162975822039154730E-31, -1.000000000000000000 ) ) ;
#4536 = DIRECTION ( 'NONE',  ( -0.000000000000000000, 6.162975822039154730E-31, -1.000000000000000000 ) ) ;
#4537 = VECTOR ( 'NONE', #432, 1000.000000000000000 ) ;
#4538 = FACE_OUTER_BOUND ( 'NONE', #2273, .T. ) ;
#4539 = EDGE_CURVE ( 'NONE', #4187, #3743, #2184, .T. ) ;
#4540 = LINE ( 'NONE', #3368, #3389 ) ;
#4541 = ORIENTED_EDGE ( 'NONE', *, *, #1651, .F. ) ;
#4542 = EDGE_LOOP ( 'NONE', ( #1321, #2384, #125, #2565 ) ) ;
#4543 = EDGE_CURVE ( 'NONE', #4271, #1228, #3127, .T. ) ;
#4544 = B_SPLINE_CURVE_WITH_KNOTS ( 'NONE', 3,
 ( #185, #1635, #2012, #2036 ),
 .UNSPECIFIED., .F., .F.,
 ( 4, 4 ),
 ( 2.715271730114204972E-17, 0.001714047318848914946 ),
 .UNSPECIFIED. ) ;
#4545 = DIRECTION ( 'NONE',  ( 1.000000000000000000, 0.000000000000000000, 0.000000000000000000 ) ) ;
#4546 = DIRECTION ( 'NONE',  ( -0.000000000000000000, -0.000000000000000000, 1.000000000000000000 ) ) ;
#4547 = ORIENTED_EDGE ( 'NONE', *, *, #1793, .T. ) ;
#4548 = CARTESIAN_POINT ( 'NONE',  ( -9.250000000000001776, -29.10000000000000497, 17.09999999999999787 ) ) ;
#4549 = CONICAL_SURFACE ( 'NONE', #4166, 29.48577027834452124, 0.7853981633974145282 ) ;
#4550 = AXIS2_PLACEMENT_3D ( 'NONE', #132, #1577, #3032 ) ;
#4551 = PLANE ( 'NONE',  #3367 ) ;
#4552 = DIRECTION ( 'NONE',  ( -1.000000000000000000, 0.000000000000000000, 0.000000000000000000 ) ) ;
#4553 = ORIENTED_EDGE ( 'NONE', *, *, #3481, .T. ) ;
#4554 = CARTESIAN_POINT ( 'NONE',  ( -7.806188013644372425, -22.00000000000000000, -7.000000000000002665 ) ) ;
#4555 = EDGE_LOOP ( 'NONE', ( #3961, #4125, #1440, #72 ) ) ;
#4556 = LINE ( 'NONE', #1291, #1010 ) ;
#4557 = ADVANCED_FACE ( 'NONE', ( #45 ), #4093, .F. ) ;
#4558 = DIRECTION ( 'NONE',  ( 1.000000000000000000, 0.000000000000000000, 0.000000000000000000 ) ) ;
#4559 = DIRECTION ( 'NONE',  ( -2.051189749233279514E-16, 1.000000000000000000, 0.000000000000000000 ) ) ;
#4560 = EDGE_CURVE ( 'NONE', #2762, #3275, #2948, .T. ) ;
#4561 = CARTESIAN_POINT ( 'NONE',  ( -16.50000000000000000, -17.24999999999999289, -10.75064546427067391 ) ) ;
#4562 = AXIS2_PLACEMENT_3D ( 'NONE', #3521, #4568, #3447 ) ;
#4563 = ADVANCED_FACE ( 'NONE', ( #1184 ), #3740, .T. ) ;
#4564 = DIRECTION ( 'NONE',  ( -0.7071067811865516806, 8.659560562354983395E-17, 0.7071067811865434649 ) ) ;
#4565 = DIRECTION ( 'NONE',  ( 0.000000000000000000, -0.7071067811865505703, -0.7071067811865444641 ) ) ;
#4566 = ORIENTED_EDGE ( 'NONE', *, *, #4682, .T. ) ;
#4567 = ORIENTED_EDGE ( 'NONE', *, *, #2227, .T. ) ;
#4568 = DIRECTION ( 'NONE',  ( -0.000000000000000000, -1.049697225128599695E-16, 1.000000000000000000 ) ) ;
#4569 = VECTOR ( 'NONE', #3121, 1000.000000000000000 ) ;
#4570 = CARTESIAN_POINT ( 'NONE',  ( -16.50000000000000000, -16.49999999999999645, -17.00000000000000355 ) ) ;
#4571 = VERTEX_POINT ( 'NONE', #3761 ) ;
#4572 = CIRCLE ( 'NONE', #3889, 29.48577027834452124 ) ;
#4573 = DIRECTION ( 'NONE',  ( 0.000000000000000000, -1.049697225128599695E-16, 1.000000000000000000 ) ) ;
#4574 = CARTESIAN_POINT ( 'NONE',  ( 9.250000000000001776, -29.10000000000000142, 17.09999999999999787 ) ) ;
#4575 = LINE ( 'NONE', #1309, #1351 ) ;
#4576 = ORIENTED_EDGE ( 'NONE', *, *, #3269, .T. ) ;
#4577 = CARTESIAN_POINT ( 'NONE',  ( -9.249999999999998224, -19.09999999999999787, -7.000000000000002665 ) ) ;
#4578 = EDGE_LOOP ( 'NONE', ( #879, #3139, #38, #900 ) ) ;
#4579 = CARTESIAN_POINT ( 'NONE',  ( -8.250000000000001776, -29.10000000000000142, -7.000000000000002665 ) ) ;
#4580 = PLANE ( 'NONE',  #2088 ) ;
#4581 = EDGE_CURVE ( 'NONE', #2046, #2954, #474, .T. ) ;
#4582 = CARTESIAN_POINT ( 'NONE',  ( 16.50000000000000000, 16.49999999999999645, -17.50000000000000355 ) ) ;
#4583 = DIRECTION ( 'NONE',  ( 1.416100796715760617E-16, -1.000000000000000000, 0.000000000000000000 ) ) ;
#4584 = CARTESIAN_POINT ( 'NONE',  ( -7.360214704941548725, -20.36015603691711817, -1.389785295058420411 ) ) ;
#4585 = EDGE_CURVE ( 'NONE', #1144, #3299, #1538, .T. ) ;
#4586 = DIRECTION ( 'NONE',  ( 0.000000000000000000, -1.000000000000000000, -1.156482317317871478E-16 ) ) ;
#4587 = VERTEX_POINT ( 'NONE', #4478 ) ;
#4588 = ORIENTED_EDGE ( 'NONE', *, *, #3250, .F. ) ;
#4589 = DIRECTION ( 'NONE',  ( -0.000000000000000000, -1.049697225128599695E-16, 1.000000000000000000 ) ) ;
#4590 = CARTESIAN_POINT ( 'NONE',  ( -13.00000000000000000, -23.10000000000000142, 15.99999999999999645 ) ) ;
#4591 = AXIS2_PLACEMENT_3D ( 'NONE', #1508, #3703, #3728 ) ;
#4592 = ORIENTED_EDGE ( 'NONE', *, *, #2003, .F. ) ;
#4593 = AXIS2_PLACEMENT_3D ( 'NONE', #1772, #3225, #590 ) ;
#4594 = AXIS2_PLACEMENT_3D ( 'NONE', #4225, #3491, #1604 ) ;
#4595 = VERTEX_POINT ( 'NONE', #829 ) ;
#4596 = DIRECTION ( 'NONE',  ( 0.000000000000000000, 1.000000000000000000, 9.042362910677311526E-17 ) ) ;
#4597 = AXIS2_PLACEMENT_3D ( 'NONE', #4245, #4695, #4317 ) ;
#4598 = CIRCLE ( 'NONE', #2613, 0.5000000000000004441 ) ;
#4599 = EDGE_CURVE ( 'NONE', #3110, #720, #2672, .T. ) ;
#4600 = DIRECTION ( 'NONE',  ( 0.000000000000000000, -1.049697225128599695E-16, 1.000000000000000000 ) ) ;
#4601 = CYLINDRICAL_SURFACE ( 'NONE', #3776, 1.000000000000000888 ) ;
#4602 = ORIENTED_EDGE ( 'NONE', *, *, #2744, .T. ) ;
#4603 = ADVANCED_FACE ( 'NONE', ( #2588 ), #1158, .T. ) ;
#4604 = AXIS2_PLACEMENT_3D ( 'NONE', #3721, #1854, #2974 ) ;
#4605 = DIRECTION ( 'NONE',  ( -1.000000000000000000, -1.047444401652939849E-14, 0.000000000000000000 ) ) ;
#4606 = VERTEX_POINT ( 'NONE', #496 ) ;
#4607 = CARTESIAN_POINT ( 'NONE',  ( 16.50000000000000000, 16.49999999999999645, -17.50000000000000355 ) ) ;
#4608 = CARTESIAN_POINT ( 'NONE',  ( -9.099999999999997868, -22.50000000000000000, -7.000000000000002665 ) ) ;
#4609 = CARTESIAN_POINT ( 'NONE',  ( 7.603329890623526488, -22.50000000000000000, -1.146670109376447977 ) ) ;
#4610 = DIRECTION ( 'NONE',  ( 1.000000000000000000, 0.000000000000000000, 0.000000000000000000 ) ) ;
#4611 = LINE ( 'NONE', #1343, #2100 ) ;
#4612 = DIRECTION ( 'NONE',  ( 1.000000000000000000, 0.000000000000000000, 0.000000000000000000 ) ) ;
#4613 = ORIENTED_EDGE ( 'NONE', *, *, #48, .F. ) ;
#4614 = VECTOR ( 'NONE', #4637, 1000.000000000000000 ) ;
#4615 = ORIENTED_EDGE ( 'NONE', *, *, #1956, .T. ) ;
#4616 = CYLINDRICAL_SURFACE ( 'NONE', #2278, 0.5000000000000004441 ) ;
#4617 = VECTOR ( 'NONE', #2277, 1000.000000000000114 ) ;
#4618 = EDGE_CURVE ( 'NONE', #3762, #229, #4503, .T. ) ;
#4619 = AXIS2_PLACEMENT_3D ( 'NONE', #2439, #155, #3892 ) ;
#4620 = CARTESIAN_POINT ( 'NONE',  ( -1.719844002960908336, -30.95225575956424535, 17.49999999999999645 ) ) ;
#4621 = ORIENTED_EDGE ( 'NONE', *, *, #2433, .T. ) ;
#4622 = EDGE_CURVE ( 'NONE', #2011, #3048, #97, .T. ) ;
#4623 = ORIENTED_EDGE ( 'NONE', *, *, #4100, .T. ) ;
#4624 = EDGE_CURVE ( 'NONE', #3239, #3781, #1590, .T. ) ;
#4625 = CARTESIAN_POINT ( 'NONE',  ( 10.25000000000000178, -27.10000000000000142, 17.09999999999999787 ) ) ;
#4626 = DIRECTION ( 'NONE',  ( 0.000000000000000000, 0.000000000000000000, -1.000000000000000000 ) ) ;
#4627 = CARTESIAN_POINT ( 'NONE',  ( -10.25000000000000178, -27.10000000000000497, 17.49999999999999645 ) ) ;
#4628 = ORIENTED_EDGE ( 'NONE', *, *, #636, .F. ) ;
#4629 = EDGE_CURVE ( 'NONE', #1535, #1591, #3054, .T. ) ;
#4630 = CONICAL_SURFACE ( 'NONE', #3176, 30.99999999999997513, 0.7853981633974466137 ) ;
#4631 = CARTESIAN_POINT ( 'NONE',  ( -4.375000000000000000, -21.19999999999999574, -17.50000000000000355 ) ) ;
#4632 = ORIENTED_EDGE ( 'NONE', *, *, #541, .F. ) ;
#4633 = DIRECTION ( 'NONE',  ( -0.000000000000000000, 6.162975822039154730E-31, -1.000000000000000000 ) ) ;
#4634 = AXIS2_PLACEMENT_3D ( 'NONE', #1809, #2597, #411 ) ;
#4635 = DIRECTION ( 'NONE',  ( 0.000000000000000000, 0.000000000000000000, 1.000000000000000000 ) ) ;
#4636 = DIRECTION ( 'NONE',  ( -1.000000000000000000, -1.416100796715760863E-16, -1.486477076814933460E-32 ) ) ;
#4637 = DIRECTION ( 'NONE',  ( -0.000000000000000000, -0.000000000000000000, 1.000000000000000000 ) ) ;
#4638 = FACE_OUTER_BOUND ( 'NONE', #853, .T. ) ;
#4639 = ORIENTED_EDGE ( 'NONE', *, *, #1731, .T. ) ;
#4640 = AXIS2_PLACEMENT_3D ( 'NONE', #4262, #995, #2094 ) ;
#4641 = ORIENTED_EDGE ( 'NONE', *, *, #1011, .F. ) ;
#4642 = DIRECTION ( 'NONE',  ( 0.000000000000000000, 0.000000000000000000, 1.000000000000000000 ) ) ;
#4643 = CARTESIAN_POINT ( 'NONE',  ( 7.380487804878044678, -20.44036649973204689, -1.369512195121931786 ) ) ;
#4644 = EDGE_CURVE ( 'NONE', #530, #4681, #3327, .T. ) ;
#4645 = ORIENTED_EDGE ( 'NONE', *, *, #1052, .T. ) ;
#4646 = DIRECTION ( 'NONE',  ( -0.000000000000000000, -0.000000000000000000, -1.000000000000000000 ) ) ;
#4647 = DIRECTION ( 'NONE',  ( 0.7071067811865474617, 0.000000000000000000, 0.7071067811865474617 ) ) ;
#4648 = DIRECTION ( 'NONE',  ( 1.000000000000000000, 0.000000000000000000, 0.000000000000000000 ) ) ;
#4649 = VERTEX_POINT ( 'NONE', #1873 ) ;
#4650 = VECTOR ( 'NONE', #4072, 1000.000000000000000 ) ;
#4651 = CARTESIAN_POINT ( 'NONE',  ( 3.673940397442059178E-15, 30.00000000000000355, -14.64288448352113114 ) ) ;
#4652 = ORIENTED_EDGE ( 'NONE', *, *, #2, .F. ) ;
#4653 = CARTESIAN_POINT ( 'NONE',  ( -9.649999999999979039, -19.09999999999999787, 16.49999999999999645 ) ) ;
#4654 = AXIS2_PLACEMENT_3D ( 'NONE', #2477, #1315, #3929 ) ;
#4655 = CARTESIAN_POINT ( 'NONE',  ( -9.099999999999997868, -24.29999999999999716, -7.000000000000002665 ) ) ;
#4656 = CARTESIAN_POINT ( 'NONE',  ( -11.50000000000000178, -23.10000000000000142, 16.49999999999999645 ) ) ;
#4657 = EDGE_LOOP ( 'NONE', ( #4337, #2073, #1758, #2287 ) ) ;
#4658 = VERTEX_POINT ( 'NONE', #1944 ) ;
#4659 = ADVANCED_FACE ( 'NONE', ( #3016 ), #2640, .T. ) ;
#4660 = CARTESIAN_POINT ( 'NONE',  ( 3.214697902507782051E-15, 1.348114020499964654E-15, -12.84288448352115886 ) ) ;
#4661 = LINE ( 'NONE', #3137, #4673 ) ;
#4662 = ORIENTED_EDGE ( 'NONE', *, *, #3080, .T. ) ;
#4663 = DIRECTION ( 'NONE',  ( -0.000000000000000000, -1.049697225128599695E-16, 1.000000000000000000 ) ) ;
#4664 = CARTESIAN_POINT ( 'NONE',  ( -3.214697902507782051E-15, 1.348114020499919886E-15, -12.84288448352115886 ) ) ;
#4665 = DIRECTION ( 'NONE',  ( 1.000000000000000000, 1.416100796715760617E-16, 1.486477076814933186E-32 ) ) ;
#4666 = VECTOR ( 'NONE', #202, 1000.000000000000000 ) ;
#4667 = DIRECTION ( 'NONE',  ( -0.000000000000000000, -0.000000000000000000, 1.000000000000000000 ) ) ;
#4668 = ORIENTED_EDGE ( 'NONE', *, *, #53, .F. ) ;
#4669 = AXIS2_PLACEMENT_3D ( 'NONE', #431, #4432, #478 ) ;
#4670 = CONICAL_SURFACE ( 'NONE', #184, 1.250000000000001110, 0.7853981633974482790 ) ;
#4671 = DIRECTION ( 'NONE',  ( 0.000000000000000000, -6.162975822039154730E-31, 1.000000000000000000 ) ) ;
#4672 = ORIENTED_EDGE ( 'NONE', *, *, #3827, .F. ) ;
#4673 = VECTOR ( 'NONE', #1035, 1000.000000000000114 ) ;
#4674 = LINE ( 'NONE', #1717, #3453 ) ;
#4675 = EDGE_CURVE ( 'NONE', #2222, #2857, #778, .T. ) ;
#4676 = AXIS2_PLACEMENT_3D ( 'NONE', #4334, #3574, #267 ) ;
#4677 = LINE ( 'NONE', #343, #1730 ) ;
#4678 = EDGE_CURVE ( 'NONE', #4348, #2844, #425, .T. ) ;
#4679 = CARTESIAN_POINT ( 'NONE',  ( -8.250000000000000000, -17.10000000000000142, 17.09999999999999787 ) ) ;
#4680 = ORIENTED_EDGE ( 'NONE', *, *, #2092, .F. ) ;
#4681 = VERTEX_POINT ( 'NONE', #2065 ) ;
#4682 = EDGE_CURVE ( 'NONE', #3311, #2941, #3515, .T. ) ;
#4683 = CARTESIAN_POINT ( 'NONE',  ( 8.250000000000000000, -16.10000000000000142, 17.09999999999999787 ) ) ;
#4684 = VECTOR ( 'NONE', #1879, 1000.000000000000000 ) ;
#4685 = DIRECTION ( 'NONE',  ( -1.264143283093925980E-46, 6.162975822039154730E-31, -1.000000000000000000 ) ) ;
#4686 = ORIENTED_EDGE ( 'NONE', *, *, #1439, .F. ) ;
#4687 = VECTOR ( 'NONE', #4168, 1000.000000000000000 ) ;
#4688 = DIRECTION ( 'NONE',  ( -0.000000000000000000, -0.000000000000000000, 1.000000000000000000 ) ) ;
#4689 = FACE_OUTER_BOUND ( 'NONE', #2823, .T. ) ;
#4690 = CARTESIAN_POINT ( 'NONE',  ( -9.250000000000001776, -29.10000000000000142, -7.000000000000002665 ) ) ;
#4691 = DIRECTION ( 'NONE',  ( -0.000000000000000000, 6.162975822039154730E-31, -1.000000000000000000 ) ) ;
#4692 = VERTEX_POINT ( 'NONE', #2781 ) ;
#4693 = CARTESIAN_POINT ( 'NONE',  ( 12.25000000000000000, -23.09999999999999787, 16.49999999999999645 ) ) ;
#4694 = ORIENTED_EDGE ( 'NONE', *, *, #1750, .T. ) ;
#4695 = DIRECTION ( 'NONE',  ( -0.000000000000000000, 6.162975822039154730E-31, -1.000000000000000000 ) ) ;
#4696 = EDGE_LOOP ( 'NONE', ( #938, #865, #3171, #4668, #3980 ) ) ;
#4697 = DIRECTION ( 'NONE',  ( 0.7071067811865450192, 0.000000000000000000, 0.7071067811865500152 ) ) ;
#4698 = EDGE_CURVE ( 'NONE', #2460, #1144, #520, .T. ) ;
#4699 = EDGE_CURVE ( 'NONE', #1729, #4078, #1072, .T. ) ;
#4700 = AXIS2_PLACEMENT_3D ( 'NONE', #730, #802, #2258 ) ;
#4701 = CARTESIAN_POINT ( 'NONE',  ( -7.507157676348547248, -20.94153548953538646, -1.242842323651425884 ) ) ;
#4702 = ORIENTED_EDGE ( 'NONE', *, *, #2018, .T. ) ;
#4703 = VERTEX_POINT ( 'NONE', #2756 ) ;
#4704 = LINE ( 'NONE', #303, #3145 ) ;
#4705 = LINE ( 'NONE', #2582, #2532 ) ;
#4706 = CONICAL_SURFACE ( 'NONE', #301, 0.7499999999999972244, 1.029744258676652979 ) ;
#4707 = ORIENTED_EDGE ( 'NONE', *, *, #1784, .T. ) ;
#4708 = VECTOR ( 'NONE', #3181, 1000.000000000000000 ) ;
#4709 = CARTESIAN_POINT ( 'NONE',  ( -7.380487804878043789, -21.95963350026795524, -1.369512195121928455 ) ) ;
#4710 = DIRECTION ( 'NONE',  ( 0.000000000000000000, 1.049697225128599695E-16, -1.000000000000000000 ) ) ;
#4711 = LINE ( 'NONE', #2832, #3103 ) ;
#4712 = PLANE ( 'NONE',  #1450 ) ;
#4713 = ORIENTED_EDGE ( 'NONE', *, *, #4678, .T. ) ;
ENDSEC;
END-ISO-10303-21;
